rl,E_relaxed
3.03993899561,-13762.841936706
3.89510900511,-9651.39817942079
3.33452430601,-8565.73460945893
3.57508184793,-11237.6759056322
4.59371179526,-13610.7210325178
3.72898923902,-11739.5213368221
2.91879650541,-12863.2909298937
3.2627323062,-12399.4613729228
4.22413105739,-14595.8273459344
3.55148505617,-12165.436655594
7.80080641844,-8189.44838215172
3.8467870778,-11723.3200362187
6.47664014732,-13312.090896431
4.84510480008,-10347.2834760684
2.84104719554,-12184.6831013988
3.47978678699,-8800.51015415533
7.68407138037,-12003.9209928385
4.96445580921,-15904.3159637197
3.17721973945,-14635.6731801863
3.16017328357,-11162.463886331
2.68916879417,-20616.403409848
3.69172561699,-12990.4033757473
4.21639052216,-9079.87753129505
2.99329899423,-12410.8200237407
2.68643392,-11309.1390720128
3.16700925049,-9569.35549119406
4.093366894,-8749.431731096
4.6206933398,-11065.5001944553
3.87355397855,-13528.2234145266
3.3506465669,-10001.2961591314
3.21512957984,-9763.86197899597
4.78416830415,8358799.31593473
4.22074257665,-12602.5906016265
2.87171442386,-11170.6356706217
8.01886281757,-10358.5764632322
3.98064473599,-11170.0548954097
3.34919587057,-15481.2041228649
7.26955911554,-10047.2213482532
6.90970136493,-9705.43719448603
3.74500885623,-12917.0368685488
7.98298452223,-12159.2836002119
4.64302074795,-9032.87413890535
8.10778119737,-11692.7557698761
4.60716521967,-7483.44848287394
4.11872235449,-9964.21583668851
4.43708443014,-13562.8236537775
3.74493217002,-11329.2498283576
3.50986537507,-9075.70764795792
4.98464254013,-12218.4034133316
7.98545899101,350595.092540433
2.98636015065,-10378.9997692494
3.04943125675,-10350.6590511021
5.62873656047,-8586.00860492934
5.41759885964,-14514.965166994
4.07301427367,-13807.3845659832
4.03949417534,-11462.0912938751
3.06737971959,-16940.0746870834
4.31552386062,-15836.3979086664
3.11555132191,-11124.3941415358
4.34009268185,-6061.50387412205
4.70764195027,90291.0328995111
5.27959592345,-10384.4644733101
2.95815039833,-14766.3267400122
3.58883301942,-14614.0619660032
7.50169762438,-13427.9757637349
4.38992859139,-11934.5001647213
3.25154574779,-12073.3832901269
4.49113865007,-9444.53028161379
4.19195329564,-16906.9840748862
5.82435468087,370.121529584929
2.87781574498,-11714.8401393521
4.27090686302,-13569.0599151623
3.98104871327,-12389.9883073941
3.721063575,-11075.6598167523
3.51481361629,-9797.58974033888
7.52401193614,-13148.1150281543
3.87879617118,-11889.3934337605
3.11949263828,545064515.37616
2.97454506143,-17349.4134351869
3.28626298339,-10910.3212682947
2.88885330065,-14514.9188102109
4.29446408748,-9420.17331573711
4.08964362893,-14749.9307981274
3.51018317897,-14511.4882187616
4.60083154516,-11837.5891445252
4.53627822378,-8622.70202699345
4.7890815736,-12553.9310210481
3.16527591568,-15228.2037662704
4.28988300195,-13438.400250504
3.42763667788,-12653.1095453648
8.26804250452,-11364.6990644564
3.14382680911,-9238.50745393555
4.46167094611,-13770.2240881037
2.93217192052,-14737.2526347106
4.32669110595,-10097.3990482558
3.90959464771,-13096.3982268345
3.16136840106,61101182.861033
3.46137721552,-11715.0248170405
3.62220800972,-14501.1504299039
3.38852078979,-13226.8120672048
2.99730326157,-11188.8734376059
3.01668702075,195111690.474892
3.06635225306,-4830.33118251367
4.71741850384,157631.435455244
5.12640295486,-8822.77866573559
3.91395078516,-11347.2161621916
5.73965711889,-10879.0496208685
2.79248223842,-12277.7082484069
7.75512757796,-12917.2428774668
3.15445309875,-12568.4612310989
3.96980491686,-11432.220608115
3.73358919252,-13327.149363664
3.08606064136,-13386.7123538436
3.12629897646,-15468.286075007
3.2677236444,-10245.3596178691
4.35982647238,-8998.99558879786
3.67665846042,-15641.9120097204
3.82056909992,-12529.5687811059
3.9081378319,-10568.92448549
4.62693331034,-14945.4347649806
3.67842772814,-15340.5898798291
3.18680167649,-12432.0317244959
4.437169754,-11686.8575900375
3.85605811342,-18142.038141246
4.13620796166,-13065.9498719515
7.50271415297,-16360.6275767685
3.23198546782,-11754.0134124207
3.75355325627,-9927.34939101282
4.40260795677,-11711.7401836335
7.97000545786,-10603.2893392694
4.79216965255,-14157.039717821
6.75452958809,-7613.36126880519
3.48396330485,-8530.60249683238
7.60618171818,-13158.7249635131
4.1391901194,-10947.1690119308
3.47959312654,184808751.166579
3.58826424927,-10163.6066304412
4.02281204753,-9991.53884811407
2.6188667242,-10891.9882258448
3.07306462202,-13299.3224586407
5.3046611469,-12523.7182466214
3.61047500845,-12647.9855426268
5.301448742,-7499.176463521991
3.03431499483,-7341.48000962266
7.74431702952,-8369.33510569289
3.92350253647,-12729.3834211841
3.99260634085,-11118.7960749255
6.19476816379,-12860.5879938965
3.23182029496,4661199.24542921
2.93981396841,-12729.1179970703
5.61946093648,-14050.6678733287
3.17194141979,-13790.0926827929
3.46877201354,-9503.75380855287
3.28983252605,-10108.1695937421
5.95845802276,9.18440891818068e+17
3.91365512619,-10377.0060096788
8.33725284102,-8625.08714883741
3.19944600969,-13462.3543208896
4.10599358702,-17480.0922751442
3.38234357385,-10380.5934895746
3.94504793423,-10701.5450032666
3.70362071709,-13318.5863315248
3.07082344823,-12735.9899963108
2.98747480004,-11364.9470061796
5.17818653126,-10888.7197478355
3.55812160676,-8565.69692534219
3.97271355515,-9824.77112285517
4.11414167584,-12223.5483224902
3.67151376283,-8963.94036320822
6.7467723139,-9704.9572768314
8.07902952514,-14757.8063231758
7.9575984086,-10954.2095132157
3.54704163364,538833781.898626
3.90549142058,-7910.53543951021
3.85410455241,-10496.2015436427
4.23214364234,-8696.71969602691
3.70956510239,-10112.7963306144
3.59214081609,-13671.7607458769
4.22450010887,-13658.7472910239
3.61393781288,-14792.9704121961
5.37968444524,-11431.5319544645
3.60829460444,-8995.50123638939
2.82526151089,-13349.734895316
2.58073538008,-15863.9496668762
3.9719095568,-9825.41360941428
3.35571414544,-10884.9030558243
2.45145475587,-10696.4768606788
4.2239863751,-11576.8996161857
3.41906251061,-11514.1081687604
4.45476129571,-13418.7617480726
5.52384021572,-8875.6640439269
7.59010598557,-9066.74382501812
4.58649742339,-9779.75448684238
3.77140690066,-13299.4584634312
3.29590452285,-13721.2036568265
4.91709114792,-7654.86747692267
5.00474070295,-13349.4816553399
3.13585452636,-8412.77131486308
4.30871336668,-9283.67131401638
3.00377043759,42409738.9894778
3.41629180991,-9525.59844608717
2.94255304002,-14155.301668567
4.21073171297,-14178.9421296324
5.51575447309,-12409.2936862568
3.06706741483,-14597.0176979673
3.66328663378,-11703.2194585479
4.5157514061,-13662.5965686931
7.87600721651,-10916.5804635653
3.37300306045,-9877.1740057691
4.0604286267,-9605.52600602651
3.11332516316,-12981.7471956864
4.08474409459,-12093.3834082278
5.64446297819,-15741.7352837582
4.41115714292,-11759.652436515
5.53225101285,-12881.3376135183
2.90701720951,-13551.1764592908
4.05319063372,-12821.4041224892
4.35555822639,-9960.32819816468
3.65611488611,-12408.6466389327
5.47287422655,-7786.8270130807505
4.42108581626,-14654.6187836434
5.81203708698,-9395.25721741631
2.73281346744,-14948.7548392806
7.61902523671,-9976.01881470276
5.01906614295,-7957.25304932216
5.32613899828,-15865.733634599
7.91587389575,-11234.3316649974
3.70894535853,-15822.1474479397
3.62421942917,-9757.49292062216
5.5397396946,-15065.8930030448
4.53734614025,-11065.3197025381
3.32273349331,-15284.9379599041
3.52205183361,-13467.8325195685
5.0751544423,-11580.8973053019
2.9284850609,-14195.6593903499
3.48525679716,112824.485919013
4.08823219981,-11670.0940496682
4.39753166063,-16161.0406792108
2.93336641926,-5554.25590007851
6.27733755493,-12492.5553137685
7.91710271601,-10769.6206566499
3.46319198966,-13417.6542537118
3.70161916225,-12108.8471121896
3.06556436846,-12903.7057000099
2.91702495883,-14755.7128223228
3.16316359254,-10409.5815544157
3.7951643906,-12207.1445821915
3.38704689806,-12500.1001123927
3.28513752047,-12923.5244803348
8.15539576385,-13752.4239626308
4.26122278496,-11028.7848393465
7.9260359934,-10977.210428547
4.193415127,-15114.0894808762
2.81157885534,-8808.27176984668
3.67582587582,-11339.4974424348
6.12614756497,-10872.5499033351
7.41777661166,-9723.92919270669
3.7221138718,-13922.1046158281
2.71495491364,-17195.7351019341
7.65068718136,-6773.82867913106
5.20623243882,-17715.3663901442
3.04126919858,-14422.2822622423
4.49112525792,-13270.3746499741
3.59324396221,-10920.2270725196
5.27554661148,-2115.74092048959
3.28532797471,-13349.3801255214
3.23460928764,10109289.4071983
3.23360297749,-13938.3399923023
3.20091205974,-13432.0199004327
7.1720697273,-9779.80187979022
7.89943965545,-8871.19566115461
3.80839990671,-15068.7922777283
7.88759696917,-12087.4430061043
3.35160760534,-11392.84354525
3.04134306225,-10747.3309265047
3.23524909504,-10435.1185195179
7.85150087747,-15480.5391573081
3.05447491736,-10954.0171307409
4.16851556407,-10124.9520842369
2.84718875827,-6273.910876559809
3.12766640847,-7810.97888816825
3.24219743346,-12603.4506174758
8.01041311015,-11234.1432866485
3.94018870929,-8375.80681118513
2.96772602713,-12570.29219054
3.22274363516,-6681.98962152936
3.78450375896,-11746.3138807471
3.76364277348,-10602.5741728643
2.96715729087,-10658.9254831655
3.29755348943,-10036.2506503611
4.06303059913,-10157.8562314086
4.65432483724,-10212.943147886
3.40557898685,-15170.7702905085
3.11013722429,-12192.7876392177
3.15272689756,-13969.5858302188
2.7401979608,-12665.3775594777
3.39974725906,-16342.5317099336
8.15170953225,2134.60355011511
3.09647258579,-9042.66227228185
7.44776580629,-14002.5624145559
3.19881694052,-12109.2572358015
7.71009635453,2393239.63850478
2.70737961142,-15153.5750830335
6.23092195934,-9203.22323869949
4.36854318456,-13216.8294194624
5.03156349454,-9354.79013103603
3.83340953242,-13908.7789242469
4.68887108334,-8394.19014538933
7.7266513259,-13833.6233406687
3.59185802435,-10568.887520186
5.80645043567,-7908.2837458521
3.4665414922,-11989.966264937
2.93610187134,-11804.4789214521
3.6528926854,-11132.7395323012
5.50507703171,-10527.6039551202
3.85699029777,-11089.138848295
7.72417464212,-4774.16090500131
7.61993628781,-3214.88343798756
2.56456654818,-10953.4532491518
3.2191184254,-10769.4524580569
4.71231148659,-10243.7272621881
7.81033288604,-11565.0703159358
3.93698116563,-12287.6459936948
3.42526447271,-12355.370726052
4.65586329882,-11911.7110056837
4.44259764598,-10756.7363185541
3.28807401944,-13654.2868049344
3.84613307246,-14813.3837544099
3.57167928824,-13412.5087672298
6.12143484983,-15333.2732093312
7.68689977698,-11432.4902136648
3.44989378545,-11790.6774827303
3.85391249584,-10467.2935998876
3.91168123964,-11647.1849455237
4.64975164078,-9751.37329551942
4.6972385103,-10832.2643724594
3.69333454029,3047377515.85491
5.24388706667,-12054.0760128745
5.17295998278,-8984.06019979852
3.99705870693,-11090.0678449673
3.59605853636,-11153.6647783471
7.56837875666,-14604.1492076826
7.86394238708,-9769.35436304891
3.85575966663,-12228.6275356965
3.41927116197,-8260.60922704338
3.04664906587,-13916.8393337746
3.83658486504,4140333.71866387
2.99346109819,-10626.1392139635
7.76601460546,-12117.0293432064
3.0994873269,-16311.2873424452
2.91367480942,-15168.8733938869
2.98806924453,-11654.1119533043
3.34082473905,-11832.1413523062
4.98907456172,-11594.1883341115
2.78761292772,-13786.7040221382
2.77239216595,-9865.05210876556
3.86199000139,-8011.53975437255
3.12377996167,-11227.29290175
8.20645642727,-12555.2795034648
5.81417457755,-2693.32540301771
3.02166629643,-9079.20371838293
3.09211303221,-13452.1647047611
2.75739033492,-9504.4735450771
6.31783125913,-11528.6793821313
2.97672277372,-11060.7566925623
7.97256140475,-15673.8165246762
2.71758236768,-13832.1331423125
7.6525890768,-11766.5416133114
2.88579324601,-10079.6740613686
8.05485635046,24977386.0937577
7.65390836142,-9571.1804297739
4.3245441219,-11775.4259831421
3.74547958172,-12349.3411071074
4.24228265822,-13160.4140313762
3.22998902594,-13073.9673095995
8.10659814142,-11614.7164549679
3.66063872987,-11413.1760997593
3.34378746076,-10709.2976430767
4.05153149032,368736518.724147
5.26435165303,-15682.6646607098
3.70422467107,-8027.97905466336
3.40559192879,-10303.870119308
6.85119209072,-3057.19180272582
7.80061033548,-9740.03087213953
3.59202016293,-12087.9931988348
7.63888766461,-6765.51261910968
4.3862279933,-12942.9790338677
3.16685869245,-8855.79669493503
4.15266224861,-10801.9086640433
3.19230305324,-12267.358848655
3.0488111551,-13299.5287788144
3.10263272908,-15858.9214781231
3.54728417556,-9700.90691634012
5.43184979247,41386813346285.7
4.10719644841,-12893.0128570486
3.92685589803,-9744.66422354152
4.65187436087,-13075.3010125065
5.95802317519,-11554.4233342647
4.26813790953,-8739.73829975823
3.93865411744,-12134.2166396669
4.81256585701,-9896.53819474815
3.36678354954,-15411.5815947777
5.64582246408,4961549.1355938
3.04335151561,-13572.6500262204
7.71473939259,-11131.0485574637
8.05285613372,-12733.3604041806
3.50616971232,-10670.2330360174
3.59581122318,-10843.9769507554
7.70923191724,-16633.3049944225
3.62153536007,-8039.5650429115
4.63603907582,-12883.7383913681
7.85712309496,-10821.1339206429
8.49916022511,-10808.3421331418
2.64377588131,-14470.3975506241
3.21953076413,-9947.81498681892
3.50524747009,-15768.3395430959
8.25492556396,-7669.464281858551
3.59088612802,-14162.979521652
3.07952586641,-10650.9391089009
4.02422063758,-11412.9412071154
3.39545295968,-10613.5521759098
3.34709719858,-7516.15480584936
2.94365869683,-15276.5580193504
3.74971634968,-11673.3575072161
4.63801781694,-11138.6828379061
2.99641641317,-15105.393391024
3.61007445436,-13816.4904002122
3.37143998776,-12874.5622392549
3.40500834157,-9262.36107478639
4.44844491838,-14774.6552202901
3.68642218728,-9652.83380573171
7.39282439478,-15563.5626175072
3.09765726954,-5736.53999656248
6.08945370149,1.80715775129097e+19
3.88813830308,-10771.3066361469
3.16552125797,-14763.3708182297
4.13557187406,-15284.6598174192
3.81118876052,-13414.2511470835
4.03232810284,-15050.0144200695
3.17382924524,11160.928791224
8.13879619584,-10369.8490550079
5.16250097792,-10025.4593759474
3.40793164755,-9885.83926467315
2.92494210588,-10761.7685044545
3.71503523091,-15238.5408785655
3.92820635206,-11957.1945264344
2.86249306977,-7121.36908785231
7.95158590021,-12009.8966794997
4.19670789576,-7153.16779716156
5.34039154786,1655810614764.04
3.34606793075,-10395.4315024684
2.6636083777,-9498.46157070687
7.99662192031,-14078.1966846532
2.97550509971,-13107.9954257456
3.38946329795,-10923.2573932005
7.74219280594,-12162.9324822999
3.27196445627,82322333.1329142
2.84036753407,-11099.1802810931
4.76641116773,-9082.22248658489
4.47406768848,-18647.7153918426
3.54958601923,-11670.6370638597
3.52017082275,-15795.5509718112
3.03036104695,-14385.5515891458
3.81968982715,-13035.535386224
3.34638487946,-13043.5007248212
3.52114467157,-9919.61514472448
4.01002974109,-11994.8504370206
2.7310700362,-12961.2714967276
5.22175628595,-12927.5297927145
8.17368240888,-12042.6627582105
4.25816001087,889686.841885782
3.59315419144,-12513.4188659947
3.84538761868,-12877.0402518424
4.38336063205,-9210.58867393592
4.68445160309,-15672.9362455096
3.40780855665,-13099.1739666627
6.63264078425,-16040.9433091047
4.47743528365,-11523.5522123931
7.231278472,-12007.0084177102
5.22639066138,-10680.9568451204
3.69086605569,60614898.9387285
8.19641504054,-11483.8629791871
3.41759068567,16594.583074706
4.18170814199,-13135.483970891
5.36228973107,-10127.9503875577
5.01434029502,-9933.52425682769
7.41570787312,-10613.5572786997
4.21684727544,-11409.904942727
7.88244913328,-13625.6334153452
5.11189691057,-13778.7104318149
3.33885891846,-12547.3067198883
4.10443099145,-10336.6121022276
7.36939745579,-11991.5556471527
4.60835571046,-12891.454506867
2.89447330064,-10449.358804641
4.03397182668,-12331.5136646431
4.89016237969,-10525.7155292563
3.99957062774,-13793.0295702984
4.44084875973,-14617.2219343806
3.20149949742,-11972.3942204636
2.965181459,-9789.66409804197
4.7419382123,-9395.69273566761
8.12387121084,-9481.57624023221
4.3229552455,-13463.1420188246
4.18662328589,-13112.1254961548
3.80931236498,-11789.5251531525
4.53063984968,-11535.7272480783
3.8577598684,-11925.4405966925
7.029350695,-11861.43402455
3.09503546552,-10871.6913365757
4.70729287451,-12957.897703748
7.62221797249,-17437.6636129293
4.05552571702,-10349.3699803033
3.74976740859,-13691.3851240491
4.59993625741,-11321.3436908726
3.97202767894,-13292.073904879
4.09840307154,-11629.5004943407
2.98289943748,-11015.1245859488
4.88540677169,-12979.2253694515
3.39446758959,-15215.2257750965
4.02101519339,-8118.46321185338
2.80555202722,-12917.9684564465
3.35583540979,-13375.1813950103
3.161871388,-11322.8569114005
7.67782764352,-11558.6290566349
3.88502891295,-14469.8059424669
4.57244795579,-10403.3051404542
2.75856614521,-11280.5015384479
3.15302175758,-14527.9805681748
7.5713280122,-13220.4331241264
4.19850500769,1061150.90560622
2.78554074996,-12515.6520470858
8.27279431526,-11881.2305154705
3.69566442586,-10637.3454875524
3.46592964494,-9860.92812516643
5.76738048774,-13450.7586543894
2.87545576532,-14621.301934356
2.6536721968,-4280.75296318203
4.32656417506,-10919.4543847234
7.98833171733,-10931.2337587825
4.12936834973,-10481.6456730526
3.5190682386,-10397.6144040177
6.2428674891,-11320.8273076238
7.71037181016,-12184.1016484488
8.09469038658,-11244.7390706821
7.24942799413,-10085.2558414107
3.86361813075,-9099.29342353904
3.74964174554,1086609.28842555
3.04643865815,-11697.9546295433
3.02595202596,-11361.3911100803
3.2984209119,-11917.5475331683
3.46135364926,-11390.0329567629
4.28395514995,-9705.63031506317
4.94382666352,-10232.9565964028
4.26599172716,-9106.82334560433
4.50595848682,-7904.52920578334
3.19696936691,-13654.5414647747
3.12723964084,-11886.5737966864
3.50211667277,5515.65312326523
7.8290780381,-11067.2598176429
8.25045037715,-14341.7568850946
7.1193193256,-10153.1164733475
4.31780799915,-11423.8516481842
3.02364800771,509453829.476083
4.23612417583,-15093.6096978938
3.17000669581,-8533.49695696671
4.5564457166,-13146.1118314713
4.16186541767,-12068.8713578187
3.010194818,-11517.778864822
2.99940193506,-12368.3237747714
4.19950904781,-15155.6312634696
6.21286218977,-4130.96672030606
4.12594408453,-12444.9131136847
3.34922002933,-11283.0753240372
3.67059975085,-15114.0646936044
2.67029878585,-13050.4052199702
6.26705131502,-12615.9344288724
3.3218403788,-12469.0916277935
7.30854074158,-13780.0218251809
5.25249639574,-11546.1992080926
4.49375605605,-8766.91220976376
7.70393393247,-11008.988682022
4.6743568817,-14226.4197677975
3.49474879672,-9230.67616918609
4.00890675048,-11586.3595813248
7.84297817719,-9531.14622818771
4.18714046444,-9736.39815542132
4.12969926203,-11588.8065969461
5.87625723479,-7878.63806874749
4.05942806688,-10852.8302428516
4.04313658563,-15547.3860906476
3.4442309317,-15468.4480019405
3.93954016555,-12590.8417929495
4.40314668683,-11284.7138102619
8.24163231696,-13212.9846003927
2.86158891797,-12134.3931967445
4.12355081134,-16030.303036003
3.9257104102,-12415.6187063941
4.01183608949,-13311.2795064251
3.04266508417,-12423.8942331795
4.12840394115,-10160.4078845023
2.97980740039,-11881.6747047638
4.58215974969,-11467.2392001119
7.76818539111,-7563.73050836635
7.93116104894,-9289.39988802601
3.31004920623,-9871.16637985451
3.722616007,-12080.5389120142
3.05566261678,-10605.5499760776
3.44107682375,-12053.0661920535
5.30851550181,-11686.438499561
2.84369552482,9761317916.05239
3.95427290247,-13630.4827514045
4.0590948002,5003179366.01417
8.05939206102,-11741.4309287499
4.7063470564,-8848.80876406693
5.35263222421,-14641.8648328479
6.45117227647,-9588.58696034569
3.98825985993,-6378.02867427952
3.0206526501,-11411.5954898292
3.37726178465,-4558.11549175276
4.37400257074,-13998.0723534106
2.89856650826,-12599.0698158556
4.3560183127,3856618.68343346
3.65372403435,-12307.6728817029
3.76953635983,-11395.0220524965
3.18220575212,-8102.16761460911
4.19466249307,-11234.8300878587
3.17519567314,-15527.5672441798
4.72619233365,-11117.8709060862
4.16400642842,-10441.4760137273
3.79439226266,-10834.5267303068
3.04549786931,-9856.45719948227
2.84325806933,-10782.4880885497
3.43105776027,-10776.7251732733
4.43720832385,-9448.67891746951
2.80153332561,-14238.2288898841
3.16241158394,-13943.4033297096
4.78124837145,-8507.34224188266
2.83782228554,-12509.681218848
3.67571675912,-13904.4614592858
3.52169113689,-14906.2884241407
4.617097713,-14027.9641377713
4.4150045064,-11762.4902407699
2.57992117113,-11028.8521565848
3.67088321621,-10326.9843691583
3.2012675671,-12670.9301868347
5.27345559033,-15703.4777759557
4.70534009353,-10756.6507591368
3.11975448071,-12664.3922044943
3.85785519453,-17712.0326363656
7.98568127431,-13690.8878732176
4.85797716627,-9966.13621984412
3.95481142633,-12933.4089156467
4.26230328494,-8514.66544456763
4.28428382754,-6959.58709048158
4.94351964434,-9383.4081205782
7.74210170735,-13207.549755262
4.30832536605,-10017.1710550873
3.2750100382,-5768.22514294494
4.25638904448,-11038.8406622609
3.49684036782,-9837.88444726507
5.42283541395,4907333439375.4
8.1640108776,-10507.1888260025
3.81374005274,-9331.64933872531
6.5427354211,-14424.2374714873
2.85745793083,-14815.2857826625
3.13687138879,-14134.772014113
3.54878885258,-10328.5206921267
6.325257752,-9134.09404665805
3.28579190915,-14138.1485477082
5.52179462009,-10704.6046787166
7.51368682887,-9177.87067692787
3.16727482831,-11557.7992815927
8.82373393674,-12986.0763839373
4.03203336773,-13290.2771789351
7.88847274027,-11520.0517051638
7.45301053007,-12720.8664746086
3.56317484331,-7241.98528900679
3.40756828691,-8957.47136237079
3.83753253954,-12005.3231976207
5.77719018432,-12583.3392418456
7.80132254942,-15986.3672726985
8.12690704935,-10611.8176653002
3.06554050696,-6139.37315556069
4.20598818458,-13654.7290035368
4.92770948452,-9375.04905673488
8.24806952175,-11616.5788226961
4.38124739854,-11217.3695793983
7.57282430886,-8549.03898050894
3.95108110666,-10775.529789513
4.18368804558,-12158.5960179449
5.1321285532,-12597.6245228717
3.68535345679,-15774.3541625109
3.87292621839,-13185.7879007371
4.09289414976,-12458.2058125641
4.15870991652,-13900.948681261
8.42736536986,-13405.5073867818
8.43274359123,-9600.47936220696
4.4403941282,-13197.5261060399
2.77080430934,-12438.9672715912
2.83029711232,-12183.439322328
7.08772094146,-12320.8576796271
2.94289257284,-12756.1639131399
4.87787291168,-13708.017854912
7.66417499886,2309642007.91868
3.29477123406,-9353.67312312051
4.9695164647,-12744.1908414092
5.79178733277,-10133.7432698966
3.75329993599,-12799.8075273739
3.14382718005,-10993.471805812
5.78514130986,32884589.1765658
5.77358908648,-10512.4762221885
3.66401229647,-12691.6735485356
2.77905400041,-13558.8653833744
4.42358034106,-15439.1705892536
3.64540958124,-15368.6380673086
2.8906980355,-10885.2651130175
3.04779590109,-13777.5782703763
4.25391280174,310659.908178721
3.26075365096,-9831.1717931079
5.33047212051,-12875.3022070285
3.22450674694,-9438.743396986
3.6085675434,-17720.4627204517
3.91544759502,-11844.0504894784
3.86909666582,-7325.54265464188
4.21296319557,-10106.2000420258
6.35144463939,-12376.9738331135
3.5545213951,-13720.5005415319
7.82158387149,-9780.96262029407
3.8205966859,-12274.0131563856
2.9871509493,-13759.2499549468
6.69199528708,-14277.3790030807
3.96815429292,-18012.1122017736
5.84490678757,-10575.5944000685
2.54461284232,-13828.7454236018
6.89846677614,-15830.2791934757
7.01346907673,-10378.7424931542
4.2518530522,-9068.02210969165
7.95775714371,-13655.0489274307
3.44015466844,-10995.4447467959
6.31153856324,-10822.7271523584
7.69654629618,-15184.3848372634
3.21344320603,-10667.0676795254
4.02821693363,952207012.532346
3.98754072289,-15230.4307777352
5.69135826665,-6924.90669651587
3.70309468856,852.102327227676
3.17267598957,20367.3833639719
7.37229930698,9151.5174354116
4.43641539808,-12395.1902542702
3.16729871277,-12695.5202122158
4.37256964516,-10267.8630531379
3.13060321351,-14727.4873733269
7.99727350915,-15268.0459971406
4.15806803287,-12508.7593855423
3.28358606039,-10818.6554463402
6.41264055741,-8139.42001439628
4.08374589111,-12233.8268772565
4.73704449217,-8425.86163898162
6.74729667313,-16962.6094732965
3.00268763754,-11070.757075952
8.03433455643,-15052.1122578465
3.60662120586,-9155.70732858096
5.18763125777,2886.855951759
8.22286244862,4376.96711411626
4.40791567939,-13645.1580174512
3.46895557156,-14179.7822720029
4.22433223939,2446622.80977454
3.50050728538,-14437.1577629189
5.58490950904,-12321.0329013237
2.97871995359,-11468.163584697
3.34935109423,-9079.45985096201
3.77137835964,-11309.716346023
4.05531548441,-14114.4983696533
3.22418981362,-11972.744692635
3.08651716304,-15342.5794727734
5.15027473747,-13728.038255473
4.07602601057,-15550.8741927258
4.75347772456,-8134.28761779204
3.29129304684,-11496.2600915175
4.90907270208,-8014.25473645769
4.62286077589,-10695.0468277551
3.52628010967,-9006.11673823097
3.90798238156,-14785.2089371878
3.15601126529,-8693.98139102878
3.88086404465,-11742.3532189358
3.52324506871,543966.520807303
3.94095187552,-15240.8003965096
8.16494514383,-10917.2015391749
4.14280139808,-12780.8264695133
3.67508334654,-12544.7935458816
3.58016628179,-14153.7559937002
7.04663941686,-17961.921047018
7.42082222061,-12454.93052347
3.38591189239,-9912.95983107177
5.93436635631,-11884.4375004291
3.55787488507,-12132.7488456914
3.29062169566,-11341.3638947116
8.03186949714,-10711.8968933964
4.91465439502,-13703.2424046494
7.85088576414,-11740.6228288524
4.01120463274,-13256.2598378977
3.19903254355,-9456.67784081192
7.50778492672,-14120.1046124655
2.76515260021,-11572.3965349135
4.60159502125,-12097.2309487664
4.61805123839,-11466.0247284613
4.85361716625,-8804.21257497395
4.58491026048,-11549.4433087157
3.33104094103,-14285.270485544
3.86961848404,-9611.06149347115
8.31239048809,-11807.3971058342
7.42830409548,-15660.5347403477
4.77451218058,-16529.2949145642
3.09250067726,-9598.40293743649
3.31850016979,-12768.0329787776
8.41255914611,-10678.8660162337
4.08817181094,-8530.96510389081
3.88772524973,-11006.3967116575
2.91435345817,-12152.0427834831
4.1467526797,-10982.5261545366
4.05018879213,-8535.86364569393
4.53494000979,-10442.8567219593
3.83385622471,-11222.812233024
7.91068469337,-14240.8692983602
4.72932061799,-13410.2749421835
4.24779184148,-13396.7807683927
4.44781872583,-11603.9279749887
3.92764469782,-9014.41146049454
2.88464421231,-9155.54615361022
5.73897572514,-13970.1970437258
6.85703833584,-11587.6442978546
2.56194576536,-11970.776590267
4.76299715688,-10849.4821947935
3.98416264906,-14029.2971848725
2.98375933059,-11011.6857516002
2.70716011423,-9413.51741321379
3.74987618105,-13907.0334164453
2.8118007342,-12443.3145258032
2.95313875763,-12411.0942883156
6.28705345193,-8922.80019854647
3.3036610983,-15061.8819336051
8.15436152253,-11884.5028375171
5.10101076716,-9840.40842836639
3.1291256945,-11379.6074873532
4.83726688146,-9863.39667163589
6.2867725126,-12551.2401108116
3.7254827214,-5912.279169794409
4.71015496909,-14488.1826229282
4.56940913657,-12114.0234963788
3.11918431622,-12940.5283100563
7.75199597558,-4680.3025839801
8.13381823482,-14070.5258553697
3.37380956222,-9940.6214695889
3.35521120696,-6356.18559595025
3.24776341569,-12328.5936273817
3.64003110314,-11113.8711150571
5.02624775406,-11804.1577253384
4.90176899313,-9398.33492769501
5.5617347272,-11316.7234740025
7.89547344045,-12965.2764272992
7.90391342923,-10069.8268261848
3.1660247569,-10248.0031643434
4.59556530705,-14180.8948124141
3.75488010658,-13102.8739355379
3.85010732568,-10763.2993959807
3.14409494221,-12790.9440552442
2.88781509076,-14962.3392958783
7.15805251515,-10730.4912895089
2.85879702603,-10930.4297905455
6.2702527854,-13296.419315824
3.73449802552,-9899.33868879887
3.26238658039,-9151.79943747516
7.12284341716,-11603.4698041024
4.79530895401,-18161.8917164715
4.39795522062,-10848.6095461566
3.44581391909,-8809.20725975119
5.63940687945,-13233.2577644457
4.15436298997,-12781.9987503502
7.87125006898,-14344.3344552658
3.16799990488,-9732.70882329604
3.37079294082,-6281.35836220854
4.25062387729,-10463.6100565887
6.70478963098,-11632.3194389205
7.54108989186,-14469.7647116745
4.01535210495,-13427.7996713517
3.87644867552,-8599.28146623449
3.55255534557,-8733.70049598983
3.9710586427,-14885.8009044655
4.80689318888,-10629.5289917295
3.21430106458,-11923.0363440441
4.18355852645,-8269.67427744877
4.02819047588,-14678.1714679979
3.6347230754,-6922.656789963529
4.40845889544,-13565.800563992
4.74163655324,-12940.3470703824
5.05479689,-13629.8563336564
7.63280520526,-16290.653086247
3.70832532205,-10416.3730437048
8.38167126061,61731122.0428486
3.44761189621,-9392.16743123871
4.56805840351,-13148.9019769933
2.88457506248,-10360.2808255804
2.86593244515,-11195.5008659465
2.88136374621,6635.50484443894
7.10899843577,-18811.7606966367
7.73452255881,-9723.67217439484
3.50557991569,225169.031232758
7.50640966135,97448353595.0791
2.69692904923,-13067.3024256174
4.47669801795,-12322.2732597787
4.48016768729,-7842.87477493941
7.37962879961,-17018.0647378661
4.15171313722,-14713.9631476314
3.97483547294,-11053.875671456
3.19642463483,-10317.7624158056
3.26703880883,-10118.634591146
3.42064625433,-8730.69084365294
7.97710366623,-10643.476699627
3.75847057002,-12784.3651443562
3.48915793403,8.4934052020381e+16
4.50241442695,-13542.301138013
3.707591673,-9073.23892071419
4.8096491131,-11815.1580788519
6.76846971152,-10839.7287549269
3.0288749014,-11457.2538311416
3.70388231281,-13818.5638873465
5.94537269092,-8353.8594206591
3.44444238766,-13919.0153996462
3.11834377285,-8626.83320205065
3.44991228112,-13416.1469744244
4.84394115301,-14450.7822359421
3.75686943171,-10177.4804309595
3.84234293105,-6438.25351067267
5.2116236275,-14894.0305472528
7.8650734529,-11588.5680775161
8.01586751158,-11389.4010775452
4.12162368394,-8267.45017427945
4.27610313198,-9959.9450915215
4.60746645719,-7392.92797815487
4.16615084839,-12771.4641660603
2.93682789161,-11166.3369108656
7.15414195719,-13262.2745661947
4.80416934345,-10044.6707894179
3.30869018049,-9433.44282623406
4.98557069509,-14422.1464448101
4.5640167114,-13194.3300838987
3.13603524033,-14905.0792193674
3.82458653685,-14565.6615990041
3.31752205729,-12913.6845226583
4.05192240481,-13643.6677606702
4.08286182138,-8244.49225724385
7.79160114485,-9229.30971723193
2.91202515617,-11138.6004659189
3.4165669185,-15647.6533909168
4.34121772973,-7258.54040954588
4.11909151235,-12205.3670712508
3.77096481161,-15169.5798083971
4.026644774,-11152.1147878696
3.47895720808,-13170.9941877622
4.5543163739,-11724.2223923883
3.29319257375,-14132.2659185108
4.2523220859,-10104.3305244385
4.42077670127,10973.6384877065
4.96224516975,-11021.6372042841
4.61788098149,-9835.73939243012
3.41668701613,-14852.0213720123
3.6660719798,-9314.48064616714
4.56862975056,-12337.9468695989
3.75803629224,-12784.5529133785
3.17586781129,-12991.7196136089
3.46985346095,-13552.6070184489
4.2821935015,-11354.1745540946
6.82325987016,-10153.7069428243
2.97848312223,-14126.2592612547
5.98045197437,-12599.4091697793
3.00305259721,-12234.9508611456
3.94503606937,-13942.6247370878
7.33550662441,-11721.9644548756
8.07942290432,-8860.8439678481
4.20926496532,-12808.7524259075
4.76994926546,-11787.3082110369
4.66661765317,-10761.8431282332
6.81631647909,-12719.3685469735
7.56160143477,-10550.535288884
3.98717346347,-7719.74082418333
2.34116950677,-14537.3843394512
8.22620137799,-9761.77635195587
2.75994015105,-12156.8901336329
4.18939963605,-14084.3672583098
3.53401788564,-10944.4646128453
3.03149290237,-12308.3762192638
7.72775607616,-9874.89046577149
4.6609774325,1781291637.34442
6.12376285098,-18595.6362954324
4.7208271437,-13711.5920863038
2.92016676099,-10338.7578300427
6.61068116407,-10536.1711665883
4.21784409195,-12369.3251019301
4.06545658467,-7412.65423339401
7.77365471266,-12175.9173065853
3.30177039297,-2008.53264386561
7.81563723334,-8670.4478587765
3.41010725139,-11951.8848713236
7.89626018542,-15422.4526932419
3.60957079027,-9566.45328213037
4.1088059621,-13525.9324966514
4.66480315735,-9305.19732711114
3.12751489895,-12586.489973959
3.15588052911,3177520.71821095
7.66286499172,-13624.2194356088
4.47339317635,-14779.8838143102
3.56350759416,-11697.9500341227
4.25299320484,-14458.6077789565
4.14555680985,-10708.3348971335
3.48198037585,-10240.5161664093
3.49903407751,-15332.2688178867
3.7307981883,-12965.498268978
4.45015500129,-13385.3370185758
4.98618184862,-10084.1510648343
5.58968688207,-10487.912079807
8.00973282171,-10673.6417157054
7.8230756845,-12897.8085910964
6.53070853975,-11788.1204249321
3.56315418464,-10910.195896897
8.11621020889,-11872.4853368905
4.57802753804,-12687.5513504319
5.06907423632,-11975.6581108687
5.71195747938,71850888.6788859
2.8505229931,-10804.2499579498
3.18273226288,-13815.699869773
7.82305151801,-11019.8722205676
3.29347631777,-9209.02152300049
3.74966046645,-10159.5462777549
3.37901251533,-11765.0190195743
3.47827644153,-12668.2684528662
4.04287406323,-10579.6648588337
3.57995012737,-11430.1809561471
2.55047781307,-12186.5816175344
3.37337585786,-11372.3427862069
8.53941229883,-3256.19126984547
4.4071503252,-12367.8401923995
4.65785284824,-12639.2280178994
4.21506907262,-9806.21211925632
4.01657793008,-10296.0569620502
7.9070788938,-14677.7590421586
3.50947365552,-7900.89831785217
4.03899606537,-15800.4978907239
3.74341924555,29443.9517576534
7.25134572351,-13179.0647129191
3.40005527224,-11576.7478864059
3.20063983872,-14368.3606217608
4.31200499839,-10957.4278764922
6.57775166355,-11697.6207910042
4.15808905464,-12722.8537414077
7.57393964333,-12522.5189967156
4.07754045751,-15200.1535736779
5.39475500786,1788269854442.62
3.06449229893,-8973.77548247167
3.84625159961,-11565.5600847049
4.63221459719,3376300117.79776
8.14212823521,-7235.93839657409
5.64373846235,-11776.9620857082
3.85962833222,-11191.5792877969
5.74135015121,-15941.4331911391
7.75173561857,-10931.1961422492
7.68878444808,-10752.8507059993
5.32226833619,-1002.26613820762
4.83763807476,-8042.10591079453
3.14740363498,-15589.9799192668
3.54411488576,-5214.31353824877
3.49671780691,-13889.8508414076
3.65077409389,-14078.2822879119
3.53466739657,-12022.0548728917
5.66445068068,-10697.3627448243
3.98907586726,-15712.028889824
4.2264808973,-10673.5363739822
3.5157439792,-12272.9278778216
7.24419395727,-8560.60142110868
4.71161539819,-12940.4905757438
4.53435740782,-8580.77965862735
3.04828369706,-13557.896152869
4.56340859581,-10747.1419564422
4.89126454336,-14733.2707394902
3.64757144464,-14030.344884037
3.76213065948,-11300.3994560614
3.99979624145,-11705.7700049312
3.22722661615,-11684.9154053647
5.31452710637,-12749.2560990327
2.68734323245,-12108.9408509646
4.11232227556,-9105.33660917077
3.62069818166,-12147.8761098421
3.18958121478,-13865.6830376797
4.18377426262,-11551.0304608732
3.48643458,-10906.8392700361
4.90517781915,-14771.3223569401
4.95713096818,-11842.9212800301
3.76989438697,-6812.44281397403
4.09452095402,-9858.9753134962
2.78403163106,-8927.4660712008
7.38511625211,-12634.7930692283
3.63858052289,-10715.6501675505
6.11979857032,-11332.9112891016
8.26821388888,-4330.01384583013
3.08610241908,-12490.5333795029
4.20362350923,-9848.18830702857
3.17045944605,-9298.1868285275
4.63893423593,-12513.6462383733
8.05102766826,-12557.434852949
5.17943288215,-12753.7973668997
2.55830920986,-13829.573309911
3.93280386736,-16352.7309287776
4.0154094819,-7820.4761225048
3.04642379189,-12012.6564086533
3.83308565445,-12475.0443107132
8.43862525766,-13156.8264034863
8.09880186414,-14287.1754737931
7.85056578738,1225341.12676611
4.3795003756,-15378.4267578355
3.49178912898,-10095.194440478
4.11992976325,-11047.1819596261
7.84667342463,-10951.6560364523
8.17071699348,-11590.7424863243
3.84202919543,-10233.0717094642
5.93379381652,5307653.39408851
3.05672574084,-11348.419860272
3.57070441977,-8454.14801663801
4.26756790471,-9654.97474413918
7.76607896908,-16372.9009602136
2.69017353992,-11573.8383008603
2.56700787879,-11351.1412677051
7.75721139094,-11960.5735109465
6.89473522664,-9211.15067974653
7.94426386501,-11491.3746327126
7.58095744036,-13482.92489749
4.33765900367,-14371.6524247579
5.03293448041,-7300.56808474749
5.70419460802,-3232.66476470329
4.20944342566,-10244.5017780038
3.91807699432,-11801.254434814
4.3621211316,-11281.844319109
3.88383846418,-11186.7760968603
7.21132349757,-10007.7220734279
5.04862179627,-12197.9707014092
3.77733397462,-14041.8564894232
3.25975317336,-14517.61228668
3.62328240545,-12605.1268462023
4.89627351325,-15129.8134827715
7.77606610221,181587856.404833
7.34701193087,-9302.23441751461
3.60699722656,-14887.3536194272
7.47899831841,-10243.2855321406
3.21012469528,-10144.4376484531
3.94465941044,-11785.3391774315
7.96673960965,-10023.0940758518
5.59067103385,-13370.8425851815
5.6180753658,-7591.53223844268
8.37845050968,-4697.70901635794
4.01375227829,-6837.943523752
3.12820480148,-15378.8832586904
8.26780767002,-12768.7852035689
6.44852857809,-9648.7829795498
8.00543498619,-13666.9782677219
3.9740289469,-17232.8828685133
4.43637232911,-10801.1060310526
3.75407972393,-14349.3527698552
3.33267846172,-11798.5905498291
3.75150801624,-8628.51424509032
2.86451663682,-13981.2451948152
4.23883798321,-10474.4467879091
4.57149909887,-9733.42151871966
3.98851112916,-10804.7177055626
4.90163627435,-11372.9030165049
3.40129272292,-11034.9296307646
3.97190243569,-12132.3375077859
4.46182894239,-12988.7556524331
3.21228501102,-13651.3072588576
3.09223264799,-11826.1498129434
7.1244737479,-13172.9233840615
8.54206149739,-8626.96266251433
4.23844172268,-9557.88446372141
5.18617091038,-12876.9908784133
3.17739586297,-11486.4393589264
8.30000985283,-10293.7815642379
3.03651772172,-12929.2080371067
7.7701285808,-8991.61469659205
5.35341751057,-7855.35371155322
2.72076774857,-11562.3704454431
7.87844172876,-12848.5808080477
4.76449907951,-13720.9341743074
3.39915172649,-12999.34475435
5.55901686389,-11083.9168845364
4.41684635398,-11166.2085582896
8.26017713147,-9385.55965953483
3.48186675219,-9903.95268907727
3.30350082904,-13478.539916957
4.86627543204,-11250.2145166201
3.91263482822,-10417.9786956195
3.14069000918,-8801.05207255728
6.78540399666,-12914.33859847
5.19017968236,-6257.29132011827
5.86905039713,-10617.8310777321
8.27057461548,-13000.3819130312
7.45956632373,-13378.5616002121
3.00985791217,-16617.0603439863
7.36556291447,-12892.5548596759
2.94763186714,-16680.5437872335
4.16428837786,-12544.9442102091
5.16945045899,29901.5248146976
5.38592552702,-10917.0774555136
7.55542434122,-12139.6315524501
6.54514752816,-13010.6682473554
7.90962599465,-14035.6640431779
3.49731131699,-10964.4066520587
3.23788829229,-10647.1988121116
3.19544589365,-10472.2974638116
4.40391848878,-12208.1360023772
3.11698049015,-11825.3881173514
3.70620021614,-10417.1437792685
3.33466803529,-13133.2509664906
3.35852713103,-13049.2274650377
7.37739367856,-10674.6211450642
7.99811798087,-14805.1599773247
7.27967498105,-19567.3416530065
2.99650107252,-9563.12985174371
3.61319598408,-10127.0217890545
7.96571574962,146614927747.425
4.81932151195,41563424.8073407
8.42560371517,-14033.2189112236
7.77634645806,-6756.47425868003
3.08654290622,-13257.7827900057
8.47530452072,-8910.67496322702
3.07714121796,-9347.58919669286
4.1184377116,-10894.2233728936
6.04427557931,-13312.1420039674
7.45241027181,-10257.4666119472
5.15928984678,-9246.07492991308
6.88273605511,-11817.5299505602
4.55792307357,-12006.3050282788
3.61113097161,-13615.3917071785
3.74639250311,-11465.0968985149
3.21124411853,-17549.5510180583
5.51824687662,860185.037342098
5.87347685883,75074525559.2166
6.08207149453,-11015.7552167008
2.82331919805,-13415.0928138658
3.23453850424,1480142901.36941
4.42161663064,-10024.8654275717
7.86109951119,-16398.5545355763
4.09738840214,-7505.96484615189
7.59208491307,-12091.022294814
3.6697848513,-12616.8993750562
7.22622314527,-10776.1699821017
4.73867043714,-13396.3491934559
4.51920954228,-11388.3162652419
3.81321846255,-12089.067103598
8.20099126248,28220956776.0077
5.91643887189,-10571.4216686505
5.91710599712,-13965.2557520659
8.09271433869,-13790.3420677185
3.76588102959,-9074.1371555076
4.03346797555,-8129.83576084207
3.7722530971,-11872.7116570284
7.64922826859,-14695.7065679192
3.19408875332,-11282.0629728994
3.98306511066,-11205.9428549405
8.51374778007,-9610.14366529739
2.51951757047,-12856.3657830502
4.0301948303,-10216.2279492381
3.69274095338,-13710.0787604007
4.80077007743,-12398.6298698822
3.93472412097,-5592.09689000141
4.49920878302,-10702.8043316701
3.67140465122,-9058.40956666832
3.73383295717,-13014.3825278239
3.0758666509,-11003.2985009517
3.63812303546,-11401.5724261844
4.40592271966,-9115.26268907244
3.49726439175,-9674.06303620631
7.27106537966,-8129.29601551409
3.58824854763,-11919.2455625748
6.13087137993,-11631.5591767349
3.13600056599,-12064.7943407781
2.69301272635,-16196.1806907717
3.33992970334,-11590.8367054896
7.70115186208,-11432.0043761521
7.43338656787,-11921.1989687828
5.38267633031,-11031.2893168736
4.07610137106,-6877.41054349671
8.34799766091,-12114.8006702461
7.82469835921,-9515.11628859047
3.31846868843,-12555.6205147721
7.63104863743,-13215.1856627765
3.12460548603,-14505.3908427033
3.22235397429,26196.8563150669
7.3746744157,-15001.433805334
7.65945804099,-11042.7781780053
3.42733671909,-12028.6189077786
3.2906672887,-7339.5984703323
3.11139032363,-10029.0766736337
7.73497455749,-15954.756250421
8.04425834476,-9768.41309384699
4.23940137619,-16465.7644440645
3.85257008737,-9622.48829874647
7.53001142294,-13621.2968783488
3.05159970608,-12812.8991311996
4.33895735356,-8802.27631324979
7.86120901376,-13613.7183337419
2.92776479661,-15673.4062714914
3.2032752989,-10327.6528786872
5.0853881292,-9721.04071623571
2.97998833773,-11665.1360769907
8.12509894794,-12187.5072598269
7.79545906323,-7619.89450093182
2.96805710726,-8019.44696612462
7.72960860738,-9801.08551052298
3.06453147711,-12335.9568074424
4.89348662067,-12714.8253978942
8.11028715715,-11429.4617088361
7.79803681117,125508510.900249
2.73922781065,-10643.6871728405
7.39902200334,-13773.3015424851
4.01934977482,-11099.469113173
3.99832073867,-9850.85932584007
8.53922262033,2021270.20248387
2.68461377674,-13581.270848452
5.02483039982,-8733.80572664188
7.50230547863,-14887.1934253362
2.76419258351,-11604.9919210116
3.31551202557,-9575.03384225801
4.46721752898,-15988.0732837568
3.24915368935,-10739.7832311657
2.85516014128,-8423.43973335123
3.5265732484,-12591.0735034263
3.90527494815,-10344.6168395439
5.10861730269,-18093.635004604
3.32743621337,452966.503458551
7.46989177829,-12741.8624149286
7.67047309735,-14039.8011232351
6.9843061601,-16017.9638481667
4.74705989587,-9379.02733177707
2.77456350747,-7568.66304358279
4.97902425694,-12458.1222006864
7.72832383341,-12506.8362810667
3.31692026552,-13352.6056797022
7.33725354445,-12440.5082362366
2.91579722063,-12865.0091647274
2.98341565031,-10643.8431685673
2.57604845156,-10740.7214519114
3.38759706523,-10287.0533042082
6.72678267965,-13101.6605927347
7.80538388485,-12833.445730455
3.67698138309,-13045.0794089538
4.56581829407,-9208.38766448082
7.85546121628,-12911.964183327
5.89534429047,-16161.9619236484
5.27342644286,-10037.3800880888
3.21076206709,-10086.7143386764
2.75287382548,-4845.43524626122
3.32829093952,-10505.8637558676
6.38556406727,240051151.016705
3.63474546213,-15324.9921849439
7.49487621639,-14309.8291253432
7.11844127893,-10293.6553009975
2.93866957367,-11690.7904184423
6.88627231702,-16000.9595640902
3.29898688435,-10993.6913497512
8.04918781753,-11411.1119968976
4.39230303508,-13480.4325662432
5.27289050884,-11238.6840228857
7.81603218079,-13196.0066430894
3.46336927089,-12611.7333519719
3.20904347189,-11621.0279045587
3.53578510807,-8182.43162479288
3.48518675572,-8751.04819653058
7.04477443416,-10656.8175011422
3.61613098995,-9817.22011803292
3.24666508934,-10414.5320471155
4.90757544765,-11361.9537053796
3.18231415003,-12317.1001098674
8.16267780117,-7379.09399071868
4.20897893564,5354.40992434739
3.60556930355,-9467.54450541155
5.01009910741,-13271.5933988452
3.79343960349,-10605.454099144
3.84625455718,-9961.36359803955
2.77182830731,-9819.02880300756
4.77227995847,-11441.8193348122
3.50637221736,-12745.6814158025
3.34319249436,-8019.78475325165
5.61418883087,-14556.9499546218
2.8792808465,-13276.223033625
4.48730868364,-13994.5507927982
4.79546847441,-11038.1680736712
7.68896892502,-9863.20668271129
6.75156059952,-15002.4397928414
5.68984093937,-10484.6172050182
4.40159290522,-15448.4192609019
3.83361428864,-13574.7509476101
4.65015392678,-13486.4396458123
3.41935253038,-10934.974798763
3.68258503671,-13581.8324237311
3.47890453763,-14897.2825105709
5.53929456938,-12185.2379371182
7.17708564283,-9936.59151142421
8.22348857358,-15735.1854334177
8.07476338287,-14722.7004963632
3.89139197535,-11640.03567898
4.39540533841,-15838.5653188457
7.95228529698,-9849.85672621317
3.12052126673,-14204.4411593257
4.31903122682,-10915.6472671793
5.41091954865,-6818.311596324
6.50375639528,-11584.5526793076
3.18864845473,-12535.394725813
4.07505970527,-14090.8458174962
4.09260608382,-12238.2063862701
7.886659447,-14879.9229485483
7.89351235949,-9199.54506369836
7.14497709189,-11829.7200379257
4.12200858778,-8799.89548369295
7.4711245926,-11356.6537794858
4.22215327701,-11801.9548913349
3.40193886564,-13427.7095346489
3.01708811341,-9137.52346384832
3.08434973691,-14320.5143068046
8.00220886021,-12884.8339925905
3.06301835333,-11487.3066230648
4.36144169466,-10985.5246072491
6.31038993802,-11030.267255002
7.70239996947,-13623.6216264409
3.45005408986,-15802.0289954557
7.43262210746,-9022.14609776201
3.57529224604,-15660.9723759676
4.16334136561,-8760.63848154937
6.40497972538,-9367.03460242196
4.04977952002,-7862.44947827182
4.5584360904,-10165.9677111264
4.7807669463,-10121.3667274408
3.15579033271,-15869.9770524179
3.20834085723,-16567.5217380106
4.51112810777,8949583.78675285
6.47230273636,-13762.5500323583
3.64726509466,-7379.99531132642
5.35374825879,-14780.1191272378
4.85925085184,-12429.7396292087
3.38280057214,-8811.38659821278
4.75800879882,-7715.35065006797
3.57198048814,-9477.44150349917
5.71767637442,-11624.6787714655
5.87528391262,-13519.2157040827
8.02797554665,-15159.7090320402
7.64434425253,-13340.2263871112
7.73914498831,-11633.8652618686
7.81412223182,-12373.4015352294
4.06575401903,-16383.1940745524
8.36054354338,-11310.3673141953
3.13263328036,-9860.63713224902
3.03359779827,-13932.097730909
2.87363257975,-14885.5858040821
4.45340732437,-13029.6793859877
3.57602081204,-2295.66614318192
6.3096858135,-10865.4408968458
3.71968331889,-11152.6487733342
4.99637501601,-10135.0435843691
3.45585445407,-12084.0053841211
6.24610215457,-12943.6095035621
3.67392627612,-11029.432780941
3.75628853493,-9683.5801791809
4.30486088372,-12824.7146207704
3.89639740219,-13841.0553370698
3.48047628759,-10469.4858779918
3.41061008308,-12386.8569356115
4.51381708495,-9512.43252397105
3.19963652765,-6472.4860548041
5.59633933059,-10602.759034909
3.41484102844,-12081.080047472
4.71689180862,-11199.2081694187
3.61631612316,-13650.8321339117
3.92679230706,-12715.0164515573
4.17696141939,-10016.3558628772
3.41726598514,-10196.9512624288
7.91128477001,-10871.6773282027
4.29241878415,-11075.2341762652
2.99318483443,-13971.6675523778
5.98321493393,-10745.9323457033
4.2176976015,-13205.8120416562
3.88027232408,-12437.098292799
2.96690725219,-10969.1034770997
2.87877269157,-9109.33751381196
2.89352635657,-12495.4958756428
2.92088978019,-9847.17844771316
3.27195833507,-8638.77782226221
4.5781610956,-9691.21594144734
3.18246159117,-10575.5022626353
3.00302221735,-16566.9409159865
3.13403836904,-13004.5715501053
4.44694202513,-11509.6799803848
2.78880753929,-8160.48003123596
3.37260824616,-9906.17634123624
8.57309705414,-10352.0393323059
4.7729888256,-13475.593891204
3.42598646432,-13709.6842355026
4.33192043075,-8821.44307037547
3.42412664658,-10776.3342228923
5.30482209387,-13350.6450084853
5.28265398369,-8973.48481102235
4.08396616437,-11664.4343798459
2.84963659065,-13792.596771092
6.17024608843,-12150.3485288894
4.0773102895,-8742.2370362928
8.21010485089,19618863390.5022
4.19699999212,-12648.5290518844
7.66563573962,-15331.2019047497
3.70051088271,-10068.732149794
5.90541836915,-15158.4014797739
5.18112719434,-15754.6102090414
8.01077148949,-11378.8566224246
2.82721375744,-14951.8803480105
2.92546203139,-13813.2616465889
4.84821080203,-14677.7010909714
3.89988505634,-9041.26469049949
8.28290638918,-11054.8183658735
4.42517828137,-14734.1796387588
3.65582213768,-13678.9246064495
4.21965527758,-13363.125622534
3.72819943544,-9788.12826198673
4.80299072324,19661.0448690749
5.43837964013,103192.697901707
4.6372879579,-9530.7471530015
5.56856560267,960231961.100022
3.83970695524,-10779.0119317727
5.35943208869,-7231.68697442592
7.20601032147,-7877.81683853873
7.73086115815,-8565.29729214315
7.70197323701,-18266.0028295078
4.84091938287,-10590.3044899376
3.1723788204,-9429.90012507982
5.287483252,-16168.7464918776
3.56209364889,-11398.3476888707
4.59791778313,-13299.5218356679
3.46367675908,-11507.636360592
3.44239247283,-10427.8302339498
3.4917406711,-12561.3548822834
8.06213371105,-11621.5004652458
8.13775971327,-8176.91807598572
3.34420242516,-12042.7728110146
4.49569717667,-13041.5829265119
6.57675437186,-12342.6391276743
5.04570189502,-11429.8819039974
5.11156173004,-11780.5341743234
5.05298715882,-8673.56134339031
4.92089074722,-12047.7420119905
4.21177123676,-10621.5598741073
8.13567415932,-12471.8188046236
4.88617485403,-12740.678682521
3.67039692584,-11791.975832198
7.59163508752,-10166.3176146619
3.59186767881,-14255.178929388
3.19046546063,-11484.5534373466
5.53589334191,5931.47121022053
3.31119921405,-15609.3281488432
3.94822434367,-12488.3640193004
4.80084033562,-11814.8358835761
6.66982963506,-5922.79958991008
4.36858619575,4018.26698966135
7.44899055999,4785.36719839978
4.12150807126,-8192.62723324579
4.43642057658,-12474.529242942
7.84500567413,-15247.0703738268
3.20726670569,-11858.6005405192
3.61505845299,-11589.861680698
4.61400910581,-19465.092543452
5.33385013343,-12202.0094743043
7.71381327645,9.82902312419189e+16
7.59433863843,2636092.35578076
3.0457779479,-14348.6328279291
3.56327133646,-15771.3748370625
4.94505583787,-13081.1308277872
3.94198266696,-14760.8061138686
7.21495827537,-13534.5864782177
7.33934750926,-5652.82518069592
3.72851248777,-15503.3414552839
3.15135247388,-12114.9996876778
3.60075557696,-10584.8993165268
2.65757718236,-12054.1011331397
7.92346218118,-8132.83937435653
3.67551327674,-12301.3998942351
7.43521715832,-13430.7945980042
7.757188195,-12070.5354323249
3.0738832522,-12601.1528007333
3.7707027773,-13537.477437817
4.26845992064,-11405.7226368244
3.08010587397,-10633.0475717447
2.95855549074,-14444.3616534879
7.96751215758,-10469.5981633963
3.4727754912,-10153.734752422
7.98722756063,-12435.669854769
7.99190224203,-17632.6597004213
3.25854293021,-13506.1786992439
4.29538951915,-7883.06852033199
3.18942559963,-14502.7571135898
3.78633367899,-8714.08186018782
7.13400226543,81238.6151604575
2.80693171685,145487.455200764
4.36353987624,-10872.2034952163
8.03016982336,-9752.62166389728
3.88208293233,-8673.61086887426
4.70653607027,-15531.2483991411
7.09299134799,-14640.5765041891
2.94220813546,-10055.8049067265
5.89207075264,-14293.0216123554
4.78167589669,-10413.5006210976
7.94314557963,-9927.29369277073
7.35749557127,-14780.7139945138
3.99178779631,-11694.0117669639
7.72145450701,-10416.4369471308
4.70224403086,-4280.94444142662
2.7473950576,-12640.7672789224
3.1167980687,-10417.8493796502
7.86444404876,-9948.91186037611
7.51830032066,-15374.5454245746
4.87953350954,-12915.2259172656
3.3238627382,45339.08802799071
5.26650318819,-8360.76535196324
3.3421589298,-11878.3176519237
4.78734599414,-12013.4808854525
4.14493621717,-11028.3429690873
3.24990596055,-15045.9815490511
3.08105894255,-12627.4392832046
4.92674799584,-7021.01209733485
4.82465783082,-14967.8909532886
6.79450751727,-12611.7030605093
3.2090154254,359506.214845269
4.46756904093,-14704.0809238802
4.6592692956,-11975.2655979913
4.19154672743,-12069.5535609845
5.04605244878,-17518.2094726094
3.19364379041,-13983.9335258135
3.79819567838,-15241.7008568869
8.03737724802,-9371.78332139335
8.26672997253,-9576.66939981122
7.9057170702,-8889.73728318673
4.23973084114,-10814.3269051978
3.60033942662,-11775.5119520138
4.11231348418,-8553.3479600495
3.95934711489,-9682.19674127501
3.84120765169,-12214.0529525125
2.85721826918,-8483.91905453536
4.88835084869,-11838.109764882
4.77587186484,-9690.61065063782
8.20818137609,-10305.5261801271
3.2758664135,-7056.2414167379
3.64437104067,-10086.503494761
6.10327726273,-15742.1045169623
4.8143689759,-10035.2456353906
7.54283832175,-13860.0516254699
4.24824462022,191812878.739824
8.12643961213,-10961.2632800843
4.82641045254,-15051.6343698756
8.06910701845,-12458.2503969832
4.67764811397,-9546.16352795715
8.16131226282,-12266.550229678
5.50246883207,-13029.1687759055
3.61799085982,-8328.68061881346
5.16952872646,-11787.5204666163
4.14896447915,-9587.84611968379
7.86886353062,-13600.0308069715
7.79233075799,-11785.8089873633
3.79476913326,-16083.4672837328
4.48131643001,-13805.641434491
4.03503464994,-10839.7160723716
7.73430058311,-11439.9208160452
2.71895543368,-11042.8511708628
4.01843031998,-11936.9860956728
3.49161882451,-12405.5123018973
7.53030762855,-9663.66907648648
4.59098599428,-10241.5137610996
2.82200398031,-9942.79247490983
6.27612253061,-13845.5769569658
7.3197779025,-15101.69674853
4.47329637484,-14290.8527850574
3.46044743594,-6525.82145663924
3.00855434461,-13661.1243647871
3.17952909188,-10090.8337274854
2.6510448514,-9077.2008486782
6.45901779864,-16071.3674912938
3.00626855102,-9542.96411387689
3.00721718059,-11373.1551959287
7.78704158439,-11786.7488208043
8.44103325332,-12061.3384582269
4.28746563705,-13810.7206569428
2.9599227079,-13129.5437890443
2.8713310288,-13756.4668055614
7.52381143364,-10924.4353625563
3.93349753111,-10100.429678832
7.60819176323,-9914.35682436112
3.19535332086,-12178.2746072346
5.8663955932,-12826.1939426724
3.14076406445,8340.08193796467
4.10677602902,-11839.4292825273
3.63156299543,-10575.9737814103
2.83986231752,-12810.1993864704
4.23424446377,-10611.3930628027
3.22532567907,14266545.8099187
7.25203319425,-19306.5553466067
5.3792339329,-12788.544580968
3.32471683535,-11229.5568177291
4.22782605836,2373362.27899837
8.06974104629,-17512.9435514038
7.67360058807,-9097.60230129683
4.37695711135,-12756.9080662693
4.98103828063,-14847.6718733129
3.742422318,-9074.00995056989
7.94184512476,-10619.8548679609
3.32090576138,-14627.7085605788
5.69355604618,-13043.7172675129
4.08663672605,-12045.9586575656
8.19393691606,-16534.7638866103
3.03118765001,-10881.9713255827
6.26687290656,-14337.6029259953
7.43817432775,-12656.6016641286
2.82073401578,-9682.48645640884
4.81445598429,-10975.7177334382
5.77736878774,-12234.0441464854
4.36315482563,-3855.86333933636
7.74102694036,-13193.6864569518
2.85545711189,-10562.2226024061
8.07718572982,-14596.6331841787
3.92878710976,-12078.4423080925
4.10659296249,-16291.4899411351
6.94884506493,-16181.3969321267
5.48819265781,-12819.6310962121
3.50275549248,-10722.6250670684
2.96923889209,1357899869.45733
6.76441070553,-11066.9962443381
7.32932236516,-16564.975410368
8.05009907461,907555.074199122
5.26946782305,-15906.2485848815
8.06502164363,-9894.5769251298
4.88414764042,-10920.0333237055
8.24188938526,-9829.43400174874
5.48948125853,-11225.6816610009
3.18992073173,12364.7262038331
6.052787355,-12162.9703912815
8.1340055649,-12517.5935877963
5.03558665336,-14898.6494556209
3.28689090214,-11804.0601455768
5.41486489031,-13196.7746906058
2.96012756817,-11437.2615959478
3.3378989895,-11680.0030118837
2.75365524994,-15614.5591134083
4.99495585996,-13480.6183140138
4.56554861204,10298.3549300111
3.061417421,-12312.2820279023
5.04707849892,-7839.47475104023
3.25521754175,-10523.680795354
6.14170018617,-12760.0422244412
4.10178798538,-12907.0304838238
3.26774172657,-12301.4377722337
5.34316922347,-11643.6562916313
2.82780499393,-11910.7304238691
3.91833406532,-17224.939120394
3.53263287793,-13124.8728845721
4.11332717942,-9606.14744227941
7.55776217462,-11058.4341716755
3.944245387,-13477.0905213697
3.79367300163,-9054.95725424839
8.40408560889,-10580.784986919
7.04857113151,-12446.9200670698
3.62039917718,573087.890359344
3.12537576635,5525387.76928016
8.02906061879,-10918.1127303701
3.243857829,-14794.8304238825
3.37848592097,-15119.9967613988
5.69675821785,-9468.69580119223
4.09803097686,-16101.4934428529
8.309997879,-11149.603144627
3.81338796002,-9880.67956023019
4.03542662951,-7699.06489814292
7.52237506042,-15148.771930704
2.97796914139,-12778.1760137822
3.0322952622,-16202.6944765806
3.0674388485,-12802.9771682255
5.307778113,-10038.7485404563
4.0318598725,-9466.28438267226
3.89161577086,-10311.7490797685
7.85644855887,-14053.3940794651
2.96569982671,-15236.9290882854
8.37664897,-12870.2074885176
4.10818006739,-14785.7967947155
8.04661538902,-10291.8469934386
4.47049148121,-9892.71437872906
7.61711196137,-12989.7267575432
3.55604302188,-16237.0614818384
3.33380897807,-13533.9775356509
4.00793686161,-9564.98745320617
6.71706367077,-15979.9123568656
3.11082078099,-12669.9160946223
7.68026494647,-13565.5622734893
3.82372711337,-9617.03982492676
3.5947164792,-9652.71576565681
3.42595248412,-12056.2055259526
2.69496457632,-16957.1726422536
3.74067564295,-13466.0854071695
7.82674745332,-12050.4784127168
5.58562676706,-12746.4652216014
3.31750082798,-11426.6992033731
3.46141167185,-13360.3157789942
4.45220022921,-9515.70987635725
7.4890982426,-10534.6607430909
4.50591463437,-11093.7104579619
6.57322503852,-14163.6973924281
4.77317813295,-9213.26895631172
8.38932357029,-11942.6034688197
3.90672783199,-10458.3415744945
7.69929385349,-9150.46063881927
6.59423099088,-7840.81503537059
3.54068094622,-15408.9376643306
5.66665242146,-12237.7694263284
3.4324585192,-11152.4950382907
4.25803598976,-13438.8012102316
3.60551686157,-7918.52152001854
4.02038553651,-13487.7788678841
4.15084688535,-13603.6561785893
5.16140728448,-16951.8995869091
3.09513343245,-12459.9315813714
3.25985047621,-16651.5187036876
4.28775324185,-13209.6434038364
3.73870724436,-8633.86655933633
4.22589914302,-12701.6637919973
6.26006988822,-14428.6934026381
6.60479944331,11999.3077816186
6.78927248059,-8582.91143077214
3.67441832855,-9634.59048483999
4.21686789375,-10230.7460468162
3.64545479016,-12401.5614401054
4.34191911362,-10842.8264288672
5.58128683048,-10756.2671460538
5.236221025,-13978.0848627815
7.99075252722,-12775.8880658134
4.07687248744,11246.9438919723
2.99244482438,-17065.5485642098
5.88622910851,-12484.5449932443
2.99329624572,40565466.0746237
3.78839216775,-10421.9374313993
8.08974393433,-12953.4843733222
4.67536519071,-13412.5681778783
8.25732710086,-10881.1695923793
3.49261271685,-8020.44755813163
4.44870880413,-11635.3213708988
8.3143341944,68187.4611413776
5.45932579208,71141316252.6359
3.08210592108,-11819.1719471203
7.45648248215,-17800.0617379126
3.52225490186,-8355.52131081121
3.52519085644,1117751.69196408
4.5600507352,-10095.8366534296
3.67127651692,-13910.9973462492
3.34052816312,-9490.20692520442
8.16465025994,-10375.5413824647
3.56691846302,-10542.3403475745
3.96369947502,-15626.0692303631
4.97321844075,-13711.178814117
5.46757855443,-11259.4715075906
2.84463441893,-15859.3398960361
7.59046507567,-13647.0991535473
7.86225522095,-12704.7433006966
3.77876124824,63214336.5143274
4.51172575049,-11881.4666643908
4.77100848571,-9767.86554573583
3.98397259769,-13448.3561737293
7.49818051863,-13596.7204356674
7.96090122907,-8846.90931190901
4.83056804333,1450739988.65963
3.91414236838,-13460.6157112615
3.90836704913,-14362.8739158733
7.70772609526,-15296.8434011631
4.61609879736,-10950.4821594147
5.84838368614,-13103.357002623
2.70314657669,-8721.38578991662
3.15402778596,-20219.329665671
5.49522631921,-11067.4094218432
2.59412421181,-13258.6379966042
3.65026179628,-15666.8547578358
7.59187388044,-11844.2872410842
3.49058028902,-17832.794775817
3.3859064499,-12194.212419338
8.04199770496,-9045.64101664512
7.71836394524,-11304.493945946
4.66976122187,-14020.3483918506
3.89569233224,-7782.47667717741
7.33783582312,-11092.4866196199
4.62485129123,-7066.45965653863
4.83484622477,3125.69847578976
2.83814852103,-13664.8860272223
7.70001295192,-16981.1202606686
3.02298736862,-13350.6277888506
4.9975271117,-12939.4016205787
4.1774186449,-18835.3882152162
4.43214590898,-12133.7449242616
6.18923455341,-12377.3273345096
8.19469656816,-9028.09652716107
7.06222065266,-14826.38744791
3.94247153362,-13846.687520253
8.11599331176,-10313.1345409495
3.7158755581,-8934.19059794057
4.05889409949,-12862.0674319886
4.16306438207,-11371.5735523056
4.19244457709,-16864.3419080171
8.02317991714,-9361.70539292773
5.81822907673,-13018.3809334952
7.99952052617,-10328.5359990997
3.92842738019,-10239.2382790517
6.45325577055,-8969.01746159188
4.73273173042,-13532.1296935786
4.92020410979,-10655.4751617133
3.89402176927,-7907.64903700068
3.48286977011,-9677.65175613883
3.36321188766,-12720.0159570131
8.22042826594,-12497.2623441624
3.54138138175,8322.78133387422
6.60633841633,-19112.307193181
3.75527097542,-7221.40510544288
3.71736901457,-16071.1818790512
3.8062066295,-11125.9806073619
5.34788313636,-10989.5166387961
7.82773260652,-14043.7834546647
7.4186234721,-13148.0962220147
4.13365241836,-13839.5259807887
5.60156125055,-13368.2825384278
5.13096454827,-11678.3245306622
7.80762776579,1626.48840186226
3.71381650975,-12239.4137745624
5.98661247691,-14146.1599596107
3.64100011101,-13496.3556071644
7.98387532017,-14080.6274664976
3.04715512097,-11903.8929482829
5.2269237471,-11438.1636868056
5.95974835472,-9542.82936111326
7.91314517154,-8782.88448042116
3.28118730375,-12203.7230729221
4.55414362884,-11850.7732187982
3.01517371279,-11236.3973643516
3.69401945051,218007597.405661
4.41547680094,-11617.7856018372
3.68903656426,-8147.39706843584
3.04119054233,-11383.7190118412
6.14793464078,-11074.0858169763
3.66988464835,-10353.0096423982
3.4494077783,-10430.0185157211
3.97215870919,-14160.7158377735
5.27954730846,-13198.7687281383
3.88159155147,-7423.68371205399
5.80876232939,-9641.04356953663
4.14184672677,-13103.4356454849
3.15523584362,-12111.9625866151
7.22709730637,-10887.2364764998
7.33211033094,-10201.0119557892
3.67874690264,-17114.904724025
4.26141931695,15319009350.4116
3.22925204389,-10461.9997275117
3.12927171523,-8398.72284772405
7.73364285277,-13862.2295042924
7.81193974243,-13329.0173923424
6.23414841959,-12556.3994013101
8.44605225305,-13207.163787506
4.53672179187,-11779.3406285394
7.86498209593,-13551.8692400089
8.18551920254,-11635.1544235672
7.78451678688,-8240.1602781118
3.64267697461,-10979.925652842
4.60837306527,-12802.0337427263
8.06869780732,-12487.4729010507
3.92067577248,-14561.9585270488
7.40015882292,-13816.3459015795
3.21735105277,-14387.4218396384
6.95247222244,-10054.4953073455
4.00594582162,25121283.2999737
7.65600702769,-5665.89331847882
7.80478791534,-11106.7498559177
7.57574403507,-12535.9312842045
6.68342694802,-8467.50537533543
2.81144085968,-14027.5708063543
3.51665034106,-9027.78736543738
4.14196903239,6531.03135199177
2.75768668885,1.21468934081006e+17
3.33269419116,-13012.0791618998
3.25122304424,-8539.1455935886
3.82405608077,33291.5688855276
4.71936173113,-11207.6780626608
5.96727644471,-10489.2752886713
3.77983297165,-10806.4019830793
2.81478371084,-13705.5572017476
3.14480654275,-10340.970007592
3.71731570344,-8793.12057122922
4.71564477207,-13580.5441699192
5.14058372895,-15520.9634558522
3.82940745378,-9794.19424098191
7.6051802586,-11488.3737241155
3.49233985266,-11218.6046271026
2.97669129891,-7321.39426569615
3.99522866346,-16027.437978505
8.10697168766,-14092.7425917044
4.41622971915,-5033.98427084076
3.4269784884,-9998.57332646435
5.50203199555,-15064.6440659427
3.39383254184,-9115.4160995303
3.38637242234,2618350.52790718
2.91043782247,-16717.0790421512
3.68731441417,-13977.509456868
4.7038832665,-16129.1643279671
5.23691904022,-10873.9442587196
4.24123579161,-11016.3833299384
7.00232170533,-10282.4523271637
7.40214967526,-7776.83223508177
3.04271660218,-13756.8466741476
4.03432741044,-10371.1180114378
3.23372089438,-8706.44841704672
6.33570077189,-10213.3678551877
2.78535322394,-11736.141925221
7.76911779016,-9492.36547550631
5.31164149238,-11206.0411577496
7.77768039625,-10432.8643594168
7.78067463286,-8733.16338974009
4.59717802769,-12202.7443230589
4.68253718148,-12268.8787141641
4.02505093061,-9798.12652953801
3.47949296855,-11069.0157168142
3.76026401918,-9687.79448663851
3.53229468444,-11731.6982577714
3.89126562166,-11019.0021051765
4.62650921417,-12389.1042922899
4.7574883997,-7775.10906359749
3.25306090982,4534566.11375957
2.81636837387,-13739.9775623316
3.41614940767,-7900.23409225562
7.56137477559,-10815.8161692549
4.11405854128,-9995.38636715941
4.93298533139,-10576.798138616
8.31860002944,-10501.3673392855
3.42191943736,19160.5636902607
3.80389766375,-12404.0388523631
3.75521009679,-10881.3629723594
4.20708131145,14400.2528588422
4.32967809351,-13286.9378030981
4.09685307646,-8563.58869596393
3.30332408291,-14192.4717965187
8.25966755417,-2439.22540169101
4.20393340759,687756811.537386
2.93328249141,-8517.07742333833
3.69862898626,-13592.5642924294
7.73514115758,-13953.6633814429
4.97672893382,-10205.0746421407
2.97930407845,-10207.7513859767
2.68865980977,-11752.362211041
5.14489082563,-10820.5707085256
8.27765136078,-12229.0903192605
7.54497160327,-3640.2920214329697
3.54173147968,-11613.0347677281
3.74626146909,-12586.4465117001
3.71545523837,650496.293386897
4.5474649605,-7581.5982023528
7.87521351244,-13928.8050959037
2.89342988296,-14879.4476541959
4.43121236056,-889.919685299024
3.15759225809,70955.5708009039
3.78744038263,-9943.56537047046
2.81245369368,-13665.871839509
3.67361245666,-9843.13459510528
4.49158991132,-9799.57483927947
5.61136573173,-10411.4348595923
5.00124511161,-11179.9317085248
7.56071049674,-14199.4184232634
3.78792748951,-10131.7625270358
3.07352652116,-4991.58009418633
3.60429126876,-12394.7328500083
3.70101660912,-13741.8122182342
7.09562412259,-11722.1641123769
7.17200211685,-13318.7605880621
2.85547905818,-12692.2441436935
4.17109220256,-12769.1687815651
7.11449413688,-11558.3183496142
4.76657529968,-19594.1662393474
5.85458642591,-13092.8246483545
4.44440012671,-10775.2712684676
7.50367962596,1165628839132.68
4.64663720609,-7951.89592935695
3.9603296406,-14644.3454276641
4.03888473723,-10781.7312683892
7.73018279589,-12110.6285267656
4.65843093985,-11890.8678820244
4.04374764322,-11226.9850441391
5.01143332546,-10876.2496658204
3.61047528911,166754061.661893
6.61829983392,-8766.40745146307
8.1257699687,-11274.9265909497
7.4436612025,-13354.5757190741
4.32837251776,91385.0689258013
8.10149652776,-9266.40639942927
4.6210036725,-14766.8822398917
3.04679587769,-14409.7694408862
4.22597486767,-3061.32773116296
3.62602870594,-11591.8897906735
3.40572323388,-10680.4143228127
2.89949034569,-8210.90782061492
7.28887056851,-11557.4691614391
8.09180844284,-9297.23696590223
4.27421351511,-12708.0514598518
7.60460244497,-13506.3208785849
4.3895152656,4190.65737995798
5.38762258456,-7963.32406790958
5.11976742817,-11620.4963502688
4.87697169403,-12973.7794468605
3.36211640288,-8750.11553420584
3.8718860857,-12704.9158951865
3.68408472044,-12803.7250856451
3.76967377415,-14776.8017767654
4.4003393841,-10306.2573359386
3.87174857916,-12690.2987941868
5.97871501205,-11284.3148630713
3.76630118499,-12343.8483520611
3.56717986377,-13050.9830616402
4.11757863917,-12497.2819438844
5.07155535698,-12421.3675003266
4.0191793322,-14873.5857800127
3.10469113584,-12088.3806258246
3.9898657804,-12485.4240867243
7.02388849656,-10681.9095367139
4.60648217693,-13381.4886520501
4.4917857401,-12290.6704170934
8.42018349644,-10053.9749515678
6.20679588316,-7997.44570198922
3.48834014667,-13547.2997228781
5.28758172629,-11738.4645892475
5.36460873135,-11704.3487544225
4.92927032476,-8374.39434737548
2.9266308967,3051532.747216
7.99230936951,-10778.2274604913
4.20351242597,-8281.44749042168
7.87679682216,-15615.4381660665
4.21529444021,-12975.4694746434
2.6523509035,-10833.1081842861
7.76423910935,-9918.83659286508
2.99229350586,-14588.052662662
8.27320037496,-12448.1279315132
4.66701233357,-11850.0314127732
3.30401173193,-9466.37222054796
7.75169203456,-13362.970018426
2.8885358585,-12498.9214198925
3.60134021082,-8608.97784336117
2.70210838747,-15549.9907261894
5.10512063065,-13069.6298929676
4.77478670042,-10756.8268857552
3.60805847058,-15547.6907414314
8.14279918061,-11655.0957253804
8.20148389468,-9349.73314488422
5.6310915741,-12185.0773723352
3.50539260286,-11603.2003951338
4.76574770559,-8311.0719785886
4.13157158201,-13697.2758458452
3.51466545749,-18570.4575791404
3.73673778407,-7385.61702406618
3.08632457531,-12643.1860299693
6.44225229169,937846.494926947
4.37053863335,-12046.9737526219
3.66110055284,-13836.9163390387
4.37888547965,-2987.45397461691
3.55282616684,-11963.4749811597
3.59154513609,-16042.7361217244
4.95464670781,-10511.9873249561
3.98759341729,-11828.0961560902
7.12071988425,-11051.828443566
7.92867405489,-9921.81923853748
4.64888717501,-9206.88681561082
4.84371759959,-14773.468816828
8.37462552503,-8386.11064999934
3.8360354308,-12952.8895155857
8.37192040841,-16475.5112191862
6.54281262844,-12042.9918129571
3.686162245,-10022.4940921721
6.53673923594,-16943.4037455671
8.21348379783,-15505.5538819807
6.43605036322,42803.6656367471
5.40632733354,-12049.6172259791
7.91143233075,33822881.9226865
4.09694844375,-10759.8752411057
3.76358897511,-13275.1559728082
5.65336990381,-14761.3936950955
7.709742148,-12602.4384506941
3.17818706591,-6962.41892235435
2.94999394612,-12258.0405878782
3.4326389386,-13145.9108251531
5.09895363498,1.44216100648301e+16
4.83842216351,-6959.76208087443
5.25065305647,-11418.6755164585
7.76464326165,19889.2389041428
4.79851048824,-7918.14794851256
3.46706286812,-9744.12977069127
6.90158585055,-14716.9696706981
3.52169638446,-21254.4258115946
5.96634789919,-16331.5372261391
7.2563544577,-7761.50681089204
3.45658359757,-6042.60041083917
2.90504582186,-11183.6302568705
4.54879196586,-11618.1587713712
4.38223239689,-10263.7617655012
4.34178430454,-13180.7281681812
3.38636200946,-12114.0429759574
4.53427348584,-14616.7333842838
4.80843425373,-12380.1280261394
3.23339235403,-8165.72053262072
3.50115314311,-18302.1333393064
4.88969528601,-5266.15164072727
3.21439095457,-8508.91593879634
5.40061516828,-10959.9841462198
7.95937867419,-9741.94124295467
6.97548514291,69280998.3349526
7.69190488098,-12931.201682724
3.11964481092,-6701.27213017206
4.19066528703,-12184.9139287878
5.24766095874,-13166.390640808
7.7074358471,-12900.3421836003
8.14825473148,-9485.6954382485
3.57292324599,-10567.8493025904
5.00793437999,-8703.80462634801
4.17782604657,-16013.0840158141
8.08862812689,-12774.068100199
4.88792314024,-9331.54150281485
3.61515023525,-7888.25324384058
3.51840555115,-7219.42099279982
3.75222153716,-4113.13004197688
4.39635846662,-12441.871699913
7.91160174806,-13217.6722741273
2.80351456604,-12844.7161127924
4.81465821916,-7827.50677663252
3.71120359115,-7472.611855300381
5.62683113987,826349281671.68
3.99728826367,10754715055.018
4.96416015831,-11107.9302104354
4.2325674784,-16071.6931713655
4.12806397917,-11487.5825572852
6.2571754136,112294429.064786
7.91650228453,-13899.884561875
3.40286739809,-10699.808023614
6.8290198763,-13339.7337206556
7.50758684609,-9054.44794646519
2.8662922072,-12069.8126112952
8.05142338237,-10104.6170979799
4.36127902918,-10379.1244851538
3.73614011638,-12418.7998095862
3.08685139751,-9885.22299169131
3.08416777764,-12127.5315140649
8.02233974955,-10691.5592332961
7.63955899618,-66.3538667109879
4.33184201312,28004039926.6632
3.58473506274,-11056.9767922425
4.87820958317,-12155.7746950945
2.91923720735,-13348.6200130697
3.68981557151,-11758.0001383187
7.48578768977,-11205.8306136692
3.85875227342,-9941.00994027356
5.12170622106,-13607.2681904958
7.69054423692,-8855.72261981008
4.52195383761,1283596.25945539
4.90189041694,-10530.8882071279
8.08518297289,-15560.8058978141
7.58427204008,-9094.02092505811
3.63973361404,1261117933.58396
3.07491535382,-13768.0754233337
3.70356683865,-10135.9747569298
8.38230201863,-9730.71877393144
4.98510838598,-9050.2015708468
3.03112989015,-14770.2040288083
7.76790311678,-14283.5578308774
7.65134263556,-10547.7977120713
8.05504975297,-9982.28517610743
7.48380913177,-11559.2322538461
4.0235349573,-15611.3399038158
4.76448322129,-13242.8608688418
4.1531396722,19813314.5804925
7.34028991842,-12280.2061939464
2.96004596841,-10460.952848397
7.4590062513,-13286.1951020885
8.06775928806,-9201.84904748855
5.77666000136,-12742.7943442816
2.89376048769,-11571.6819813678
3.31872557538,-2669.06841105278
8.18075545994,375978.401688738
3.5836446646,-9324.67753946238
3.773180845,-11594.8850479007
4.66972808854,-13993.6577663982
3.77564050767,-13474.5009799183
7.60821552514,-11956.6609975039
3.9620666513,7235542.66133457
7.67949805165,1.01892416029683e+18
5.8398024416,-13147.2408854352
3.84362198374,-9457.55203908526
4.1798461477,-11090.6663154582
7.62014678606,-14327.8602940656
8.06558972888,-13173.7908608053
3.4978576646,-11026.1377930956
6.81135974724,-12208.2398182387
4.73028411021,-10087.5009533618
3.49078451286,-15126.1893179951
5.11732327016,-10992.9153835937
8.05884766034,-8652.9839959034
3.31932749836,-14220.0061538787
7.99179336727,-12273.7641664948
7.82734108914,-13481.9615971789
3.76221401866,-9753.52674474687
4.5148593571,-9952.07320326314
6.17188102498,-15338.7647660181
4.9170832063,-9788.33134459758
4.60309084915,-12324.5409744463
3.97386911614,-13837.9072819708
7.56934250028,-10946.7489031464
3.80945989998,-8756.36180629602
7.63467920898,-11327.0413397766
4.87833867118,-12671.0907191098
4.88662484978,-10203.4177703604
7.61492452151,-9172.2135864708
4.60399777341,-13110.3962716208
5.12946497448,-8758.7077276658
3.84968497606,-10683.5971434063
3.67202736551,-10573.2049867872
4.82100149385,-13043.4720932397
8.38840875841,-8968.37591200286
3.17244306391,-12010.7339935043
3.96694591819,7233355.51471211
3.08673160611,-9814.10011593655
4.87053678534,-13802.2175579294
8.02164994538,-7996.38415912079
8.01091871749,-15146.4748562171
3.53870107049,-12173.5909360202
3.47253473695,-11918.0977704059
2.76458878534,-12522.9129197275
3.08983312048,-12004.2043319748
7.69407928134,-12630.608755796
3.26057869452,-5546.83857546184
5.25644850129,-12894.1769179475
7.79095876854,-10613.6641011985
3.53517890323,-9675.23160822071
8.04701169011,-11519.8323687355
7.39532357034,-12024.4460109178
7.75812238837,-12858.3266843167
5.42939987768,3889755395494.96
3.7131360446,-12768.4795609957
3.18822264784,-8723.11298182411
2.88239471168,-14963.1601928922
4.78120228458,-14748.2227503226
7.84723484414,-3723.77641291354
2.57984486746,-13026.207692694
3.22093337007,-13638.2039267634
4.51139639115,-11225.3954634918
7.53696859376,-10423.2005307462
4.56227085965,-9124.24041452199
2.42849402149,-12990.9542250524
7.21086238589,-12340.8793524159
5.04417061611,-16647.0873961895
3.64483488389,3146856.90282037
4.02062211401,-8636.51158797553
2.7005307709,-6359.8289678028
3.75819270452,-10284.5239892113
7.6409075684,-9611.65213290925
8.37683765088,-6837.05925749277
4.79632701988,-8852.43367358817
3.84348267979,-10456.1031346402
7.98855969139,-10462.4488684584
8.07143193936,-9055.91820086585
5.89377077269,-10743.2531182446
3.2294908422,-7234.82093875767
5.29457695552,-13803.5433340689
3.44244732544,-10197.504679233
3.46686040873,-7949.68409513761
7.95564331009,-10987.5341136459
3.75523214283,-13752.4235605086
7.02236133583,-13628.6205892017
8.42879929718,-12914.3142943689
7.77710043992,-12245.6527896742
3.09466932512,36423345.7579723
3.1700059687,-10170.7997248749
3.22798301914,-14841.1342497313
6.57298567376,-11849.9791217608
7.93316435274,-8961.56653134658
8.0274397997,-12871.2917609198
8.18978626073,-11239.6287164283
7.86224471046,-3196.10366093139
3.47631441633,-9907.22872443882
4.50887894586,-13931.094547463
6.85943503844,-9861.91898165584
3.04245772603,-10121.3074445304
5.61423883291,-11359.8488087271
4.14199233317,-11460.0757149532
2.8296987269,-16469.043340973
4.5406949572,8785072603.21987
7.59781674759,-10417.3949562524
3.41655532361,-9945.70661110547
6.05805484228,-10795.7698779557
5.02959498032,-15686.6288683219
3.56287448709,5251495170.35341
4.09249087525,-11911.0922727138
2.83042808329,-13041.2983554567
8.10094770275,-13093.4551068432
7.81627510401,-10424.2757072376
4.4875666403,957566412.14668
8.39505875275,-9746.16105291294
7.38887165939,-13778.2504966265
7.42942054559,-12559.5785391565
4.18140145498,140152335.15128
7.30670130305,-10295.2024665585
4.61337838623,-13095.0902036409
4.98599806122,4504359861.48945
3.82240768556,-11220.3854272094
3.31867732583,-9263.2453572383
4.11156752048,27302.8086436604
7.41452368543,-14900.4218948179
7.82662126846,-10050.1317349067
4.75591828742,-15291.386817335
5.13857065331,-13836.4525260136
7.74463488908,-16104.6296589261
4.73470382779,-10046.2480706003
8.25372773376,-9215.23371464662
3.39368167274,-9098.76437974496
3.80660920333,-13025.1270695902
3.65947788064,-14366.2132456495
3.88948689171,-10193.7202197755
2.6482458183,-11303.0111831876
5.02360679826,-17105.6979680093
4.91389898832,-10622.7587130875
2.69375125457,-10974.1618736217
3.39056129687,-14616.8213921514
5.36723899881,-9533.01204432453
7.50180535632,-14359.4216048556
8.07650225427,-9902.9530515871
4.12847116484,-14621.659928824
7.91954859622,-13082.4534508123
3.62111991984,-11867.6955002655
2.96463343931,-11495.7680225435
2.44536290788,-18728.6183904312
3.22602189454,-9640.54324169829
4.68854529939,-10590.1848428538
7.9874413468,-7321.39375316522
3.53566445607,-12061.6189551109
7.75973616495,-15992.9849371342
7.96813572776,-8597.32630297835
4.44498238672,-13285.9119617723
8.06138244954,-12575.4917060156
4.85263529257,-9667.30618489651
4.27529361755,-7959.47574467056
7.4794391783,58225742.2643824
7.83448820523,-9827.84322677992
7.45960436449,-7054.18409399236
5.11638043664,72382.1314689742
4.88508920822,-5668.2091590302
4.17818080778,-8491.76156427542
4.30384923288,-9720.61713792614
5.81383242035,-11208.748873196
4.84880059278,-8030.76568273093
8.18357079368,-12565.5966954997
3.91647902204,-11938.3269269641
3.43347853384,-12112.5985629213
7.47854523112,-13760.319810533
7.44245411004,-10929.5671944242
4.31105187404,-12311.0999463906
5.60146070035,-12178.619341159
7.67834134202,-13094.7990389001
3.82871207872,-18694.9767382008
6.2996822646,-9536.60793435022
4.94053429338,-10805.9001834658
4.43410903337,-10621.1763102364
7.46578448699,-12615.0279741622
3.5010267522,-14439.9865246219
4.51865977954,-12837.5198568807
3.50860966201,7075501710.40122
4.51774315248,-11685.5937692373
4.18341741477,-10293.886578079
4.0903524353,-13370.932404056
4.69825167819,-13062.8709220858
3.76571822604,-13249.1447608766
4.01169722371,-10290.729901802
4.58325775028,-14423.9325487617
2.89472751561,-14883.2029940888
4.00298034778,-8249.14014456086
3.892318614,-16267.4991950947
3.63906949078,-11223.4079937771
4.4652646324,-8557.23736630134
2.93125236372,-9483.22713747779
4.24250354042,-14123.346147439
7.9324659692,-17246.5700792785
7.10310533234,-12599.4872837012
7.93978498959,-10199.7216545172
8.40669689795,-10034.1726142562
3.28733828258,-9147.99602508998
5.17876164921,-17755.4400643951
8.16572042831,-11535.2764242641
3.86796148435,-8472.25573658865
8.30533890367,-13081.9556495797
3.59437814432,-11699.8727878285
4.07553980097,-7997.02085665335
7.43782706679,-11836.0162980255
8.45717649866,-7394.60484928963
7.78534069772,26168034212131.1
6.52448776961,-14009.0163893923
8.3110373234,-9790.50486784434
5.35516630792,-10637.3170422148
5.71049211378,-9827.77108328268
5.63961239714,-6904.20951040358
8.00437691753,-11607.6840752182
4.21707429052,-13074.4722457097
4.53097081303,-13016.1753013717
3.61595181327,-10157.9274787746
5.36912074498,-13726.1997968852
8.23948882902,-10936.2083497858
6.31027809119,-13193.0468752142
4.68113196799,1195897.27777379
4.25072506177,-10887.2251285904
4.28668239299,-14468.5950494196
5.06856322363,-10540.1997266411
5.30009337221,-10947.3508964555
7.41494377153,-11772.895446572
7.16315741885,-12443.1389165231
3.02052311304,-12156.8330743731
8.06594406856,-11040.3376988445
3.61651225247,9249010.52363328
3.11800961273,-12592.0105483759
4.85628123381,-11638.8775994652
3.65274663815,-11338.812570244
4.29138357864,-13152.6632717187
7.20920187275,-12132.2525730232
7.07305193375,-13744.3378038912
3.94021659086,-18360.1037596966
3.10490131623,-9620.97599549932
3.55466459459,-12938.7644791123
3.66710795399,-12044.1198753438
7.87139305032,-4091.59262829462
4.14949525048,6167.63148508025
5.86021204985,-11491.5514540286
3.04471477746,-8241.37316785694
7.31669723343,-15420.4025108822
3.65674671728,-11124.2542208664
3.61740115899,-8282.14759190417
4.4023405027,-11296.6215671815
3.30253203481,-8667.55804379468
2.89554737026,-5629.16016067267
4.8166912181,-10960.6056016763
3.28469848589,-10160.780622971
8.51124755429,-10736.0065391685
3.21261313682,-8286.24344563977
3.40878209664,-11760.9699848296
3.49252815741,-7766.9362279791
3.84265211864,-12331.755895598
7.51220059038,-8409.03966610653
3.99354678336,-11156.1806645095
7.43269379558,-11722.2323186963
5.42147132633,-9069.80945663205
8.0890765327,-9417.50215718104
5.53759026715,-14231.3282546416
7.60973004466,1376202.38072605
4.37448642101,-12109.2968587334
4.41950214365,-14084.0626794775
4.63874798196,-13593.6688120348
3.864422532,-12790.4674302343
6.86272121287,-13206.8897522229
3.47638831443,-11634.60833794
3.76751540879,-11376.9986645539
3.10877348881,-8648.79252743301
3.84652996376,-11864.4663845955
7.70898753982,-7989.11252270707
4.01865693006,-12649.8871464274
5.6982320279,-9282.92040763254
3.69058757592,-12433.4905334778
3.35409334801,-9611.54434205902
7.81705838728,-11458.6496559152
4.57549450503,-9693.01304690872
4.60699750041,-9192.23800870239
7.86259952829,-11403.4322176959
3.13742252386,98894638813.0435
3.7754651823,-8731.10910238333
4.80584628518,-10186.8430995324
4.24447602608,-11000.4120161091
3.59684810746,-10839.790296926
3.07908911193,-10905.0461548553
7.97922938545,-11133.653063486
4.53883589333,-3029.70208912259
3.33741168886,-11491.4099002881
4.97334783779,-11803.2464321169
7.62457159656,107165.939402703
5.69689530073,-12783.7073332432
3.88132771636,-15105.3621385039
5.11505845456,208699.273082441
3.22886960992,-9464.0753709466
4.14651591745,-16235.7816853572
3.74844319638,-11161.2910860049
7.67426774791,-9326.71659728797
3.85975285054,-10512.3995184145
3.02809888735,-10811.8864066745
3.09058422533,-14855.9444031535
7.25013639485,-15556.1267778647
3.54135704053,-9386.59902003267
3.91414426334,1263047.36204364
5.48127687805,-9150.85120015473
3.57476565974,-13855.9001343584
8.09206816363,-14446.4015461589
7.97198515337,-10370.1961154327
3.08130859306,-16802.3119837933
3.60552373819,121671.585564234
4.501951074,-10410.1949881854
7.15684329725,-16266.3342945083
3.56318292072,-4541.23773544288
4.731690145,-7535.61034970926
4.60182940909,-11980.0084962817
3.84481048716,-8268.82723834165
2.78205747806,-12046.0534658461
5.95303673388,4819875125117.95
3.7282930568,2298889.46681806
4.14666075052,-8277.53916441374
4.17056969508,693888.304345747
3.5345718952,-11853.6683649459
7.95124636218,-11721.5297715735
4.81081479936,-12334.3633935825
5.38642730252,-9011.69243625956
7.54149434755,-8812.93296559662
6.05933444661,-8658.10148876814
2.87233849805,-14193.8159672279
5.6185546108,-7158.11821230816
3.33631761701,-9431.70513445549
7.94607045676,-11374.0782478435
7.17087065746,-9157.81063943494
3.97398616566,-12202.8709646618
8.60674143664,-9660.1984309217
6.27467208389,-10481.417293625
5.36702971605,-7695.22475455357
8.1075964615,-10026.0325580316
4.71364934262,-4757.17913216576
3.86621236052,-13997.553279109
7.96401668921,-11083.9779136848
7.29320444702,-12495.0909166508
6.4380953991,-12467.9027965038
4.42063931057,-4291.4637114337
3.69158773029,-10883.1700850987
7.80630738568,-11313.4146102043
3.61041108594,-14574.534161415
8.16101564309,-14135.1963825916
4.09107267263,-15278.6056420226
8.0413208181,108.147350921879
3.49239114285,-12629.1943527658
3.89274045184,-14409.5858567309
3.15599874965,-12495.1575198473
4.77628418118,-12409.1376780754
7.13074264116,-13882.112553026
4.30776458694,-12133.720741154
8.15978194251,-10102.6713989391
4.33153794589,-10178.4293437443
4.08201817172,-12447.4990593948
3.53635600834,-11520.7383964145
5.61422218929,-9327.58708749465
5.7131409605,-12002.4675413845
3.3028944541,-10437.3646547997
4.52928956564,-18003.8312309962
8.10358627674,-12059.3268051668
7.35724711701,-11848.4639229465
4.26729116249,-13757.1780351208
4.22639213505,-17860.1978683827
3.09318211866,-16599.8218751102
4.04979364973,-12760.6015239261
2.60351938424,-14573.2172383112
4.99209879691,1585495372059.11
4.91293552042,-11031.0367266033
5.6758478048,-12010.4506537825
4.28024520825,-10674.5921927263
8.44607031183,-10097.4505982363
7.48632538325,-13597.6380003818
7.96856475625,-16476.2781460936
4.8694931101,-9793.94473784281
6.87554572028,1145479845.0249
7.92944095454,-13099.6722147435
7.62192401621,-15857.3323772036
5.71577547838,-12373.3411703814
5.96057038574,-12814.3440574277
5.51032766145,-10627.8682379868
4.55106592104,-13141.2222319045
3.36770282716,-11336.5125731991
4.48843821867,-13071.4202207595
4.32274326935,-12335.3456068023
5.16313115272,-14244.9097506167
3.77986475387,-14028.1845658555
3.51568098486,26875369.4931573
5.19239476082,-10548.418918674
4.58184321677,-11803.4696553183
4.63141072445,-9587.01220449777
4.01668941543,-8831.83582601316
2.73364868335,-10336.2012200989
7.88658791993,-14098.1002139755
4.68310023337,-7507.72056077734
8.39493125368,-11689.0892596783
4.41627401627,-14317.1022908724
4.09759578986,-16036.3749757636
7.12636873983,-13070.7697171768
7.91613575459,-12919.6058222429
3.63096217247,-10925.5696018158
2.8554238734,-14454.0182341405
3.95219105889,-9529.63142395415
7.14823183007,-14968.2140107994
5.00069474508,-17319.5364698839
4.06338448314,-10262.9242533926
4.15555319952,-10524.3230392693
6.54590903099,-17263.4947776587
5.26827731895,-12782.511774772
4.3815157813,-13251.0498549331
8.28573985793,-10725.2141795041
3.33239956189,-11776.9931432189
5.59702778055,-8920.30763494002
5.62146192025,-13453.5744962857
3.45431474434,-8805.54540612258
3.86274543,-9949.32017615263
3.72248893001,-14570.2622513762
3.57853586301,-14532.8534591745
3.50026134239,-9993.33590621885
3.35529229063,-10840.7894229945
5.88849151738,-10049.9688068276
2.68535854037,-11904.0820208137
8.03007976176,-13228.4976350511
5.04349585515,-13516.4477337259
4.83301121444,1452230.39847616
3.69330403925,-9620.25320201086
3.10982870956,-12800.2891955663
7.85618292129,-12719.8363557885
3.25029402366,-12297.567589578
3.74363872895,-13202.1052087796
3.83943001535,-12104.1829463574
3.48142592269,-6419.85584596436
4.69356282574,-7646.8592607348
4.98139100466,-7115.5551668654
3.6542347959,-3566.34902179852
3.87372657832,-12132.0120410067
7.86036354799,-11426.9176537561
3.46215667662,-7891.53729816449
3.13804227796,1591084953.71089
6.04734964619,-9754.50045705119
7.52581852171,-9516.90787902686
8.17756476014,-11821.2399169921
7.48220106238,-9345.14353005757
5.02578726828,-11100.7645456787
7.98167565073,-10039.5780099732
6.17143935074,-15379.6699915657
6.91051199056,-18963.7680190647
8.29043062247,-10266.69916298
5.42203014994,-11934.5779849569
3.63020454948,-9605.92062350735
7.93440772284,-13157.8478590032
3.79618733795,-9722.88659221954
4.22028294324,-9536.32980434599
3.36024353178,-12596.3020546293
7.90464834443,-13646.002053981
2.46976400134,-11011.1992120157
3.88908712853,-13771.3026698206
3.90152043037,-8991.65115063074
3.65227535417,-11907.191800578
3.22915972537,-10261.9043147632
3.12175460298,-14236.1600069509
7.62293325116,-12916.6359251675
3.24138542844,-11559.2095239695
4.22110000167,-9094.17724832962
8.0650562567,-13477.7881845951
7.55443166914,-13202.694564521
4.54432529767,-7739.46937059974
7.88231159517,-11174.0121546041
3.90026331721,48968779.8076641
4.99969517481,1715.25845410992
5.23057206792,-11787.1180783879
7.40508900055,-14930.2776813511
7.24551209983,205365.2796465
7.72118294189,-11109.6624061942
2.95736803738,-10250.2940057881
7.71454546094,-11558.7894740537
7.86699193342,-11634.2972651182
4.03162417096,-10092.4757256737
3.44453625102,-13162.9277618411
8.5291323252,-9215.61291594403
4.78859864139,-10248.9487668734
8.25742263053,-13603.0690894004
7.06399802648,-12243.8835967
7.49858792527,-13929.5011692209
7.86223243045,-16164.0517699119
3.38986637422,-5705.9046214974
2.79061640203,-15697.752896497
3.64493741576,-13105.7942523086
8.07981215434,-8023.20582341916
3.37182485337,-8102.92799653127
2.85317697565,-11423.9956425951
4.82139371014,54723085.0579487
3.16723164723,-8916.36159084323
7.18058602225,-13251.1145044952
3.34789868915,-12371.1713623606
3.52253091948,-11378.1095414093
7.77326557849,-10513.1548138346
3.18002432944,-13730.1352938939
2.81997549979,-9852.00391088528
4.10712149509,-10075.5130667824
2.69592704751,-10964.4115523486
3.59282243458,-10802.9469001665
3.18766212393,-12993.7950483771
2.73243491769,-13610.6355321765
4.10139483972,-10609.9626868424
5.27733599579,-9696.72484804478
4.05734356847,-13201.5232944866
4.27047805166,-9851.16502237695
3.65420528714,-16078.471276464
3.02133564492,-9390.72280410023
7.44037382919,-14253.181606732
4.71192914157,-10684.6557743828
3.88372606536,-14529.5190086902
6.6659769193,-17037.6926749567
3.73374659781,-9100.62243681432
5.28117701198,-8624.55845293383
6.44963349354,-12595.1408913719
3.82127317647,47807009.217014305
3.36925564695,-7714.52196812057
7.20329215147,-13617.9323399784
7.94985244476,-12206.2308283781
4.89916351509,-7502.57887993495
4.84897202132,-10288.4678195635
5.1989354247,-15252.0583296354
4.74619288044,-8568.29981478619
7.92478184496,-10036.3029019104
3.00209414594,-14237.9200204645
3.432651053,-9394.79889248932
7.70154558626,-12784.0395978363
3.25336768198,-11150.2382656484
8.2009573987,-9882.01051285941
7.83142528369,-11135.1541566971
2.69580209452,-10564.7272732894
8.48059291861,-8928.75757404584
2.85595691115,337005.358207745
4.5654231971,1437246536.68522
6.45328481158,-16102.7713764587
4.48679712989,-12211.7583826082
3.97965003899,-18622.761035424
6.70630144414,-11128.0747910729
4.87001672132,-10823.7854462489
4.76596713474,-10159.6282377314
8.22266377954,-12960.4369761125
8.0775552179,-6504.01169136137
3.61994182476,-12409.8758108065
8.29697939457,-9651.84201142789
3.59527953464,-10939.6983454655
8.19280129318,-14391.9696595522
4.1786407482,-12693.7289436071
4.09753063361,-11273.6843339722
7.78625641981,-11198.8521725347
8.03389745521,-12165.5413630474
5.30497579515,-10388.8100194926
5.01072690409,-11719.6990855854
4.22249424869,-13553.5687353314
3.24832487577,-8189.9406524569
8.07760220717,-7630.79661140049
5.79409349256,17761.0334163961
7.98760641958,-13163.6001384148
8.27784030644,-11708.0888847291
7.7135152114,-10528.1429175316
3.06834718595,-11781.475909016
3.27357125979,-9577.762963854
3.74305313352,-14284.8085558739
4.61526033054,-12774.0941304618
7.03061225545,-13284.0965865622
4.41303959748,-11878.2481775056
7.75357414676,-12154.3904875372
7.76990818554,-12216.1840085243
3.79919041412,-12235.6051640187
5.1849440238,-10428.1889173745
3.43968279651,-11617.6104977074
3.98409140965,-13805.0060573279
5.06961473438,-11643.7720388232
4.35559901917,-8807.31059073468
2.9809314767,-16034.5562505459
3.75321725262,-11799.3673172835
3.554155484,-12452.8786134242
5.69168830179,-10836.2439183996
3.49010063999,-9872.09982147744
6.69063520303,-13222.7561615728
3.64105680896,-16555.9135536966
3.505395852,-12297.1707155574
4.40033365512,-13306.9148587295
4.94701056553,-10723.393559488
6.31535652726,-14321.7876802036
6.04087723807,-10226.7364539193
3.20099404576,-13010.9279930264
7.09670438141,-11370.2984182266
4.25088374203,-11976.801945078
4.76325891782,-9816.59927178537
2.89194710936,-6646.16428643712
8.0792042951,-14511.4409069382
4.85076778407,1167479.04625123
3.90921160804,-11911.2600177601
7.22962290175,-13763.6561764007
3.60663368153,-11637.5522548125
7.75804686511,137071633.522835
8.72166562454,-8666.54651857439
4.90367184518,-14856.0472245921
4.6943555987,134238.655430902
8.25460074583,-6927.346814718129
5.4534415143,677341.401134906
5.34224496111,-10907.0094118325
4.50126497996,-7928.89557088403
7.86889723078,-11066.6221763894
3.78439636722,-13857.6076052112
5.3640623197,-9908.59953802915
4.96095802402,-13040.1946858056
2.84838993365,-10706.0578425436
3.51842350056,-12173.5851206856
3.49916603428,-14357.6940186187
3.60238268415,-11512.3118059085
7.27094150295,19419855.0305962
7.90596551588,-15879.1314532589
8.14611566558,-8948.75508825541
8.04776589565,-16160.147367743
3.10489291857,-11289.5090137619
3.60657276046,-12465.1793448006
3.13610866942,-10343.5922604165
7.91726621729,-11375.706270876
4.36323440827,-10524.5618061292
5.44440394679,-15909.9284165663
3.24517753788,-11995.4929822124
4.14193782701,-6745.53998940036
3.19724894875,-12974.0488999715
8.01350029032,-14257.5210216252
3.29070992281,-11172.6904229129
3.06244424464,-8892.31482310047
7.10278473308,-11489.8456369103
8.20556963003,-9093.1705904355
5.63672378835,-12422.9450344256
8.13694942298,-9980.53432860194
7.7751500696,-12350.0255330431
3.96896527494,-1472.98922685287
5.23675956953,-12096.2748508253
3.23596104585,-12194.6579975226
7.5886033431,-13276.9096238734
3.75932100787,-9020.28420017643
3.47420551647,-9888.70583734981
7.91074039796,-11173.002610149
6.63508408108,-14061.3863436849
2.92782926357,-12856.5829514843
8.40542788525,-11269.702745867
7.76338995047,-12908.996472846
3.06267879837,-15564.1178023657
4.35330637448,316441.618865312
5.32847538155,-15487.4579962259
6.22167739506,-8045.78330749248
7.86146390661,-8960.45576622213
7.97874525222,-11955.7861059276
3.45143814322,-13163.3327825517
5.49852870217,-12482.5831775921
4.57959320351,-11808.8241807011
6.84654555357,-20058.3716648169
4.0057121316,-13393.9642900643
5.05605692916,-13958.974984428
7.61191632724,-12855.7589068525
4.77304108819,-12410.6669166626
7.40549880625,-12847.6537588046
5.6978538471,-13624.9482197049
4.59255021424,-10939.6963209132
7.98365216083,-11907.3480825591
8.27808947469,-11492.8561006276
4.42707793376,-13697.9508339864
7.42462865214,-10127.8702614911
3.12902735599,-12967.5701240468
3.21403860243,-15134.0663364921
3.75864431117,-13310.3749536721
4.79427125164,-11725.2541431188
7.61691277752,-8454.85371701606
4.4370478897,4792879.50822842
5.04253147905,-8393.40967124208
7.4656648466,-9609.9612285622
2.84322163529,-14630.6502946008
3.83586519653,-12193.1072213653
3.93787250248,-12660.7316564269
4.48723336692,-10860.8193179725
7.94900380479,-12981.1014244493
8.26454062599,-11649.8227287042
5.31054674479,-10335.3175451567
4.041445826,-11111.2981427018
6.87341455773,-14052.5904460144
4.1404890094,-8735.80645657595
7.68305679344,-14556.9381082635
7.6287306605,-15255.4111992205
4.26049020449,-12673.0500868432
4.4912666971,-12112.8318816748
3.35759248092,-11356.0900511327
6.34237500405,-11291.8661589537
4.03727257579,-12880.3663555685
3.51834450096,-14559.5317179502
8.28898578685,-11803.5391712671
3.4560597443,-12874.2652957609
7.85440219738,558493438725.584
6.46266524347,-12158.910118718
4.21611417053,-10581.2893137775
7.97786943858,-12512.0450210605
6.13035661229,-13818.3522267886
4.70764630082,-12988.2782020052
3.15442128163,69173.2981059258
3.13436252777,-10322.226694885
3.25715707883,-9487.70771775452
8.21029949241,-13422.5023293902
3.95763494221,-11091.2957019418
7.63641111853,-10996.2547190553
2.91332184922,-13878.4086284855
3.57684386676,-14609.2216099896
8.00246269523,-11522.7937942571
7.50259192226,-11664.2168395411
4.26626964999,-12523.4732243266
8.1071522214,-13913.3870727096
5.21599266079,-11646.377979998
4.95998841512,-11678.0215233612
3.91375471231,-12865.4746637175
2.70900883146,-15866.8726167242
5.43429292113,-11637.2577873404
3.5081185886,-11561.1618240945
5.11562200399,587914204.568165
7.13606158266,-16797.5783791919
3.52556541115,-14448.051093634
5.01713438511,-9260.39205408062
3.93090795525,-11389.3454896168
3.6836382825,-11155.7502288305
8.03172533135,-12105.194958775
3.83718700967,-3992.19905042182
3.46352648069,-11299.5901741151
6.25772078856,-12180.8280813767
4.10585681139,-16157.4680155788
3.27951514276,-11493.0562035296
6.80850085316,-15752.9289338965
4.60142527793,-15408.5520578963
7.08929609617,-9938.73356308356
7.44183664941,-9799.22828617146
5.82400923424,-11504.8401955727
7.61267679763,-7716.45136319437
3.55861609324,-7796.43023143059
3.14035915242,-10018.078508873
4.5304319202,-12754.3630604193
3.32189700538,-10360.7029318663
8.15220434303,-13898.7841598346
7.68642601657,-16928.5057430018
8.6385245984,-7278.39356512444
8.34411690061,-8798.96581265185
4.84713682247,-8021.97056569964
8.2454252464,1901754.99366274
3.05431038338,-13228.320605846
7.07748701636,-14434.0567653682
3.52725817921,-12065.4447103583
3.61420484359,-10597.4578165446
7.89310783441,-11261.5798463981
7.06937811438,-9574.87876521955
3.67587265828,9028.25097608153
5.71915783748,-13757.6215006535
7.58352775931,-9756.29411594009
7.55701888314,-10321.4025882547
3.25580737241,-15007.0491320028
7.49855031575,-14393.823717443
8.16821423709,-10737.1144033664
3.38195264215,-11636.2410474841
3.66707293057,-15415.5266051913
7.95061739515,-14120.077161804
8.06185743261,-13125.9009134353
8.46385242208,-13826.626844577
8.0318049168,6704.73653849655
3.57748610849,-10135.5419387045
4.00199767594,-14657.1904606743
3.20746486315,-10707.3171237487
3.23050798333,-9697.32538836476
3.68277784171,-11623.0349878658
5.35553080794,-12256.0592909767
3.86551465383,-10618.9873489699
3.8953547343,-13015.1019946703
5.00587564174,-6507.89371198244
5.2942166564,-13459.9612962532
7.83963306782,101502.08257608
6.90050039323,-13366.5828559813
4.28496364431,-13067.5621815714
5.58668516181,-11571.9739272053
4.72076664319,-13099.6442106899
7.78705027913,-9233.60633013677
3.36872590448,-14592.7646744514
7.99303717806,-11588.1363046777
8.02413749028,-11363.4774359154
4.67894746961,-11625.9035817141
2.42819230014,-9925.60660527843
7.58452428276,-14435.068362346
3.7611472451,-13039.9218055496
3.47984697505,-10131.6269706844
5.97245657488,-12078.2684098418
3.6077914667,-9226.5589643278
5.04369242239,-12268.8659617277
3.78978972556,-9546.18462296773
4.47395340582,25991.2161095336
3.83573689389,50927.9262263974
7.6470234816,-16355.715283247
6.16681270195,-10533.2336935518
4.16361289589,-10916.2075629093
7.96453599214,-8801.58863252987
3.00691172069,-16477.5466567752
5.64921748176,-9699.21038834817
3.89977463526,-9390.97428329724
3.71038729787,-13100.7968218656
3.74154297815,-11793.7341700192
4.43080498865,-13253.974819648
6.2426108438,-10500.8443142581
4.15579904704,-11086.1931925653
3.6484131663,-7338.07134263244
8.25498742487,-10868.0126323241
8.4722549239,-10126.1227672804
6.48125152035,-10441.0657819759
3.03935607848,-12205.6309964867
7.14004596059,-9680.06200488048
5.57906552547,-13660.6290602693
3.52324824366,-12209.4962243154
3.93567721862,-10767.2575346924
7.78321690459,-19933.4972740436
7.46784779832,-11466.6484581217
4.10645125591,-12948.435116392
3.3942431244,-15390.6618618647
7.98584580361,-11859.9035336639
5.55784678319,-11737.3501818454
2.6822841573,-13928.7078191547
8.2346832195,-14540.3689494467
3.50478608011,-10382.673607281
3.20687358525,-14292.232433518
5.53667183601,-12058.8072591472
6.21911574219,-13159.5537014254
7.5415775554,-13541.5571133802
8.17451509779,-11936.8770225351
7.60757591166,-10063.8143059062
2.78921552221,-11383.0295196773
3.84861227016,-12715.6080037968
7.82568310545,-11009.2442724438
3.94905216709,-17740.1320986385
5.35929591589,-12774.2254025949
3.61062615853,-11898.1080034617
3.54902001216,-10943.1856431553
4.34523709899,-16239.8409297447
3.6664587568,-14433.7464807517
3.87498864228,-12318.3980384545
7.55616463648,8308954.55655167
8.40689950794,-10692.9766739281
3.60681077158,-10614.3396692428
4.30786779743,-7256.50902442522
4.45152988455,-14747.5432528331
4.10605618276,-11935.585538242
7.2377559057,-12354.7892722562
3.26986921596,-17677.1165007876
8.36114737538,281629458.382059
2.93188135837,-13209.1928873152
7.30448736413,-13070.7666468925
4.35240930877,-9489.56448267681
3.51735429266,-12324.8795441456
6.75818234016,-12646.248883092
3.37276095461,-13179.2734459116
7.08779426694,-9871.44878898368
5.43688318832,-14170.7591217292
7.72340609283,-11555.6548543448
4.93894808433,-13991.1860359016
7.20765132958,-14727.1928100439
5.00776447963,-12817.804270178
3.00457705725,-11405.8123611652
3.81004793661,-11451.538336497
7.34719300589,-8946.50442205525
4.43160940213,-11114.4919801456
5.11522929948,-13025.6275240368
7.78383416553,-16822.2781655644
4.28587169672,-15133.7576069819
3.231129714,-10649.0801880069
5.69036287923,-8441.99156915061
8.06840090122,-11038.872045547
7.52590643074,-10024.2290093975
4.39139566295,-9864.19087097258
7.67105663822,-13615.9586668215
3.72266061119,-12456.2814872022
5.18332348518,-11138.1821256083
5.45441591872,-15170.23702086
6.94594786068,-11486.6044439541
5.10980166637,-17946.8796465619
4.85605010249,-10249.2184383585
5.2938307738,-11897.054132495
4.49669134804,-10629.3500899921
3.7019214407,-10587.4508146949
3.30623161326,-12663.2355821291
3.54841991105,-11251.6624249619
6.06970204297,-12468.7194186772
2.63941833245,-10604.1672689332
5.11374374047,-13926.5658400065
3.35138675784,-13250.0279534236
7.71473763785,-17085.3554617146
7.96133151577,-11738.7809602349
3.71678860862,-11453.881412196
6.71894556887,-5426.87372638737
7.9224221777,-8253.09305753902
3.30959500703,39614.3412549022
3.3530089269,-13511.3479105565
3.55704509834,-16259.5911973301
3.40813696873,-13607.0008482554
3.71630584535,-16173.937197142
3.85039031209,-11141.113082267
8.27809249109,-15306.8832747541
5.45305038348,34581724.2945645
7.649042882,-12878.2541538539
7.99463127241,-10682.9945277532
4.47383477091,-12486.1067360936
4.02122847091,-13079.9871982736
8.24361227838,-10089.1149872557
3.26684797233,579494.103304645
6.81217575138,-12955.420569037
3.46877334804,-10994.0307241474
3.10827650519,-12127.1127065554
6.90647459139,-14790.9752579751
7.96861657002,-10234.8012718732
6.09801383733,-13493.2277836256
5.2042340126,-13888.3628796719
8.07578006611,-10368.7879693959
4.65464283271,-8944.71108960575
3.23727895949,-6748.15263018313
7.48799242015,-12762.5202731632
3.09183180202,-9482.95655393515
3.58026371499,-13493.2857460096
6.76515669622,-16532.7776825482
5.74103407102,-14269.8670646926
6.30513559586,-12833.3266684311
4.27556899115,-11338.6558293996
6.56072962519,-11312.4712775774
3.39297309708,-13618.7273400601
3.77672563122,-11415.9037182768
4.64285394261,-9381.95568051069
7.45157848116,-10535.3481092845
5.11803449611,-8628.26612023966
3.35644897467,-11207.6234216797
8.08161542118,267000.541513271
4.12475288805,-9556.69423496274
3.57076253033,-13696.780690811
5.64595625849,-11526.8082610262
6.09734841221,-14241.3776752096
3.95377656812,-6968.454208313
4.95585782494,-16388.2223062722
8.08240190141,-8537.12063285911
5.02258168219,-10933.2059374197
8.05983715821,-10541.0033073478
3.45757828981,-15219.6820825716
5.54119354385,-12992.2647840848
5.44567708974,-7682.69725757688
5.19436967565,-13117.5836835074
5.29328487943,-10401.5689033613
7.10140559888,-12667.1487242627
6.62073069426,-12529.5508214072
7.69639678201,-15953.3328318075
5.48791946814,-10838.082961136
7.18801736774,-10818.1727264997
7.65748031365,102684.967427332
7.28152204522,-15515.1070735347
4.07607443836,-15456.9296542287
3.79120554541,-9778.77763505433
8.23462974345,-10550.1800513317
6.63800585976,-12330.8233149906
6.37605065726,-10604.1964866333
4.55856751657,-9398.45967732893
8.19061497876,-12255.2828329976
5.92428197842,-10711.7433239321
7.10414364895,-14191.5563039654
4.0480637356,-11026.9540554617
3.53722161583,-15128.4762444334
5.81895527995,-12139.9911270303
8.2875833588,-9634.83746821951
3.99509365121,-10817.672403377
4.288570298,-12979.9405512249
4.06615344768,-16443.5259847714
2.89796403722,-12387.9652942204
3.59676296122,-16582.5362114729
3.22639353346,-12046.2969644113
4.70762099645,-10745.2250803391
3.59036928557,-10269.9537585127
7.83954499698,-14188.4562281323
3.42672143192,299532890.816766
3.45017857786,704687777607539.8
3.74028669723,-17897.0863573356
4.27980203286,16821476279.8657
2.82603094901,-11315.1372200329
8.11863200317,-12812.7991202036
3.78882479865,-12069.3494585073
7.37809730269,-8840.84859724124
5.03283120853,-13571.6814688175
6.09378558434,-10788.840368547
6.1739770228,-12273.0359335638
2.97651533065,82843883.5715353
8.09359690665,-10574.2091078973
6.97810968179,244513055.345091
7.12711033244,-17942.2130989249
3.77746467142,-11770.4998821035
7.5131898494,-14743.355521627
7.52171205887,-5979.66465662204
4.7414103886,-14033.1099898408
7.84314962059,-11848.8120730051
3.09129543896,-10771.1243405993
3.19953948153,4191878.0465194
3.46905780998,-15807.4220524169
3.9686986839,-12860.0051458172
3.06824568553,-13565.6044535385
3.07098213207,-15119.6986997594
5.44661783716,-16218.4250716197
7.88087400329,-6490.11822953557
5.28616217774,-10448.8331885587
4.53132744538,-9325.625710701
6.91306629657,-11421.6950807448
3.75193385732,-2535.14535373035
5.5766714431,1743.11193706636
5.28601859581,-9844.21933264216
7.90057775613,-10488.0956193792
3.31164483264,-10513.5824698522
4.71170086169,-10319.4971692813
3.54758882702,-8830.4950656601
3.39349419353,-10617.4443617292
3.52132822372,-13699.1893164944
5.13647929717,-11283.131809019
8.14802085285,-11950.1252668318
8.45667650704,-12639.9962494203
4.52050221803,-13615.5924502605
3.48010150346,-13437.945096917
7.11829867861,-14603.6324207216
3.26441136116,-11330.1400275535
3.67264272504,-8351.6814462751
2.9799604791,-11178.6747623617
3.37502310366,-13907.1974767152
3.09875012533,-13024.8953164661
4.10342238283,-11434.9912986991
8.28417500675,-10826.9674352739
7.63064397486,-13160.6253577248
7.97677387498,-10069.4381355348
6.6622303349,-10856.1490318964
8.37796563255,-7371.40023809021
3.79520180066,-15340.3071670165
7.61426485542,-14325.6243071777
6.18671974958,-7827.95731887034
4.35430371324,-11376.722547341
5.78863082825,2743282.24702523
5.75281999558,-9749.91138277639
4.59984202168,-13041.5979938154
6.74148057037,-14062.9184311334
3.48779191502,-7509.45982410046
2.78514884931,-13399.2842082137
3.57457128994,-12101.2456935525
7.86312090232,-11682.1111283637
8.14076658036,-12591.2693158179
6.36080215082,-15059.0808605053
3.2110310215,-13878.6494240995
4.78942862492,-7329.14427630432
4.02520823621,-16171.3992894729
3.10607613292,-14511.1403440824
7.46972524965,-1890.13524741688
2.57158115876,-10189.3206007708
4.04754175828,-9733.73724735121
7.92996636453,-11618.6748407392
3.39089477543,-11463.1301981159
3.81689299166,-11033.2026657335
3.79747366742,-13725.6935602136
3.90895556127,-18679.6777356267
2.75439028535,-11175.0890088107
5.1220094146,-9902.87916165468
7.98586194629,-10173.8977892376
3.6235559867,-11543.6194340734
8.20677844343,-16666.651234279
5.32414838282,-7889.01315132361
6.10590129469,-10168.9687669376
7.19668350713,-8196.52137737086
3.48160609239,-9369.21577517103
5.60026639927,-12010.3748968168
4.06042702245,-12019.6889022896
3.81301336921,-14220.8694080895
7.49071657677,-10618.4963313645
8.04166314133,-8947.44666611027
7.29291613342,-12909.322810815
4.04383169272,-9850.17293089073
3.47140521635,-12768.0953231004
3.6235747637,-10160.0581742373
6.16521941808,-11801.8224117188
7.97002518041,36475.659319274
3.01064528185,-11926.6195297227
7.81497969262,-7820.00249325865
5.29705418876,-15108.1632591247
5.31830104972,-12523.2735873409
3.11877139341,2.42353597099205e+17
7.93946357367,-9154.18364087984
5.4405079629,-7462.46712163713
4.32985842263,-12554.318661292
5.4520380758,167895.46208178
7.09188702836,-9987.4142347644
4.20389757701,-11513.3262978901
3.43597089727,-11490.3382592656
3.3481404667,-9684.33329543598
7.30630789629,-11504.8035180443
3.69870026688,-13273.7322941827
3.57534736785,-13833.5176665151
7.68802638361,-11315.6368441162
4.17381158365,-11307.7616711212
7.90676153727,-14060.0685846843
7.8927994979,-11581.9340739248
4.27494872054,-8096.98452390614
3.6573970215,-14971.6347912994
8.0867493003,4388105507.59487
7.76536980497,-14133.6030511047
3.42851124774,-10979.2343184043
2.65854858067,-12357.3690700657
8.1899445262,-12112.8984001794
7.65248004618,-8788.69962771772
2.95633516261,-12550.8847029264
4.26226702014,-12851.9556564512
4.21588022559,-13842.3124293646
3.20724608838,-10152.6203676419
3.34858126324,-13871.288671128
7.11150881715,13027198.8133326
3.09883910651,-8885.48500431879
7.0967171773,-13144.2141249989
3.55945129719,-11591.2898830899
3.96359971066,-10667.6849509708
7.87582923287,-10741.0857872207
2.73691362228,-15235.3644928434
5.43100001148,-10832.1341924617
4.93148160151,-11723.0898434166
6.64281235471,-12366.5035394921
4.8054836256,-11292.4268771493
4.1432121783,-11280.7245545649
3.45654047476,-9985.4433350233
3.70190690776,-7880.87303700726
4.87535794954,-15817.602686914
7.61031114254,-13630.9416270706
3.87853582288,-9099.10441013126
3.36115270233,-10785.3174628099
3.79545924082,3145641.7924296
4.94741106252,-10845.5402771987
7.85724344477,-10075.1340186724
6.72981477951,-11372.2039861732
8.0701970401,-9195.17744260402
8.3371217571,-10677.3393385551
3.92367084282,-8519.08342988448
7.44996564664,-9133.52591755363
3.16771390256,-9185.98802015675
2.94121258432,-8492.41195420654
4.28216277029,-15078.2664874381
7.69233190678,-10587.6803263707
7.94165278522,-8689.60379142125
4.19904539115,-12251.4553258468
3.20070666026,-10898.22057807
4.65492937501,-12383.4399558434
3.29841225108,-13639.5908272476
3.02273632264,-10658.2977038004
2.89054314299,-13022.4973137626
4.96525934716,-1991.59737156837
5.61396282641,-10091.8801764717
8.09772378642,-10065.4204257195
6.97230005182,-10919.7922532496
6.23615643897,-10739.7678105413
3.74397058228,-8543.90624708507
4.43650592697,-8690.9203298524
3.26309734295,-11264.8605862875
3.91076512518,-8505.59696367417
4.04950762716,-10743.647524202
4.27178604736,-14892.6617616733
7.59456048552,-9042.4460514242
3.11803243618,-9523.81731938141
4.44511440709,-11955.7373776031
3.01251379035,-13085.0549804347
7.53615936023,1825.78322961585
4.21722512142,-11616.9466765719
3.36770646743,-9869.18609370302
3.57575548219,-14076.0486855534
7.50535901384,-13954.6323605982
5.46122307693,-11071.0167930768
5.82669318857,-11549.4637783082
3.24042747231,-14319.2069698366
5.3199457284,-13494.1851235745
4.11349347724,-11742.303752218
4.29482377297,-11032.7388240258
2.99579809759,374849.816470236
4.24012105408,-11190.7448836938
6.0233820833,-12105.8368453937
5.68496429376,-11101.9704818325
7.76420064363,-10598.6696323995
8.28313986304,-8834.62283985296
3.35779992083,-12038.7814060666
3.99693342662,-12571.7956632828
7.56973424728,-9277.09812747622
2.90327365847,-11362.1437638431
3.2991479463,-10989.2006022979
7.85293630604,264791.380370895
3.41427138658,-14745.861029436
8.04392418829,-13186.785268533
4.69308689977,-10582.8900393138
3.77189292483,-7055.37467095336
7.34037756055,-15614.2937051769
8.34415956073,-10591.4980191828
7.78230662947,-11090.0501646527
7.40760104757,-13377.3624814601
8.19416348323,31627198403.4135
5.67134438861,-13058.8222270066
7.61937828292,-10013.1877108445
7.96255288221,-11131.3883743955
7.6183211433,-13908.425241023
5.212074619,-11786.8349768464
4.30357912298,-8786.81406363483
4.41522167711,-11428.3709394021
4.68972457955,-13100.8490423783
3.00295772592,-11696.1747933661
8.01278903449,-10375.136915567
5.33382276269,-11121.4781481957
5.56869471815,-15074.3664009549
3.14537567297,-9252.93232569561
4.11874351309,-14591.5034345456
8.00698864349,-11473.9791640758
3.23249056165,-8013.07806777319
4.83116238862,-14139.0846197932
3.48134903298,-10332.3703311867
5.19479302774,-10143.6326204023
3.78688973046,-12301.424964362
4.90734424984,-11412.4304165239
3.69014259739,-11235.8369520944
7.66708574702,134433.469007783
4.3003190401,-14271.9510636582
4.43245556343,-9932.04727539464
3.9709433409,9124771431.16466
7.79186560341,-10682.5014620592
3.37657873883,-10686.1645549347
8.16796653052,-12105.6223230063
7.64431281301,31752182648.3015
3.56292207541,-12118.9743589755
7.09112930151,-8734.59811980682
5.13062268836,4400015837.99339
5.50242362258,-10384.6771206071
4.10681311346,-12070.1207751648
4.23202201725,-900.582128482436
4.59163169905,-11948.2811987899
7.07056700963,-11805.2934372267
7.88406745859,-13743.1074853957
6.41050457328,-14465.493526142
8.1507574504,-10369.2944858591
3.99968839234,-14816.675104596
3.4787880799,-14123.2542891429
3.669428875,-10386.8862047192
3.34850418167,-9506.51806229906
8.09420943436,-10534.7621574262
6.76987695738,-12802.6915886482
3.41956526226,9713.60394257443
4.72064647113,-15223.5457887207
3.58453447453,5967226.41516881
7.52955248019,-11036.9675411003
4.47919278607,-10159.2836038663
2.69149403347,-11746.0582469247
5.3499575794,-5198.539783235809
3.94382287168,-11681.0943891636
3.56027161715,-11698.9675394222
7.53575469491,-12606.8149786618
7.50584763588,-17319.5745799377
7.67171677472,-8802.05360729704
3.86101758895,-9189.43733406412
3.69621351262,-12569.9856666745
5.41707546642,-11078.6148258507
4.45767531842,-10026.1277499978
3.86979926779,-9884.9752215798
7.98708256721,-12692.7625520567
4.66844574429,-16047.4675098684
3.34100200356,-9166.31077335761
6.03590384255,-10921.4092229259
3.00936841617,-9514.6465408844
3.5967297046,-11428.43297003
5.31810213895,-14718.4623163045
8.24612619451,-12089.6941819277
4.96522829224,-14988.9515898664
3.99281704184,-13977.8619134558
4.12451621645,-10592.3308782419
5.26428216259,-8468.31420490323
3.22477486349,-12953.0247565936
3.39651698287,-14456.4512883586
3.24435684183,-13095.1319145713
4.12851248773,-11224.6491632101
7.71584063599,-11878.7821357066
5.21494794228,-12181.7598770381
3.55063513597,-10035.874203589
8.14450024658,-9939.14294368332
3.41910846462,-12608.254678311
7.96463216162,-9635.3621382451
4.54948345277,-11246.4428235611
3.99060173257,-10300.7548451828
4.1746109949,-10988.8671830189
6.02340060539,-9567.33205313956
6.67571119333,-9924.0518287001
6.42944486654,-12786.934422497
2.88808772837,-12758.0505991362
4.04387174498,-11140.8718614416
5.80341034715,-11315.8520507643
4.21211533371,30555231.4694669
4.61322929968,-12657.8527145368
6.2275372658,-12437.8939916628
3.04169010442,30062879.4006123
7.87997963493,-13637.5477218956
5.80040898539,-17908.6679199778
3.16837264299,-10945.2143511377
3.6909873231,-11339.3429455102
3.48388502115,-9909.56507426435
5.44206457107,-16191.9289438261
7.58805030185,-10749.0436083242
7.15496288915,-13476.4724263174
3.36640859832,-7140.91632520208
3.64144877065,-8756.9110334032
6.46703756617,-10136.7088563098
3.68077318427,-14759.5386337642
5.80620272051,-13446.395913399
3.41580594277,-12218.893110302
3.61864202259,-11954.4034459069
3.69684235113,-13054.7078017366
4.91611851813,-17152.7973631849
3.69278499386,-11456.7855651244
7.77335650079,-7347.14395991395
8.27694521198,-13040.0757512417
3.11517042686,-13496.30038668
8.1463212214,-8825.89384913963
3.12652735053,-9669.04638742734
7.81315254814,-11024.1280700576
8.08468184017,-11386.4467111921
3.95114456478,-10142.8272961117
2.62535762668,-13345.1168182022
3.97965725558,-12155.6610978627
3.5815556963,-14117.8137846104
3.28105222916,-9665.64234459634
7.4578540209,-13189.5291387227
4.66988443051,-9115.94418596463
3.34802577187,-10977.4430168292
7.96661895335,-10589.034099992
4.17586904287,-13392.2256796689
8.22231626074,10336567.4312419
6.17578869378,-10208.7658084731
4.60778390928,-13379.5786399248
7.56852680897,-15628.0618599416
7.65577604899,-13489.2175558497
4.64321000035,-13078.3952801268
7.42472141191,-11831.8064742187
6.0838436159,-12336.5267169584
3.06725052378,-10953.6377967735
7.38598147278,-15883.1888329562
3.0777676101,-11302.2671089913
7.85824761652,-8724.69768477498
3.0309155644,-12020.7540297653
4.33003513222,-15117.8287650395
3.81703927202,-14794.7926212329
4.32583947836,-7301.106305888889
8.15945148102,-7493.17069939079
7.65846813879,43268.9278551952
7.96608575978,-11950.6292948165
7.07166143804,-15991.0258877666
7.42407026866,-15936.1674657001
4.97499875815,-12594.3789083061
5.19074674562,-10914.2242402353
8.25390855514,-8550.60710199989
5.87643050303,-8925.54364770484
7.16287128239,-10115.4673003599
5.85237570683,-13446.40279844
7.47787202993,-14558.1256065613
3.73947639004,-3271.8976614388
8.73466858037,-9203.96182164279
7.45139124913,-8967.70546600518
4.10965858248,-14417.4870029912
3.45188069509,-11230.7570806379
4.14482910863,-12432.3552630514
6.04540231067,-12140.9348795271
4.98093736409,-8579.28383661122
6.36691791129,-10541.6158628211
7.37236752245,-13578.0428822489
8.20523724712,-9544.66879962298
5.60432275148,-11631.1572347509
7.99216337844,-11466.1930033885
7.41232149561,-14710.4885080121
5.50050162629,-10676.4508466575
5.06273358522,-14380.0032390384
6.65818926001,-12785.86036622
2.96785629004,-15075.6435147735
5.34172765761,-14797.4670700197
8.3694064649,75867.1738849993
5.17931855939,-8689.80875722558
8.107142462,-13245.4173631739
3.30028102518,-10186.5371586577
7.36550045747,-12695.2729885515
4.92283632295,-10347.9732669936
3.60454139163,-11946.5537077281
3.59018929977,-10908.5694524877
7.88104752907,-7833.49770173185
4.8293604038,-7100.25978584426
7.31481669271,-9166.71503005507
5.02962172553,-12484.3858416247
3.25257110727,-13134.8481348319
3.03831810433,-10262.9016074285
7.55849255198,-12129.6119210245
2.8008604007,-19050.4564502099
5.25549515656,-12123.9430769596
3.33875866807,-13359.5722469223
4.77482896009,-11587.5742699233
3.19385418819,8446.01705526734
3.84022699137,-10978.3567106484
6.19448586668,-12426.7057503092
4.64053885324,-8911.56536651322
3.15996197629,-10940.4612895108
4.26567704992,-11440.2231098717
5.14946077307,-9229.5051147231
4.37282451501,-14758.7516496032
7.89970931965,-9480.30380678113
4.19587414107,-9582.5766490547
8.16998681112,-10112.2074647602
3.46778618219,-11805.3983321612
3.17862100085,-12671.8106367188
7.68783555904,-9908.13644442122
5.34042209212,-11768.3182694515
7.19220141572,-12071.266171377
4.91637492299,-5461.35787491202
3.00197787883,-10866.1520144626
4.01590781684,-12085.1485896501
4.5120825497,-3153.54309717897
3.50144640634,-9972.8084685219
3.8811094508,-14905.5110892683
6.09924401205,-10765.7357123592
7.60344288488,-10872.797137398
3.35491036045,-13232.7816751034
4.59543764234,-8807.86820902528
3.66763963138,459722395.500232
4.40340700551,-10877.5467105916
5.01751667526,-13395.140499152
2.80662827529,-14548.1602363425
4.15459975715,-10714.3695287268
4.97308316825,-4924.80208227483
7.89903252287,-12712.1932644219
7.95023947758,-8867.14224558528
5.1859680572,-12947.3499769163
4.44167112911,-12082.4774997775
3.41034556182,-15809.2181562444
3.94977711357,-12960.3169749208
6.84093202218,-12850.3476482598
8.58612061039,-8262.84226824135
4.78709991651,-7857.323714253969
3.50068722506,-11239.5547606212
3.17881949707,-13687.5851230676
5.02217555778,-10522.8907219888
8.26075983634,-11420.5041054552
6.30841264076,-13329.2177433343
4.67635896211,-13726.1745644689
5.05974375901,-11833.5216888708
3.67444412727,96960.8693034722
3.25932439806,-13109.869179358
7.92820962597,-9862.5508562962
5.33604116106,-12277.7513339202
3.02284342535,-11011.4960186242
3.68850001759,7.68190668796565e+16
6.15044551645,-13153.6280164534
6.09955689698,-10150.6128045058
8.02495121201,-8512.0490556235
5.09082938263,-10379.7831461431
2.74345782004,-13160.2117216443
4.55412114638,-7663.73220064574
3.87749416082,-10506.3103115527
3.94251280488,-11736.357693438
7.84776073511,-11816.3956626603
7.93136696471,-8437.26608781917
7.63229782872,-9213.30096528175
3.37675388222,-6890.59333441643
4.3478401757,-8088.98021340692
8.24593916396,-10692.9155821896
3.15980319342,-13194.3301017406
3.319366628,-16935.6746984156
4.025250001,-14265.8884106653
3.0338222519,-10496.4406718531
3.72825765107,-11424.4596658383
3.36351390846,-9028.08140779252
7.22929970804,-9535.14417913201
7.96361362459,-8382.42511367383
3.84992590926,-13249.1016396379
2.91904186102,-13984.1556274407
2.86137492368,-8100.09642401178
5.43931411701,-13282.134210067
2.69298612836,-17882.1576673494
3.09087612065,-12172.7711014716
5.00252109562,-8916.51477962891
4.96169017592,-14308.0813795033
4.30424555687,-10233.6841371996
4.25282387711,-4103.65715054649
3.0604628826,-11093.4630953406
5.33674878153,-9006.77509325675
2.89806429855,-13509.5809237207
4.69439386706,-12113.2937115027
8.13489554088,-11803.2809122354
2.96677647292,-11697.5109688294
7.96419678625,-13814.7628862425
6.18775685738,-13399.4161381237
7.18173255938,11400017.049494
3.67739835757,188156.309633566
3.03167129666,-12141.2003945454
3.22532758136,-13543.5186538577
4.3014346238,-11062.6839284554
7.67148779642,-12551.0465112216
3.59982699587,-10483.8172597836
4.98264688381,-10955.9971638517
7.88815099123,-15019.4395455354
7.6414797012,-10150.4648825774
3.21784872952,-11485.9287732361
5.23501371083,-13655.3132873685
6.901857065,-686.607541824173
4.8349495661,-6066.15865162679
4.5459646882,-15772.0766333312
4.67479970192,-10708.2411435764
3.37378436475,-11057.5534338553
3.30499837822,-5783.09643141308
8.16773955396,-13312.7651533157
3.60084520224,-13349.8835077609
4.2796344939,-11402.5738141175
8.43577845894,-10776.8788177032
5.49928219705,-10188.3131538949
8.1234071638,-12940.6819231015
6.32158578894,-8808.27874068651
4.14487104944,-8074.05375360173
7.99749834311,-9884.45264616731
3.2737473785,-11768.0073236645
8.11349881043,-12043.90541816
7.60294181266,-9832.63442022208
8.09631104195,-14276.1166681583
7.16549349864,-11324.7970249378
3.44164790914,-13665.6129789193
4.11256452779,-11850.8499378399
4.24624889018,-14698.8741286445
7.14585493572,-10631.9228622002
3.38889769085,-10962.581400331
5.02718264207,-15693.0456868939
4.5119221728,-7070.03912517683
3.4915542768,-11917.7250540181
7.64566551361,-11937.3621477779
3.6575661503,6646.54809293724
4.04109856632,-15775.2385173954
3.30597190816,80533.1431508469
4.06846875111,-11847.0904753301
7.5573266664,-11083.3956168138
3.64287930165,2346.37746155274
3.82848386914,-12469.1510390085
6.05158713398,-13638.8001091927
3.69052415774,-12035.2458274646
3.93109623454,-14343.8018603523
7.1262762366,-17351.1050628228
7.70234043845,-12330.8874533232
5.60941244987,-16085.9573972473
7.97685467982,-14066.3978520965
3.25951558418,-11554.3426823217
4.16787679119,-7392.99665068354
6.89707295567,-11207.7903804531
7.54962331814,-14174.7095507974
4.45615635814,-13474.5876002249
8.28842451968,-13389.2795779433
5.1870326229,-11130.0220151734
4.84321116886,-11821.8814738589
7.04248374807,-13928.6713621997
7.9573312999,-12680.7148159512
7.73317142569,-13564.8993767238
3.19553835931,262041013.709313
5.11042064577,-11495.5780432933
4.08385414105,-9779.46036524356
7.65657891651,-9785.24174522868
2.86387332227,-12104.8686696345
3.84811226487,-6452.93494215567
3.84941492247,-14609.222561691
4.23650215582,-12525.5126805095
3.59866527152,-12782.5345507823
8.02810125199,-11290.1356252314
3.42350053313,-881.533599826695
5.26879095482,-12805.6475889055
4.68295968347,-11320.3717217271
4.35706537169,1437726.33071106
3.13248623232,-10741.6572530419
3.94524409482,-13865.5142111712
3.9379385032,-13103.1938876601
3.97398176369,-9788.76507114296
2.70140129601,-16053.5341920906
5.88066651341,-14488.0153298623
3.42239073331,-12639.0336180696
4.63919931755,-14220.1552665301
7.73365535712,-12330.5440808904
5.15972951169,-14675.5140522384
3.18151286593,-11123.8084151081
5.43067712356,-13858.1370006388
2.89000154311,-15847.9764347636
6.98111454408,-15806.8113242961
4.37561608026,7512061.50207593
7.97626105897,-11694.6791119827
4.07644840781,-17295.6308632034
2.73161337555,-11727.2678885956
4.16794387979,22500861.958451
3.80492099672,-13961.5319796873
8.01614188507,-14499.6555572924
5.73080271973,-9143.60288783917
4.75551259852,-8814.04876846263
4.61820547354,-12474.737888972
6.69002393168,-10753.5292715986
4.63107411758,-12461.78402112
7.28602625137,-7008.49179439519
7.76826455772,-13160.1299071063
3.00500883614,-10292.4582450193
5.97021510383,-9058.83096880071
7.58773237597,-12888.427969475
4.70696066721,-12073.103527129
7.67657190078,-12515.6477276652
7.76973287707,-14364.3985953331
8.16515317814,-11352.8690715673
5.52246949984,-11700.0333637347
4.59686604218,-9145.00230710608
4.24125734849,-9824.38162788659
3.77832775161,-18548.1241764058
2.74367644223,-8280.54035386413
4.67943177449,-10743.4563047589
3.9483172825,-11308.0368380497
4.88912696722,-11860.260222604
7.22138080972,-11121.8719355653
7.91519143892,-14739.3113963549
2.94519748889,-12685.9121621779
4.40510186576,-13646.6938151376
2.99915121842,-10478.081767592
5.2836631429,-8725.86551248579
4.44764699146,-11403.3246748719
8.36376958514,-15602.6791326665
4.015539672,-11342.9063778517
8.36006813325,-8355.23118174948
8.0583139183,-10917.8754614338
2.86541197555,-11804.9988309329
4.38905424558,-8104.92718533864
5.20302164036,-10833.1894738554
7.53680141072,-11847.301766535
6.54035753166,-15595.7495355086
7.8342557499,-13007.4053326206
7.64960018745,-12057.9203902838
8.30832492509,-8496.24562179869
7.18512746318,-12306.9553321085
8.3385762932,-6787.15585837447
4.52801956918,-13328.7164087686
7.6927419615,-6541.42697774703
3.81484892186,-2482.97492313034
7.47791242916,-9173.28207296251
3.86420784963,-9594.33803910427
3.17958273846,-12448.0045785849
8.21035070827,-8762.47668391795
7.88637989928,-13909.5786437572
7.62050185109,-11691.6099394927
4.92441086285,-12338.2330334921
3.3392290478,-14072.9646145649
2.97513160949,-8370.44781600835
3.20334842336,-9895.01183887906
7.1738396272,-13832.9232939633
7.64977008883,-10655.5480788532
3.6180572523,-13046.4582495861
3.65201148007,-9203.747218931
4.58011288457,-9421.71143881623
7.91854007102,-10594.4700935988
4.7475640827,-9533.79608599333
7.60787651588,-17593.5297428585
7.15728121117,-11212.044300947
4.78049758095,-8995.99382913462
7.83869415822,-9741.35195969988
4.55387280265,-11352.6114347741
3.02750165783,-15222.6210388056
3.95590254654,-12597.5178915779
8.00268926572,1016.26108327677
5.66494076375,-11433.8188284787
4.23707112465,-19025.0948551221
3.30974264509,-13030.7109530359
4.58883497682,-9712.78372998781
8.31135965459,-14849.1410984761
7.94490194766,-13358.1655323916
6.12156108764,-12339.8099504346
8.0835735657,-15891.7455056667
3.59864888436,-12852.7747986728
7.78007523701,-10626.1690407968
3.95459318923,-14222.865863435
6.67392869095,-9290.88379374569
4.97804217336,-11448.8746030552
4.44677447791,-12691.2034690292
7.86615553782,-13287.5975842057
7.82793912073,-10630.7521454595
7.9476779774,-14240.9098170387
5.83977387863,-13927.106490704
3.08236219339,-10624.4823351585
5.54507790024,-11530.7638508785
4.36833965224,-12950.5891006598
4.10420855519,-10783.3290737464
3.12730113233,-9665.07725281836
3.11749419394,122761152.345858
5.85599245691,-14827.1550812953
7.39050925551,-12546.4878024426
3.04858849958,-10192.3845665855
7.4243979338,9420.28913274843
3.57864029875,-14520.2151364447
3.36800307166,-9232.83927623485
7.71546918133,-15338.4071475493
8.21573444156,-8244.36512712143
5.62078259167,-13811.8365860714
4.24632437479,-10378.9299105509
3.91348964123,-11180.5098338859
7.39766300539,-10360.4536015222
8.04350460776,-8501.0375010604
8.16662570021,-9907.32364013483
4.30477164668,-12650.2146722793
4.64870620477,-10298.5733442577
7.43475208524,-10719.4810887384
7.95658017432,-11955.5498717304
5.4502003897,-9962.69642633844
3.12531491276,-9618.65601673085
4.76631561387,-13044.0772819423
3.32400058451,-12810.2580581926
6.2555853847,-17710.2053230636
2.94414170521,-13446.8506988551
7.81979500374,-12471.8251867844
6.74015516292,-11964.9858293756
4.04132936198,-6092.43738712466
4.82233322594,-12418.5348806004
4.53126714231,-9626.26839683429
3.73515538429,-13313.5299516033
2.84656373201,-8836.42384778272
6.28744933249,-12216.6352643221
3.3426508564,-9914.16779787347
3.59628595976,-15606.6777531824
7.60238305363,-11852.8171300785
7.03062106201,-9672.93409283626
7.46976813389,-16859.9912084451
8.33211154625,-8848.62738752844
3.43300051191,-15568.0876951497
3.1270249462,-9461.02391871816
7.63308043102,114371121275180.16
4.29179634432,-14565.3057662612
5.99304463181,-8605.61441943092
3.69200633134,359441.183658064
4.05977686003,-9862.23423358233
7.59352118254,-12211.8643380484
3.14529479574,-11607.029035695
7.83799151634,-12180.8695162612
3.13667609843,-6418.23380030722
3.17287139348,-12724.281432006
8.13927345617,-5549.75712301231
7.64325955702,-13770.1436804168
7.28329470692,-14958.7229706384
4.20148149929,-13010.5911850635
8.08492851789,-7581.03232914563
8.03808835925,-13565.9692258874
7.53985696501,-883.968297432532
3.62207315814,515.741433756277
7.89953118305,-9060.20210739121
3.97411014956,-11486.2841141507
5.29067252046,-8781.88534273258
3.22814286651,-12028.576965625
5.5972350752,-11842.7809693848
5.09691147215,-7606.8367170887
7.81796013586,-10411.7155741454
7.64317046959,-12248.2797458649
7.94211863634,-12916.1879595432
7.22458432811,-10559.2542985169
5.77418000051,-13379.3795975198
3.52108567193,-11732.3777605552
3.74698934053,-13828.4173547367
8.46954341012,-9779.24259340855
6.86352206356,-13705.7912542247
7.64871151094,-11417.5091550688
8.46673369991,-12342.1129045679
7.88089004411,95283.4865672829
5.05641373811,-9830.44594721724
4.88320598205,-12305.932282455
3.17890887633,-12068.213420546
3.73267284924,-12144.566773654
4.14693449758,-9981.6547159439
3.01415452323,-9558.5177693833
8.13823252451,-12567.4978278676
7.39999554178,-12599.886753597
7.78587964921,-16011.7480014025
3.27585497592,-18207.1892480493
3.89536635079,-10514.011492079
5.67824082513,-13353.1400525521
5.97320661031,6.7058643487543e+22
4.72220942417,-8434.82367680908
7.77157351847,-11978.5323460517
3.5752736845,-11285.2490466763
7.40747389789,-13722.7671843687
7.94447820852,-11949.8344584055
5.77717209654,-14551.8174145658
8.40827032253,-13778.0206304821
7.51707284673,-15388.4985941153
4.29355932775,-12316.3736932944
4.06217030409,-8958.58561361794
7.84473345259,-11436.3937125924
7.93807037477,-12045.2090997165
8.3602497242,-13918.9207396167
6.36767724595,-8683.48198738241
3.99177316019,-9635.98859406144
7.1970412575,-9615.87021676885
3.44079582087,-9532.17631400755
7.55307642441,-11152.7895690393
7.79844167807,-7354.6824095841
3.05040178816,-10818.0428239278
7.77148882904,-10009.9685956065
2.83873064056,-14508.6220323836
4.11989635054,-16704.0079989547
4.93659892232,-15840.2640097828
3.15342024491,-19164.012492832
5.46734330266,-8079.32015275641
8.04124509914,-8471.17504705369
8.28102611846,-11289.3820078014
3.57499093019,71497246.9648288
5.71676694919,-11041.095185415
5.29249696148,-14348.9352113383
4.37609440102,-11421.3454651087
3.88235092408,-7380.58916308184
7.81528759387,9.41245794346387e+17
5.28673585825,11951387332.9775
3.40500018949,-11063.814582547
3.27309319249,-11094.8767453137
4.48251889549,-10027.9448689891
4.31297283876,-13744.7596864654
7.16746592304,-13215.0497741081
7.48791495678,5484389174.61294
6.62363714144,-15186.109085234
3.76526675071,-10338.5698876805
8.2161446385,-11058.1880195562
7.90265754082,-7546.87572598493
7.54645432502,-8828.12826778187
6.19858247755,-15590.7990767563
4.91933044926,-9366.19237290401
4.35694080156,-17717.1435815827
4.98554460783,-12918.3734159629
6.68661505734,-9607.07263213253
3.38813396899,-15775.8983429503
8.44484277124,-12729.1723683792
4.28084794855,-7269.15159531304
8.18370102478,-13198.6801447031
7.80808317429,-11182.7634713946
7.94483023808,-12939.1370085883
7.35638185736,-10433.9580743152
7.80955305649,-14370.1239281348
7.68011528347,-14807.81569877
3.36452750834,-8874.59609909479
8.37396799592,-9682.62309538218
4.36854140236,-12976.3138888162
3.60519301443,-10073.3426568324
4.9494986974,-11381.1400605274
5.51688806959,-8419.59755337409
4.38461530852,-10744.8851791698
4.20525616345,450807.536873167
8.17693007048,-6696.87010766976
7.65868095692,-7578.26730309066
7.44256217912,-12926.7055001757
7.77216661045,-11801.7906834884
4.02554109644,-9957.99843081408
3.8423356677,-14072.1279076934
7.14486699704,-14020.0569134926
7.93975420438,-12325.7050968481
6.80891639912,-9013.41088813893
5.18806401453,-12073.9241348518
5.2422356097,-12525.5217569361
7.77410141065,-10191.2853479075
3.94456965368,-13594.0793815267
4.11295923012,-10972.7754694443
6.12032514253,-11041.5449694547
7.73395069696,326345.380173176
4.4411805496,-11572.06400275
3.83428273642,-12067.2010460133
4.19960271,-11293.9266896671
7.68658845981,-9906.19327040251
3.62276831452,-12992.8140435545
5.20238386931,-14568.8776313473
7.86417907513,-11380.2020051628
4.13364993232,-11302.2138067586
8.14728526302,-7825.50288995986
4.00533790226,-11961.747240797
3.39536504517,-11607.2663196095
3.4598999604,-8141.13082061732
5.20933564539,-13197.7316525539
4.27660578562,5006604666857.12
6.71967091696,-7221.29994894184
3.69813765931,-11682.2208699684
6.91821518101,1154.4977451076
5.09910154704,-11685.2453630416
7.65204124831,-16132.3829805141
3.1669439239,-7723.69265038085
5.10861631138,-11873.1110587088
3.40151255781,-8417.40939284382
7.91427676358,-14077.666433908
6.06120939419,-9375.55477816387
3.65623474467,-14229.4319450695
3.24449019227,-9254.4317344982
4.68185587668,-10509.5194263819
3.09624049199,-13298.1531113206
8.16267841321,-10784.1911739194
7.9955071754,-10864.2943892512
4.18498432099,-14540.3277349715
3.59914863772,-11793.8154537453
3.77424572655,-7422.7148849219
7.1644632887,-10568.7235172556
7.83444070643,-13953.6161186349
2.93677766705,-7918.63427739707
3.93330328271,-19800.6950874493
7.94521400491,-14839.9357987993
4.55645900928,-16178.1373415762
7.34403224497,-10019.6827533742
5.43520652772,-11596.251146705
7.82217238469,-14884.6791595388
3.85797365844,-14494.1840092785
8.23989756633,-10095.3031094637
4.88122351358,-12241.7352747428
5.52877018407,-10207.1774120267
3.36864805485,-12447.8489444688
6.11834388884,-12292.7455279231
6.67610953485,-11592.9435940166
6.99616933797,-12196.5149145666
4.56711696938,-13809.8480123738
3.83608322556,-10181.6129817936
7.99451175819,-14541.4149458141
3.45828191901,-14178.2935137644
6.22458841352,-11215.2451190508
4.80908061587,-6371.6326448443
6.68532767207,-12291.420692836
5.00897115542,-9516.71909550624
6.43591035402,-12736.5532015329
3.87198116802,-10339.6859767327
4.15034685311,-9574.48943924242
8.18088811744,-13357.7756948409
7.9375981687,-10633.4847357348
2.87319822671,-13657.5973906021
4.11648230659,-16235.4843700116
4.43324059481,-7290.09746593008
5.91019028419,-8044.5478828252
7.85564844687,-961.652793484691
5.58409643988,-9135.92538185663
2.944677013,-8593.13632431453
3.1458871044,-11480.5468423922
4.02760008194,-8533.14582637135
3.12332496504,-6408.87654357166
4.37519872213,-9144.14054790521
4.53078562352,-12520.236232669
4.48060762863,-13543.0898295277
3.9965065181,-8969.57523901283
3.21387822736,-12474.4771663784
7.56867832811,-10351.1085543295
4.10740195905,-6984.79899535515
7.76508126736,-11864.8465296703
3.91411928811,51260794374.8048
4.06686613284,-9389.38221435413
4.36183452969,-10223.1587438755
4.45926510176,-12514.8272942521
3.25359163483,-12170.3773394052
3.70029165297,-6970.38528097081
6.09704118332,-9700.31064227238
8.32061706842,-11532.0786294573
8.16568715649,-12396.9578511371
3.03343199258,-13158.7731131181
3.78095530103,-8411.83052928216
5.94351349015,-10096.7640227302
7.80190403214,-9654.75292409824
2.42802991308,-12066.0675413123
7.80326908971,-11001.6757638502
3.78340980806,-9751.97331935395
3.4208648292,-8361.68817217099
7.55179432922,-9327.86669728112
8.21791821433,-10152.2313269184
5.39739673922,-13835.9878542986
3.66926435358,-11823.5331437826
7.67719257732,-13055.1946821259
4.86167495395,-9250.17165204152
4.81272841158,-12339.8886140504
3.29079404404,-11058.7451501797
3.15408813031,-12277.6178009931
4.40113472171,-12757.6096878518
6.52674361139,-8761.67013861073
6.2183913074,43339358827.7427
2.97252536446,-14484.4354100386
4.72389532261,-13516.2651699179
5.18948478963,-12294.8994708214
4.30842836611,-10052.9229411545
7.07551094812,-12153.5852637658
3.84446974549,-13418.2851621383
3.53409314872,-13368.3741797015
7.27822286578,-12774.3789874223
4.96592351474,-13291.0375748523
5.6756358964,-7662.13676680324
4.80221213478,-11605.5355104126
3.41698963635,-13288.7945688111
4.4759857816,-11040.0350753503
7.5761812478,-19114.7470876334
7.40783549133,-8758.0105504145
8.21309474833,-12865.6467239513
3.36556309292,-13427.7242096968
4.0922092987,-12340.1235881439
7.48973108664,-9708.01523454116
3.79667034649,-10695.4147837163
6.88494475792,-9015.15628203644
3.24497765239,-12758.0379568065
2.93895283352,8644.41749068887
7.53595116658,-8004.91475472482
7.78804261038,-11749.567330874
4.98943504742,-11762.2801003478
7.71924682667,-11713.7617337284
3.35352710196,-8411.12188672928
7.17600215478,-14378.0792762124
7.91806963967,-13828.4131975492
7.96605048903,-12145.923157092
3.47889282481,-20082.7902060663
8.09979346127,-8990.32417117143
4.07695531348,-9045.83348039343
8.1095180091,-12906.3212376518
5.09089653227,-8886.15744408174
2.84148445583,-13178.8703187926
5.24891523405,-11517.3830273904
3.90136836446,-10641.49123743
4.32016565828,-10174.334535778
7.43483389514,-9839.08686996711
4.63600854553,-13006.8224434629
6.0857351865,-11126.8452889167
4.34402969555,-12343.5447267585
8.03027688968,-10852.6130705
7.55761107099,-13209.1915793337
3.8552259535,-13007.2608606721
4.80847167064,-16012.904281262
3.37590709383,-8755.77380266483
7.81852251675,1375.30491708213
4.84177493428,-14153.6866218783
5.16003274487,-9099.9821558183
5.53463729511,-3340.57698954791
4.34156132255,-10593.1977846634
8.29453999623,-18306.308167337
5.41212635273,-8033.245060665569
5.57542141734,-9588.71655723246
7.79875022871,-9339.65053373214
8.51109360889,-13849.5114983082
4.64182252909,-8838.13097566591
4.54201561042,-10975.2747769345
5.85740117971,-16139.9360838534
7.08540686028,-10452.2243873857
4.87555454696,-12562.1239823627
5.03460860281,-12399.565944155
4.66021391022,-9252.0930797316
7.75802832783,-15281.3990513619
4.6708457946,-9841.9185055397
4.19750659368,-13174.0089971196
4.48090048915,-11972.5404536045
2.97731773113,-10957.1871043099
5.17558336784,117194.417891477
8.20557658487,-11154.1828265901
5.4191206718,-18445.905467859
7.99992455808,-9894.74435105743
7.85000359677,-11951.7827733339
8.25145566521,-5371.72936946625
6.27156376616,-15240.8993071569
5.03345616371,-13250.3449364091
3.21281968533,-13479.9802329355
7.29318752343,-10707.9763710516
3.22652231759,-7881.03360958318
4.34107035373,-6469.72696243724
5.42918545687,-12807.8433102823
4.19082134671,-13127.2480752505
8.35155414077,-11046.5833323334
2.47283942,335385.525044413
4.40011724292,-14276.8491253058
6.42178314666,-12211.3216167646
7.03314668223,-12013.206431634
6.49133336967,-9912.56415262666
4.07445754079,-12418.7487524754
8.12801411265,-12783.3956560509
4.97453521237,1923827.75415742
2.90662089511,-13578.335929537
8.13416560402,-7934.60037020862
7.70935618418,-4876.31778272618
3.89914253501,-17524.7580258533
4.1177941861,-11433.1309875031
7.75765676985,-10048.7184964023
7.29374530855,-17426.5237321907
4.38342718221,126274979001.31
6.98380566833,-10509.5324590183
7.1345470047,-11673.6133285281
3.35005421443,-8614.03067595024
3.01313050072,-11486.8732496086
4.46746305583,-10528.7426054701
4.39449062026,-12678.2470580928
3.28120811961,-13705.8880469734
3.56028791943,-6446.08279006258
4.422704371,-11662.1149604608
3.73866904226,-10848.3516831641
7.06761279335,-7680.39286977651
2.93420186916,-10515.6230672919
3.18617402884,-9727.5127951503
6.88419817937,-14341.128018591
5.1055919906,-15076.0982913589
8.63055063217,-11673.4307473741
5.74185514694,-10852.1694091273
5.26592374503,2138.46845785607
5.86263955946,4872.05769794672
7.36379593304,-16752.4751469404
3.83630800272,-5126.13178547799
7.43011625151,-14280.8530198702
7.5134836096,-13034.1443119943
5.45109879854,-10515.3295051087
8.12128898642,-14908.3894105833
4.82803202471,-11159.2666541766
3.73607890579,-13567.4601819504
3.17009941654,23763260491.755
3.45843929032,-12726.0433573199
4.25468003219,-11295.8618106645
8.23764943268,-15189.757753908
4.44628655931,-7162.53276757476
4.15493017817,-10062.8153847305
3.5969260076,-10721.8989098512
3.21306002712,-13551.3973053182
3.77785618023,-11627.3545461383
4.20321477626,7621138.57870348
7.62732603787,-12768.8955322802
3.1193209551,-12869.1892331803
4.62847272137,-13393.5602579622
3.69586660833,-9553.72303590732
3.34526909337,-190.872575283021
6.73589911514,-12259.0327699106
2.8496764688,-201.538857945006
2.78729549219,-13519.4604786857
6.1616259973,-10234.980808091
4.00999545402,-11231.7449346914
8.19029617868,44481469.7282102
3.72481911037,-11263.6618593637
5.79928844894,-9675.79625085828
2.98787950978,-9256.24744890874
7.26076287193,-10579.8066168207
7.4964956474,-10129.2905138433
7.19574294357,-9918.84231493634
3.72009178466,-12143.1655939461
8.12350169594,-12311.7053064913
5.5650960608,-13343.2130117536
7.94228143721,-8006.2122549607
4.93501361888,-10141.1587396834
2.74595976508,-18188.8211254317
5.6417560535,-8885.16259747905
3.96888755094,-14407.5549672499
4.59931165175,-12141.9086862251
3.66464873405,-9982.0281812466
2.83038304932,-16196.3648346541
4.92150500081,-10989.660899106
4.91038036048,78146740556048.2
8.00474309571,-8894.58589325888
8.31446105922,134441.048437698
5.09388135524,-15940.0237790644
7.81793100774,-13720.4044663095
4.45036339717,-16200.7330337078
3.33777343994,-9686.17494478564
7.77885046794,-10826.452987264
7.18815611453,-9889.70985082254
7.234125199,-11144.5152162752
2.5630996074,-11027.1422278163
7.24390541788,-9579.69430466217
4.3799013173,-10594.5219388668
4.38034111075,-9588.4652541942
4.66864393163,-7253.96425439076
7.51470165195,-14557.3323447067
5.32689164804,-9689.10697667959
7.38160772277,-13474.9899584631
5.5373452922,-11396.5973745663
3.9367689029,-15901.0690646583
4.16566761151,-10015.8594383989
4.80705723174,-10798.1076823902
3.36945270081,501161.809790972
3.16401676122,-11946.4442298457
8.2842315366,-12243.3366656442
3.11754592152,-12441.2827005536
3.93462812263,-14524.4085813801
4.43656824111,-11434.177834845
3.43830883751,-12203.6038644589
3.81625138106,-12617.2551626039
3.00711905393,-15698.3858780649
4.36956617308,-13105.5384596512
3.03907529951,-12434.0268592936
5.8206184481,-15072.3804955335
3.99715457953,-8219.33097465442
6.98543611187,-13517.8335431581
4.07313181786,-11757.6432634304
4.65735319006,-13097.7755700523
3.72747161398,-11494.8220587521
5.99410358044,-14064.2698733913
5.23315819904,-12534.6781516192
5.25726747086,-7226.85847557097
3.08390058757,-11773.2938245702
7.3714479671,-13721.275042285
4.2049360133,-12164.495639697
4.63374728341,-14054.3895293583
5.57041507468,-15459.1178771972
3.14402190698,134812856.378921
3.85781098515,-241.748791829476
8.26565476989,-11959.5239031654
4.10418140058,-13228.6237848783
7.47864161506,-10601.4826019877
4.87060662365,-10679.7024864665
3.19742783533,-11673.2324335257
3.43704381972,-13063.9371196655
4.20112259176,-8626.50405086362
8.0549762448,-11604.3129971239
5.79690132422,-8102.05919724878
6.31266124923,-11915.6217968165
4.82876284316,-8892.45268759053
7.74143480983,-13413.8782386545
8.07494628975,-10055.8702331033
4.63692187841,-9862.13254189677
7.93939368678,-9304.03979226307
2.6143493969,-7967.1000031754
4.74778857665,-7039.74572025168
4.16562127563,-13156.5014182847
3.58084823726,-9632.76203624251
7.24617477744,-11296.7282512736
3.82194107492,-13270.8612767999
4.62691708323,-12518.8375225262
7.96859142634,-11468.7898827397
4.93962522745,-13088.7266611445
7.62734618718,-11139.4056328787
7.41223105034,-14346.5099460531
3.27509759601,-10370.0262833522
3.24680041026,-7888.7020408176195
3.2456266005,-7657.15551389133
4.69266720932,-13258.1252918281
6.65179568968,-12852.3696787528
4.52989728257,-13215.7830343866
7.37805718093,-14818.1931107318
4.25578130069,-13564.6567621327
5.79834039917,-13277.4104342434
4.57227121214,-10755.3850685183
7.93600402952,-18968.5158056533
7.96090221413,-12088.4594503694
3.93452005678,-10776.2373310937
4.75060771025,-12205.7924452168
4.80424763497,-10006.8885731736
3.21209695743,-10935.5143932749
7.81326045382,-9750.5447036087
7.70004587345,-11485.9084908172
2.98569572618,-15245.136288152
5.43502162791,-12782.883416355
3.32516751216,-14333.6867855322
3.56364125665,-15608.0325268095
3.04754407654,-8865.83003774824
5.87426368989,-10646.8863951108
3.91364741834,-10961.3795062017
4.77067300634,-9162.77244473693
6.84136963321,-12564.4563703709
8.11899112776,-10336.9365443792
8.10112517861,151966.905812326
4.67716139795,-10012.9383863149
7.73355640091,-8387.07777244019
4.9735292265,-12109.8887454186
3.48622948883,7735.70784786119
3.45700781764,-16401.9219315809
4.28534515341,-12435.4972890446
2.98159817769,-13542.5453803159
4.87207687818,-15805.7786234378
3.29007333972,-13207.4702765176
5.48227901748,-14425.1913532256
7.55827832838,-9772.07769294945
4.19765244951,-9833.40029050923
4.35637662503,-11987.3002269421
8.17056255712,-10103.8970209384
5.71827289123,-9412.71825010595
3.16673750973,-10786.521643655
8.03424601569,-9371.733911001
7.83156154362,-10436.4118532422
3.24069283714,-12261.4138716361
5.86282452758,-12765.8827700377
4.42675247809,-9838.72109106169
2.68232230949,-10596.1624722569
4.5095541978,-13554.5042515183
4.62554575197,-10849.6489074658
8.23465076847,-13301.2857792252
7.58585245497,-13753.2103785033
3.29457103757,-9589.50689841916
7.40905052856,-10984.8477031813
5.1077406718,-12528.3104441508
4.07083289291,-15377.945227922
4.66107587838,-15685.225421566
3.2329006084,38452.4353051052
4.14178103438,-13038.1424959732
4.26910209424,-10604.1888692154
7.65840314293,-11377.0680915498
7.49278275759,-15397.7613187809
8.20734819553,-3230.62086028936
3.37397177808,-10732.9650629537
7.60325792509,-13232.9104164188
5.72064120138,-12479.5941125846
3.68196263586,-10299.9287668208
7.0153089793,-15698.2653388813
4.46865333387,-9526.06860212538
4.41372295682,392417303.26209694
4.75081299676,-7519.74327284473
7.50819307204,-13715.1126757604
8.0186767974,-10341.2014821805
7.76960034215,-13306.1178855101
7.87740857308,-14719.3179337952
4.64129913248,-14713.7674201563
3.72482864725,-10696.4633923511
3.15632925441,-10608.9659277402
3.9498196079,-10347.5714769122
3.91697776147,-16231.0875775443
6.09940429279,-11165.1567119231
5.1680835857,-7320.7912275456
7.97478393547,-12291.6574073698
2.99788343164,-15096.4470201225
6.59822523389,-12079.8744245633
8.12489993174,-11269.0520845855
3.30982678479,-8089.40489633186
8.00593199141,-9183.23826690916
5.23607782087,-14854.5360969826
3.94959850902,492972.063363289
7.65598929715,-11912.9253746467
8.56382142706,-9293.28147120512
8.01474379062,4522287032363.28
3.39708855684,-10435.1721376863
3.76131930094,-13172.384192559
4.1529024078,-12856.3479958756
2.87471661137,40872.5046211462
6.02225406873,-14657.6924049192
6.63712242976,-15646.8416494
4.3398279442,-9422.57711122034
5.72291914804,-7716.56922407434
7.92538502276,-11561.8362879423
5.53159676502,228614.120228244
4.84338202008,-13631.9135458523
3.15990745315,-13202.0072962225
3.89620370188,-15588.3983217233
2.75773337302,-10113.7753586408
5.06423187311,-10476.1082030373
3.95505074705,50025.2086211004
4.49811872879,-10368.9174207896
5.85680569963,-10954.6636422672
5.58297138113,-11690.6848334373
7.71639398491,-14085.205705925
4.6866642616,-10243.9828562644
8.08776223238,-12756.8237407146
6.32638452783,-9458.32701620924
8.08974767628,-11691.9920277325
3.94158562569,-9199.24204992831
8.0646538458,1.42400226068532e+17
4.57336660962,-11859.4624966679
3.24140737836,4547472.42070899
8.03458348871,-14103.9362844689
7.88960449593,-15036.9717204202
3.25301259297,-13458.7213693029
2.89440679136,-4222.39740082942
5.71169149435,-223.591669326916
3.44213706502,-13213.577865825
8.30797696662,-8648.98199028773
7.95393230633,-16263.5707029539
5.35667468441,-10007.9123845865
7.69450258879,-17669.6781893769
3.60996783196,-13301.297594634
3.96615567961,-12641.3082039325
3.86570731018,-13578.6287116529
7.99493880817,-8777.92763518302
2.98895714082,-11038.1861017705
7.76129399243,-12967.1641454026
3.91951658417,-12026.5914649953
3.27174235935,-12383.9762392247
7.6148497929,-16629.1425332293
5.44467364795,-9285.29073173326
8.43129806273,-13778.5608287994
4.46064218181,-10865.0891001103
3.73348735728,-8074.2538633646
3.54953898012,-10385.3904861097
4.66041185008,-15828.2706939526
4.13548580613,-7883.65913190871
8.1817415876,-7322.08954502737
5.23827023697,-13250.4636514976
3.50986717782,-10848.5310378895
3.74914124857,-12881.7335427209
7.86325975389,-9641.02224244245
7.58282017144,-10194.9836002784
5.57553327858,-10258.3114758681
7.81811107448,-12633.1194761243
6.88153012304,-7947.28825611779
4.90527319455,-11421.1963661291
3.85587097509,-7651.60912852604
5.49292027248,-15937.8028103383
3.58463214443,-13620.1161924826
7.34311761068,-7855.38471842443
6.30207849762,-11623.3984569214
4.20590985239,-7731.15373280743
7.80125239946,-14121.628472896
3.58106427593,-9393.14786388686
6.40928027261,-10907.1092900493
7.55411217108,-11725.853469828
4.12374249414,-8806.61174887268
4.75813854354,-11170.1738259014
7.98231288782,-10606.0761181481
4.65564369093,-9050.55586386342
3.19390281457,-10822.0743520315
4.63639693393,-3654.20679723202
7.99417806586,-12855.8933017615
6.56193009031,-10916.406500942
4.21859171349,-12308.003178726
7.09415432721,-15616.2830613319
3.56179060339,-15000.3660191091
2.95555068278,1401650913.08582
4.98675258266,-18269.3592122093
4.06679336472,-12516.3460672934
7.26154734112,-12253.3015104795
6.15718082814,-10929.8646401406
8.31474125136,-11038.4712266999
7.58394521469,456810013.440881
4.906358196,-10246.4023032906
8.07168079359,-11907.635148932
5.79729026158,-11948.3450917304
2.9561059898,-9408.38385439165
5.73954188765,-9088.71954331476
5.16591956141,-10377.4082207198
7.77280376621,-13934.9900649441
3.19840699826,-11973.2636123728
4.06015330834,-11540.3709865678
6.1297526015,-13321.9084834572
7.80528645,-12059.7688181985
8.15810531635,-11359.8490394364
7.97060306691,-7378.453361340369
3.52495809155,-13120.3777930122
4.73502315969,50197101197.7525
4.57326594362,-12337.3943553652
8.01147994955,-9663.12519424697
5.3801412012,-10397.4812102194
4.50192473996,-10020.3332209613
6.43163415976,-11003.662126608
7.72876055405,-11407.8423682257
7.89582998295,-11320.9851444586
4.11069149703,-12032.6949626509
4.6335113532,-16910.0388858176
3.37110362364,-11528.8399880629
3.55895623461,-15367.1643751732
5.00226437553,-16409.0978498052
4.41708320972,-9442.56391178311
7.38605683204,-10663.5667618326
7.66233019959,-9738.37239579424
3.06155746512,-11557.6519475785
7.3934399742,-12596.4562552411
5.00940483733,-11549.2892060918
7.87659293388,-12236.4718132929
6.71064816761,-6869.8086246231
3.43575463572,-12578.6305461227
8.54378150361,-9773.18780280826
5.02076060036,-13062.3510098528
7.20913789192,-9274.47898449936
8.19698384116,-11717.0506513816
5.01719563198,-10932.1759314358
3.9028722498,-10665.891313415
6.76888339267,-8173.45227064873
8.00839326974,-10670.0764501873
4.31291236956,-10902.2575474385
3.03067194836,-17745.2138539894
3.3713552049,10983.3586807825
7.90244807015,-11339.2369088009
3.83504581882,-12159.3756704564
3.85049187378,-13182.5441834787
3.24436519176,-3847.4111869949
7.03710384765,-626.143227680073
7.77064117602,-14461.9824813084
6.47779441402,-13988.7901002582
3.58669502646,-13198.7253429733
7.7555550193,-13304.5320524877
3.18534150444,-13871.1029509952
3.49561455094,-15045.556676975
7.34465581592,-15513.8710957161
2.91590253443,-10765.5835704034
6.60785803287,-10836.5265097273
3.4742568521,-10052.6901399585
7.47251398599,-13100.9826874761
7.80071482824,16204.9124086043
7.93366870992,-13301.2280754101
7.41604763099,-10465.4871415129
7.63957043065,-11115.6087267886
4.43511166521,-10634.7082777347
4.86262510144,-14553.6658187065
6.95448557559,-12740.1232116019
3.94300792985,14212793.9169507
5.9990968092,-12726.1633057338
5.06717530027,-14015.9139112494
5.23337613437,-9110.03248922521
5.32197545735,-13550.3207120712
5.95202050115,-13906.5824699155
5.58547335599,-11278.4091176444
4.1667544301,-10216.645009231
7.28606875899,-11356.5653798406
3.78069061112,-15174.1505516061
7.64890556417,-12305.6896654315
7.44361427558,-13320.4462209911
7.8987302515,-15260.842270693
7.02898754547,-16797.5296830761
4.49404964846,-11669.6732811377
8.42715355246,-9955.92669263472
3.31336456654,-11765.6096674951
8.16000018324,-11028.1500867336
4.30073694101,-13808.6141359041
7.58469731712,-13230.5964534686
7.66419333066,244938.40476639
8.0777837925,-12866.1465490746
3.56518068574,-11981.1005999589
8.01874939982,-11312.058317603
3.66345307405,-10804.6450409221
7.48371098468,-9791.06732359793
8.10562481082,-10084.5634164429
7.34962539742,-15327.1245180861
3.68317063417,-10485.9787229496
7.94900008319,-7375.632598176
8.03285574825,-10617.9311637365
4.25961854575,-10213.2953968952
4.46111602212,-8266.89150147815
8.05477746986,3014336029.13834
3.11414343591,-11022.4195704955
7.45041581474,-9719.26723797067
6.82362709979,-13372.5028093932
7.74940231981,-9866.67944954003
3.04618598299,-10212.1123628903
5.52861138732,-9809.79813371166
8.26698402648,-11946.8242642184
8.15094804246,-9923.78468947979
3.7297291693,-15329.0311503546
7.35067897507,-11074.187338593
3.47496686501,-13342.4993155865
4.70547889003,-10344.7009864445
3.12413996855,-13226.2929362131
8.233344146,-11132.8117378488
6.06200282308,-12860.7511737972
4.80186580204,-13326.7516139809
5.23169558308,-12923.6106558145
7.21199086287,-8973.47762688516
7.3627759376,-13425.4674155953
6.29532324333,-12425.1492279245
3.23095187733,-10088.1323291192
4.7934084821,-11908.8864713305
6.3585902244,-12313.0411118916
4.9171580301,-11996.3171659597
5.61817995103,-13664.4397174835
8.13871611637,-6385.6657197275
4.70117863853,-12528.5633490515
4.22879664756,-12314.0333157152
3.00343864934,-13446.8124818309
3.67473641256,-12237.1595800108
3.77402585808,-13377.7720894807
6.73037542984,-12440.6084671892
7.28407652249,-11356.0273401264
3.36780722827,-11497.4885494019
3.4538305442,-12174.4419408073
2.5315442022,-13685.1512178031
7.76044296416,-14996.3179696616
3.53939729284,-12201.9692946327
7.35364105843,-18011.4764850639
3.80954525671,-11846.5118533042
7.45178405481,-12457.5893877676
7.62961301559,-13857.7315638226
2.94562216829,-10991.3301186726
5.37726084435,-12723.6534604509
8.11960590236,-12898.3997413969
6.13420346082,-11481.9421877736
7.83907382939,-10166.5513935054
3.72562626523,-11417.7408145156
4.39245227729,-9844.02317239439
8.18635697334,-10708.7612283078
8.19756280812,-13999.3875176324
5.64537417545,-10796.4344029068
7.79022251097,-11627.1634705046
3.31101828857,-13792.4696754153
3.92358355324,-11270.3573266973
6.03319650731,-13092.7135263743
7.77666663144,-10920.1244540113
3.40794049934,-11484.4325794891
4.98797708341,35320243.0118868
2.65240600921,-9731.83290034594
6.71977001511,-14830.7974395801
3.79751582956,1865.89891626551
2.37853739308,-11705.9524157571
3.57103113573,-12733.3573741245
7.20352656812,1233144.49543646
4.83859208288,-12889.2007371528
7.82544246584,-11568.0300588371
8.10049633996,-10933.2776302226
4.30962822653,-9233.70207434329
6.31329683244,-17603.2082849165
3.14244336657,-8928.06024550619
8.20500485394,-15178.02741237
8.2026960285,-13889.696793124
3.95644806509,-13188.1784021912
2.71407143194,-12356.4512949696
4.05492434538,-6954.62427383613
5.4431189073,-13164.4827127237
3.28857569865,-15441.8122864789
6.8922616457,-13114.8974722361
3.63413561464,-10727.4609809116
2.95025800966,339877.629578375
3.11874812849,-12483.176736129
8.23633109628,-14453.5045837057
7.66432500277,-11730.0988743118
6.64039319535,-12627.4468714328
7.83576093246,-13048.3985834215
7.8791136366,-9568.76172914611
8.5771703302,-5395.75480477759
3.01847423708,-12042.9423244348
3.37769781823,-11339.6694810071
7.64892140474,-13070.6293864387
4.18931714642,-13197.1290302725
6.15817760227,-15194.1944414776
4.62235687458,-6575.54581554648
3.81612376288,-10409.342525419
4.62038236624,-10380.9592665485
4.57481642969,-11766.7041383508
7.54132820963,-10483.5335535392
7.41871156398,-12266.4982993641
7.93293813581,-11470.0761428612
4.39123473975,-10353.5679696602
5.10238636952,-16204.82025284
3.71310535944,-9266.42873336227
8.49615569809,-14996.2555776967
5.16351617603,-12653.4280766482
7.80003624919,-14686.4094053673
2.86506358976,-14220.1286462422
6.58123802939,-11401.3192585353
6.65754243403,-10584.2707754714
8.22549481823,-8111.71712334129
7.71826275777,-14810.1952936906
6.63892049336,-13957.5882440135
7.88946156261,-7987.02347066389
3.79369255925,-11596.7502102845
5.54248220912,-11806.0181210377
7.81683844227,-12307.7166300038
6.3967686099,-12786.1949447351
3.39560946112,-10681.9999533198
3.71303427248,-11779.5410489122
3.49061920805,-12350.6901696451
3.11167909472,-14051.8713136595
6.39811434779,-14957.4986488299
3.19178096972,-13955.1337570378
7.60762841614,-14161.2132183875
8.13955342548,-9345.34692613435
3.07358159191,-11069.7681154229
4.3775251994,-13014.9013621611
3.91269989715,-9193.09812342222
2.69411308551,-8348.09529300974
5.59511737057,-11462.2163788828
5.61613725098,-13346.3929712779
4.82114881529,-13061.2539860344
8.13350259143,-8798.33978683609
8.26839824872,-11988.3529854385
3.56360975237,-13934.0234779179
7.30520392771,-12425.2793237422
3.11476368979,-8168.26981226755
6.13955459897,-12468.6392142101
7.6784028584,-14984.4348533496
7.94889810714,-11994.8201015764
2.96458525579,-11814.5436526472
7.62026858716,-13410.588820155
2.76963795134,-10998.5281582978
6.97719318323,-12262.45958592
6.08646515157,-9399.04836187337
3.93071958164,-9998.47635758605
6.04616461157,-14897.8462619441
3.57043777479,-10854.7303711429
5.90291590121,-14054.1743857711
4.62523206822,-9199.7788086208
8.57547171841,-12940.0191150693
4.86996401886,-10141.8232175528
7.5437196205,-13503.9354415042
6.84373441638,-14487.6188710204
4.10095880273,264573.40340283
4.01690785267,-10056.1087169207
4.08313544952,-11506.6820958217
3.26093270825,-6119.65898845339
7.71673312091,-15120.1147999562
8.05925226029,-9747.49877870685
4.12874036221,-13710.0959606882
3.98316411763,80303.7453448167
5.13732772585,-10731.952111947
8.01960605252,-11076.6639400244
7.79151401303,-9805.82435471166
4.82116757728,-13945.0239081835
3.94829809138,-12482.3749741156
3.98083050385,-12877.2122597985
3.51144754425,-11186.3980221569
3.8745230396,-10579.1690259146
4.79522223908,-11228.5080767845
2.94086042792,-8465.45288892624
8.24914262384,-11440.0419410374
3.76331378704,-13182.5812203114
5.02384196974,-23261.8302853617
7.0407384814,-12739.2433376976
7.91717989846,-10092.7616006204
3.85735156276,-12806.367037795
7.01499197122,-13629.5714489702
7.12320854396,-8297.20896704457
3.44136644948,-12513.0828928364
5.31987769973,-9348.45483909434
7.89447053235,-11610.7947376889
2.95310372018,-8213.27137046067
7.6723804337,4963.76462588542
3.87976902253,-10180.8503331832
3.21621573917,18595713.951684
4.35293744356,-11589.7497477635
5.54731492725,-9524.66100133774
8.17696086004,-11790.0629138848
6.41049564408,74878.4049954347
8.05216158853,-9031.64282191216
3.57716152242,-8017.78866827304
3.8122016603,-11051.4288050153
6.88864671952,-12708.0638702669
7.85521992846,-8166.95095374492
3.03610594257,-12392.1127150185
2.81490187689,-14685.2611392547
4.19819255003,-9480.18922865818
4.63593563003,-10441.8781329395
6.39762352582,-11766.6892792335
7.83537005257,-14657.2053924397
6.06152240155,-12058.5918930693
8.05362284275,-9220.68908643745
6.37041229131,143973.198150203
8.20142229688,-12676.7635489324
3.96843782517,-14399.7676199971
6.8008175155,-10534.2346365529
7.7604128093,3740980589.8000703
4.10677805961,-15394.699522746
6.36879697172,-16007.6824476966
7.83851150186,-9503.23101628626
7.63812204282,-8950.46619813166
8.30046217486,-2299.1081897216
5.89497710565,-14368.0678012623
3.07541401469,-16620.6617826398
3.86405959612,-13505.7002598658
3.47456418804,-16191.4259560877
7.51021553459,-8253.0098101662
4.18335778284,41419242702.75649
3.44843318621,-10503.1745929468
3.39648834327,-10120.1581675218
7.60000090307,-12451.5059865895
5.06949823308,-10408.5912882183
3.58774981129,-12489.7972766971
5.44378089547,23732.2917412607
6.76166862281,-7813.24155593647
3.41436704349,-12116.9160441063
2.99403238459,-12805.9295489756
7.10130128075,-10834.5829182372
6.67052312363,-11716.4930239069
7.40077299259,-13048.813768725
8.02259900069,-12604.9565455432
7.83049570908,-6644.82613702948
8.40526123141,191981.10507987
2.78225741558,-15960.8595687087
5.33097018307,-15575.7491219436
7.71853301294,-12283.4953298901
5.69623132157,-13787.2831856489
5.60405226148,-9264.52593280387
3.37545316245,-9432.50434416454
4.55449735795,-11081.9259061524
3.23510417995,-15367.3351004116
4.64707225418,-11900.4613352833
3.18175862383,-10482.1166281987
2.97146926279,-13090.3213647951
7.99050383901,-11811.8753529172
7.74880996386,-13337.1954850442
5.26980180625,-12928.3697047685
6.89207430517,-12914.833927436
4.17516121749,-7974.50756741291
7.53693525773,-12354.2472077249
6.94367805824,-10394.883821221
8.19880017122,-11648.3638173608
2.41855082426,-9064.09874911187
3.30679336824,-11589.074058261
5.72271486038,-11111.8904144942
8.12437310389,-6656.13632835141
3.18539178091,-14331.0595618339
7.87476210066,-12841.5262605382
4.44916741798,-11131.3168547394
7.11886748224,-13195.5142682622
4.1017953146,5021.02913975491
7.38785128792,-8279.27348587706
7.73310327748,-9655.70044681174
5.33191907936,-12315.9196206504
3.60893798525,-13425.7035906839
6.39624570849,-12658.7550213135
7.01755849062,-12952.4915915399
4.14931963094,-12118.3135615567
4.58716400286,-10603.2046923972
4.58008363122,-9558.90004238911
8.12607174228,-8154.87926838945
4.20271911516,-7996.10359953312
4.3992290568,-11400.374318588
6.70315040385,-12816.235242303
5.67940726343,-11627.6423197036
6.87851263422,6187865.62449073
8.1652277136,2395.12206096871
5.59919292067,-9316.68044312201
7.48909807091,11334.8320683792
7.44564043577,-11155.4435763876
3.46748902718,-9975.10044893151
2.7588897062,-13796.9515576642
4.54315529364,-3439.1782259876
6.22927575439,-852.317675718194
3.35730603058,-11576.3816757348
4.19264919113,-14339.257425672
8.42287840276,-8017.76496193073
7.95226184187,-11909.2314220012
7.10683537234,-9558.49531774336
4.7272774463,-14075.1685505184
8.40196378153,-10621.4006199578
4.44483857285,944251106.221483
3.24044511009,-11230.8943771064
4.05936886124,-11502.3347341997
7.5367502936,-9239.17515994015
5.91215343599,-14460.4727226212
4.71287353678,-14270.9628506534
5.18954117273,-12410.0898190519
7.97957007964,-12224.8103410615
4.9492596107,-12197.4730120972
8.41585905001,-10806.5402697248
8.18695155874,-11964.4708187732
7.89397461964,-7346.3518132383
4.09094884896,-13295.6427784155
8.0006308889,-9574.25342058734
5.46027412389,-12856.4325895631
8.12306387654,-11968.8976542461
4.55277369478,-8039.89644110348
5.08284165703,64826.3375714381
2.96942963069,-13822.4891024935
2.63184610801,-13917.0470951646
5.50436951419,-11793.5186569863
8.06819258509,-13036.3446258582
3.71504849223,-14416.0151832941
6.32832103676,-9043.54803853268
5.49209921935,-9003.66572967962
8.35034073652,7872153.8580193
7.90115573452,-13342.3426390679
7.11999414959,-12151.8624750841
3.33772905554,-13799.133472238
7.44928121436,2329.8554565274
5.81140534167,-10229.4378890666
8.05814617083,-13264.8169715862
3.60918734367,-8331.25724779595
7.55188929971,-9154.27650023563
4.61906498617,-13195.9854070949
4.7490047357,-10743.913002593
8.13939006044,-13546.8908099195
3.38528482614,-13448.8540769529
7.38716780711,-21386.2621735942
3.5466314651,-12516.5899959519
3.73448685098,-9315.26207255199
7.7561306014,-10895.1449137286
3.37794597744,-9453.3889031455
7.88212044537,-9487.1314794491
3.09405823836,-9846.59407554656
7.46297643354,-10194.0345652496
7.91374028639,-11581.7064446867
2.88920819548,7188.21791433669
4.38972963131,-10397.6768914746
3.71915771441,-11418.3805330842
7.45085596248,760796280.805401
8.08543662672,-9425.54558218413
5.5152420804,-12243.2104500248
8.27399260046,-10799.7686854814
4.22754155053,-12173.0889753092
8.24246853079,-11216.4498843091
3.90932708764,1270957.03174627
3.65150982708,-11581.9388893817
6.95416042719,3947.01088688066
7.96941572924,-8996.4518464402
5.61908638676,-12768.3062375327
8.05625305103,-11680.5539159117
3.99455077199,-9914.75664896549
8.1124980991,45001508.1188985
5.50374533994,-10511.3757802653
7.37373501376,-5131.57500786025
4.58605598401,-12994.371744357
7.77584723515,-3035.8301808236
8.16865518701,-11963.7576707853
3.05678676362,-12188.1448342415
7.50926384162,-12398.0306835269
3.91615441911,-11701.3529900643
2.98428465496,-10301.0496545019
5.90717856981,-11520.7078026075
3.79617963459,-12204.0220979852
3.11455131279,-10937.3455882742
5.21719770879,-13847.0179978685
3.47116801661,-12380.7627833124
4.18701103359,-9030.49744341495
8.35161236606,-9349.04276950733
7.57930989126,-14285.474966843
5.54627657426,-15696.0099178122
7.66118967987,-10241.8482466853
7.8791151481,-9896.53272687028
3.17711395354,-14194.5238436505
7.71756807442,-12777.9027342983
8.05568065069,-11924.3758266979
3.87644771652,-12023.3489327168
5.60879661162,-12943.6133753338
7.86678846085,-13805.9823903262
4.61777117899,-14797.7259051803
7.82747228222,-10076.0719494713
8.52568324138,-11427.6751627348
3.4840877831,-10620.3673614148
7.45473159703,-546.850524045018
7.90902191664,-11500.9526441689
5.19304590309,-13019.0476650427
4.89900352327,-12222.651628453
5.02128243601,-10107.9329278699
4.94649638153,-10492.7964235366
4.27868629741,-8752.37351621317
4.48285017802,-11053.1340988938
7.37197946952,-15080.586354371
4.49085703843,-8887.48246254015
6.95504065874,-14003.4189512777
7.84040865062,-13980.128017601
7.50370845049,-10357.134636121
3.555914539,-13555.4950558766
3.2561472402,-13445.0240653978
5.68926547176,-9571.98912757331
3.00305749457,-13145.2943566382
3.68733818133,-10039.6527317792
4.30301601202,-11767.8239488537
7.45117687039,-19358.4099292496
4.0558264168,-13779.4959733236
4.70672062729,-8856.13271946401
3.82862563942,-17841.3642635785
7.24415929932,-13863.3520866642
5.53438446959,-7270.65264020406
6.50613355807,-12406.6917745455
5.61410702301,5073400715378348.0
4.67014155329,784.767659663537
4.7161306423,-11575.1035310776
6.32241088345,-9842.03726859235
8.47554793284,-12396.9979800717
4.30123166776,-8454.76847019151
6.75930036345,-10879.0279970018
4.63488589868,-11159.2659972308
8.10266760239,-11587.0936069616
5.03874242828,312808.178969261
5.22030890621,-9616.30052103265
4.73860096157,-11602.4625488585
2.78938500854,-11401.8928569277
4.08684532965,-11398.2702569932
5.45047523403,-13022.2606250353
3.37437656274,-11491.8705874369
5.99246743647,-11055.8774533924
8.17622645633,-12918.1142139028
3.22605281966,-14998.642569054
8.4026719787,-7396.31370016805
4.31014406936,-12570.2352844031
3.65525609591,-11268.3605149329
5.36920834234,-9964.86780552927
8.17211944697,-20280.460196937
3.18272384828,-8630.11742981855
4.9397186237,-10255.9300636765
4.08637934964,-10020.1737272095
3.02130522982,-11532.5005235619
4.78871285525,-11087.9700225449
4.98866598923,-9256.58069632238
4.62147661673,-11756.5774498477
7.56498499985,-8130.85492700113
4.45751871517,-12047.9263846272
3.07940230054,-15811.1229926605
3.36516351071,-10369.8069356035
5.36963082214,-11242.1011338323
8.39513865505,-10209.7231284692
7.76775135489,-14176.3691416103
4.07855931483,-14167.1310577582
5.6756859056,9880036.30850334
7.88888764038,-11596.4591037161
8.14759405691,-16589.3742845983
6.75118887739,-11513.8699671612
3.11942590866,-14479.1661417541
6.13983873869,241101.233376166
7.97546752905,68814723814.086
4.30170778259,1974306934.05051
7.17562335089,157051049.263356
3.63151317991,-12781.9846560954
4.40727863394,-12731.2469041537
4.45563071516,-9601.08302615386
3.63629662913,-11599.2976302664
5.21000419144,83971766832994.3
3.92546232307,-8899.63209801413
3.74238680114,-11525.7530136725
5.46425244375,-11173.2102997486
6.30960416355,-10381.2353299906
7.03801270385,-10725.1514553927
6.84845412359,-10532.4216106391
3.16095809736,-9687.02545272535
8.0156511959,-15193.8026854413
8.10346471833,-9290.85452104372
6.82127831019,830986.769924412
8.60233912856,-12690.7716793572
5.15417376965,-9442.38820838026
4.32685996167,-13706.2675503544
4.22328489273,-13351.0800309656
7.426943414,-10433.7684487804
4.66388859537,-9699.27627313602
3.49953403858,-9048.57736924235
2.86128557251,-10446.8546026084
3.94427022218,-11656.5350281368
5.53658963571,-14624.912628209
5.27269532272,-13542.1694615724
3.61059467428,-8526.26421407109
7.79574191911,21339.3550406363
3.02306750143,-13473.091893806
3.90649769673,-3582.52803500237
2.99825015441,-12446.7288111381
2.83979224801,-11991.3583937133
7.1144553317,-8538.05999374017
5.86693639159,-12523.705496515
7.99843746776,-11386.3229313825
7.79167819742,-10891.6284818857
3.38149937237,-12206.7066469413
7.78694859721,-9177.60446301019
4.15511079375,-10844.7977401649
4.68445951364,-8775.95790431339
4.4050163864,-13446.6811120662
4.88517036257,-12876.587339483
8.00224213845,-12781.4517778417
3.59080082957,-14117.0225149353
3.47282134981,-10493.8966440159
7.62289773494,-13119.7059852301
5.46766518741,-12858.2153806289
3.93065510941,-15947.6808010527
7.72751421374,-12024.9721829868
7.66354158982,-12218.9253170315
4.32024412069,-9523.6117214876
4.92557596145,-12598.9538416385
3.62831007053,-7598.71776350306
3.9989523547,-962.462038593012
4.6825749965,-13113.9045582422
3.30299230937,-8424.31251967665
8.09155719121,-12612.5877508002
3.72475700073,-8579.14141530995
7.39664383116,-13865.5864115029
3.73161364876,-10272.0597999861
3.44878539281,-10371.4773337703
4.22256518006,-12993.3915681993
3.83547027606,-12092.3973342768
3.06204156386,-13205.1907519624
6.25104538846,-5195.21661310673
8.21040851039,-14150.4268133157
5.88743422944,74198.4537923716
2.72636815796,-14028.7309429999
3.38952329122,-12701.4923705726
3.26593187348,-14594.2577994017
7.9324538409,-12020.0091741178
3.26489739856,-12547.1914100243
4.59000355315,-14129.6376247954
3.57108086668,-10715.2250870959
4.25108629426,-11857.2697727596
5.13809831236,-14394.0848047198
5.73795137926,2710404.17649009
8.26943938056,-9955.30948580563
3.64470468203,-11762.2009765057
8.23967505334,-12210.5458554367
3.83036830673,-13143.9368887198
3.67717570108,-11745.6563778978
6.15606318899,-12180.3031441758
8.03687576378,-13207.8176551985
3.53691262858,-13714.0169140191
6.86177395456,-11980.318375268
3.58339587584,4727885352362.03
8.10832958802,-10667.9611848458
7.92944507356,-12536.8760225367
4.31903771246,-10583.9507987041
3.38938076467,-13915.6546673996
7.31675331578,-11741.7453439472
3.69329220109,-9913.70974401207
7.72034985389,-11393.4455936003
8.28176363615,-15680.5437186922
7.46229023518,-17918.7415056458
2.96736955677,-12546.4439900005
4.40997630234,-10299.2552693466
5.32501289228,-17270.0425550728
4.06638620256,-15990.0391348005
8.35590570613,-13487.0626480851
4.61509128126,-12399.2072531114
3.46560032633,-10052.5292597933
8.0856543256,-12027.4721797926
3.51434547157,-14130.9883852022
7.69663293907,-11722.6704500737
4.53870082569,-11190.2966971475
3.61516151748,-14267.2205840799
7.91826327073,-12783.1025848569
4.26105254416,-5419.81009859234
6.00220458163,-10208.9859409538
3.73490956879,-13974.5891037631
6.72099252281,-12913.8954979596
5.80433620837,-10556.5977097997
7.29297877784,-14319.7932647993
3.90603181211,-7364.22758114261
3.07064977452,-11981.7758483816
3.6307440657,-12686.0018282668
5.70935134715,262161939663.578
3.07590501695,-8751.05835640228
4.85219621154,-10670.072992665
2.99297345019,-11075.7808641612
6.93605902602,-13691.5195309855
4.31185858293,-13609.0887108638
3.25532737815,-12523.2914415564
4.20764173874,-16376.4655447017
3.52748092682,-9742.04421824766
3.78161035455,-13610.3208973614
3.69398614789,-11198.213931823
4.71987005776,-10277.6532071261
5.18831735747,-9639.33408892732
4.26031433643,-10562.7966377503
8.65949475821,-10135.5835241094
7.96799157637,-12311.0766782946
3.83822369048,-12749.7603246905
4.11601155665,-18708.9089960175
8.15223552716,-12971.8255643003
4.5532745136,183591.487098026
8.44089959768,-11049.9981119619
3.38611988399,-12865.4772815474
5.87075653178,-7798.33258639543
5.06529048595,-10986.5680292641
3.58884229245,-12420.8205937197
8.04568380409,-14566.4994364772
3.61283173699,-12586.4433518048
3.39485588906,-15498.3231689375
3.39304204208,-9710.72104737046
4.97396822583,-12845.2267307898
3.0975890943,-16800.8339050444
8.04289153982,-11996.2121278064
4.12939257596,-11718.1680564695
3.75889522876,-13185.1870918125
5.45028350637,-12388.5379870551
5.32667539996,-14447.1057386969
4.54822839409,-14314.3758270846
5.98690906411,-6751.09076496755
4.55555112265,-11737.7221509813
4.35708252053,-17198.5779861602
4.36994953648,-10329.4491459815
4.37942839798,-8324.38906010046
7.84614892753,-12113.9560274983
5.87608614105,-9546.92813080831
4.64214957742,-10584.2311717493
4.37845207345,-16319.6104044478
6.40650366989,-14661.4230851403
4.55989518767,-12564.7623413673
6.52603462188,-8904.12601100602
3.83187268862,-12752.9150474798
4.73521975357,-11799.7824022642
8.03201736676,-14618.5615273315
3.85023137475,-7984.48364005535
7.30019276656,-11585.5713080292
8.51329786974,-11990.3297506474
6.4004458168,-12207.9104742553
3.75718272926,-12477.0089344944
3.58657506247,-9202.16862220639
7.70150674559,-15002.127613493
5.82357827158,-10719.5884744245
3.78522513445,-15434.2666840003
8.03080451885,-8184.37967170377
4.42295836986,-10943.192625001
7.63746121678,-12747.0430479661
4.50639939633,-11635.3530852788
5.03190887059,-9836.81528894542
4.31556413397,-11723.902887454
3.53820025839,-12338.066158795
7.03446179378,-6415.82969298079
4.06388296593,-10666.5574320555
6.59797712358,-13221.4695220595
7.72232486918,-13234.3507712508
6.61588864905,-11217.2736394177
3.8549153895,-14.3056532160608
3.46154594503,-15161.1742676156
3.75415303302,-10375.1460951612
3.21046638563,-8580.6360013545
3.42436297084,-9049.97529742356
4.99827443798,-10757.5474156438
3.79957195185,-10814.7874167724
4.828207972,-9981.8245970731
7.90632294348,4420.88989284568
2.90361503867,-11041.2242124715
6.0843792984,-12233.0850751266
8.16314176674,-13228.4104793411
8.03232828148,-11832.0524950045
3.91949158628,-14346.9072305687
8.0388950622,-9227.34883399323
3.1645958262,-10438.5688538162
8.13553904757,-11542.728974117
4.32833436762,-7483.99153483821
4.58948098872,-14272.5572945082
7.91011819582,-11914.2199029818
7.64137743874,-9584.23702449393
5.82280502408,-13139.2409906681
4.63957638889,2607732327714575.0
4.60816298431,-13483.9469219302
7.3293453627,-16637.9676565413
5.93890599293,5849606682.91586
4.34592688937,-11188.1255906707
8.12308021494,-11383.2614716804
3.37351255037,-14965.8102033243
3.49255169486,-11128.0141290726
3.34279114547,-7902.66737152355
5.72575389634,-11992.2579287253
4.41311677817,244261.515475645
4.57676195853,-12503.6321688489
5.74167076357,-8132.73761968129
5.77902738856,-9369.79937935232
4.47747281483,-11162.3227846248
5.13375681676,-12734.8842469264
4.51574007619,-10761.2946944932
7.62103421968,-13321.6133453284
8.11758359888,27983503.5561767
4.35817799692,-7827.1818413233
3.56506674453,-13386.1519839486
2.79487382335,-15818.6566340977
4.37706039768,-12507.3945154581
8.03193839242,-7511.70121734514
3.44750825181,-11392.5169361607
8.47690126207,-12645.0624648672
4.66359958376,-11671.7507827628
3.63156733532,-14124.1574664779
2.81960180418,-10740.6274726218
7.94070579393,-5119.67646109799
2.84502354032,138660.594262125
5.4085596859,-12006.0259075636
7.60288521075,-8494.50200350677
5.87835393949,-9706.81199505618
7.79293000651,-10173.0879118926
3.74062618273,-9487.89833045553
8.41932415838,-9470.59851404043
7.14487011311,-15047.5957419779
3.8992763172,-9204.38670759587
8.386987591,-12204.9486827896
4.47717402975,-9426.13554991581
3.61525622383,-10983.3498652047
7.79390370239,-13245.5165130039
7.72889123658,330523366.842997
8.00167300868,-9458.26997297667
5.04099173846,-13913.908278592
3.08878137334,-8512.92607653887
7.61375966894,-9165.60368566549
2.62239278359,-8017.85344243725
8.02619596389,-5172.32383734817
7.68358275341,-9983.38690642021
8.4022909834,-14192.6075701013
4.08558030523,-13647.380397385
7.05287328186,28577.5261862249
4.5105903578,-11972.6383938832
5.46579357727,-11209.2442414983
4.65983725969,-10470.9777554066
5.25210981265,-8685.01895809138
3.6387371047,-11312.7614363607
5.29252562737,-8839.81129666418
3.39111673024,-12339.4529113177
8.01715054215,-13161.1544919227
8.03570573392,-10875.0289596391
3.17662689392,-10345.0369176601
8.46894099017,-11603.3126140486
7.39791080444,2086.89611335699
5.1017407369,-6898.57020055136
4.13813007704,-8167.33163255913
5.19289289497,-16441.4217384257
3.59087326844,-11881.8591445455
8.27365079445,-7116.78438964249
5.80337417901,-10222.5473942136
4.52500077033,-7423.54575865159
5.25347986925,-15716.130674095
4.11355624266,-10634.3382883446
8.0215377079,-12744.5484666814
7.37272704915,-14143.8129931984
4.62009385977,-11013.1632124138
7.86188161794,-13822.49077022
3.43073026455,-15135.4452270432
6.29126878648,1168155304.2223
4.03587533076,-8357.74421864748
8.01083180449,-10473.7576113414
3.57631457542,114258164.28116
8.33698507529,-11861.6265867465
7.494478286,-18608.394058556
5.93209731088,-14998.9295539068
4.41149843626,-11488.1689496651
7.90832450307,-8206.4932176647
4.61812146848,-12624.580885208
6.84124833613,-13855.5412780378
7.92786743579,-10076.4274097563
3.77329001202,-12342.1711810723
5.09792239435,-12634.6330420217
7.83365640926,-11314.1110012786
6.99422377702,-15368.7310371591
4.34769433414,-9781.95593436326
5.39652097966,-13937.925674645
4.81919368317,-11414.5584818695
3.57485809683,-6274.7227515635
4.51072551879,-9998.25215950042
7.28575790128,103321.935163226
5.32573093616,-11376.5394638579
7.90349176218,-7570.80872476924
8.41122584191,-13218.7847471046
6.86875106399,-9507.02525731107
8.14164221275,-14002.2563233609
3.46158662551,1.13599377542935e+20
4.77691290885,-10692.6759481691
3.9089424806,-14354.6838306029
6.10930248346,-13433.1419587953
6.13601772425,-13998.759928062
7.75295507413,-10931.5579740389
3.77140502847,-13615.4450409332
3.82241405913,-9409.23311881925
7.83727577504,-11288.9989062288
7.70081576273,-9621.55673190295
3.20237071017,37625455073.1224
4.47558410607,-10310.8116933716
3.95597885205,-12802.3524374398
5.32700630938,-12324.1687573992
6.90161199475,-16605.1138504628
7.65586759874,-12475.4461623746
4.78332755422,-9058.64350410353
4.85039496269,-10107.3790029585
3.76418093716,-7916.41834755109
7.40304853403,-13213.1504269416
7.37229229716,-15204.8278673901
3.06497085806,-10006.3572766676
7.43086567672,-11885.2714292428
5.21352107341,-12232.2816976491
7.50066699648,-11033.360367868
2.66388455248,-10799.7494591407
5.06772856597,-12350.526212109
8.11701782253,-10812.3394616497
8.3367299541,-7989.01949231977
7.68397612702,-11391.2255795002
7.2770366146,-12098.231010055
8.09783293278,-8934.14164525113
7.80620333513,-9134.29417440479
7.84378014158,-8988.8019554371
4.64782060755,-13644.7991221175
8.18888066004,-8783.32523031745
7.84768385283,-16021.6831391399
5.39181156828,-8816.40627171779
6.41791093954,-17876.8305572278
2.84516687377,-15400.1837568156
6.19091225089,-9895.01746232992
3.88466226949,-12899.7480427076
6.04607423626,-13010.196031389
6.21828929722,-7581.29509684905
4.3304299609,-11726.316582439
3.19462774653,24434706281.4094
3.06492448467,-8270.69042529729
4.73791629108,-12285.7716580981
3.45361117022,-7419.53520601455
7.82777934055,22887105.3987034
3.88539787481,-10696.1694785872
6.49272592192,-12535.6632640944
7.34408822847,-15114.946335918
4.87210065317,-11305.1381079508
8.2482846769,-7760.82366333806
3.85524195691,-14868.7749110041
3.6479721343,-11238.7677812736
7.74809805927,-14997.7945810666
4.60220945273,-9639.52476524484
4.21961879281,-11676.1105047254
3.49401935384,-11618.975698264
3.20580655071,-15560.6223461579
5.76115004138,-20789.8328747285
7.15439875414,-11903.4687083567
4.40711127144,-9479.03906697258
7.92388570112,-11266.4716917119
5.53522619015,-11916.5297371018
2.81436382051,-8321.56469694633
5.57276440522,-12706.6341163933
8.21959918666,-10226.3316341835
7.5036455364,-15512.2446433189
4.26849282671,-12264.4650274474
4.97662066482,-9785.57806918687
4.33708204847,-8314.0172282418
4.72955193408,-2303.03562724496
3.84482210994,-12806.2399658693
7.3298736563,-8967.13103713667
8.02963931724,-17886.6417310728
6.16735092556,-13364.732784641
4.21665969167,-13831.261804309
7.61510094267,-13065.9343679501
3.34902843042,-9408.38717123691
3.12573684391,-10333.783895028
3.67638708507,-8335.42097492634
4.96177678766,-8962.72493046406
3.99003082168,-9767.43215083395
4.44284722553,-17425.4015119777
7.66218647369,-12048.6919777015
7.450656672,-11339.7920703758
4.37218691429,-14553.1088331909
8.22905581503,-11282.6168861668
5.78253175541,-14239.7457603958
5.61916538294,-8321.65632420805
3.04057691346,-11249.6514136337
3.8913589123,-10661.3421588421
7.93417223527,-12048.9460841101
7.5808573207,-11612.2385535371
3.81818365879,-16559.841989881
7.80697841425,-11036.5715277388
8.48057668302,-13475.0863654121
4.03543184875,-11841.5631429005
8.0818090842,-13368.8758129439
8.00574712655,-10289.6038230868
3.6992139963,-14060.9934076433
5.56621959386,-11232.0251101451
3.8805502654,-9415.69231211471
3.63035377471,-16638.1408885002
8.1268369024,-8208.74756505152
3.62439297672,-13822.7404887655
8.42489463644,-11883.4632197271
7.86695117706,-13348.2598217126
8.04124075866,-12429.8902325683
7.90738187769,-10196.6958064788
2.85787527852,-12695.4243410355
3.20243536314,-10331.2475978826
3.88719739874,-8979.61715629633
7.0222997875,700876.039160346
2.87270932586,-13113.3209837677
4.28676121379,-9514.52975878341
8.25903702034,-12838.3470262368
8.20565135676,-6868.54189679913
4.61425041173,-13768.4540873377
5.32139319628,-10102.5677973476
3.54244141802,-15354.0446351345
8.46535712057,-9293.75372724604
7.39664873686,-10288.5764246067
3.12651015373,-12681.8288302066
3.05688982754,-8812.89997369772
7.78174819432,-11506.7199870328
2.89267143094,-9643.9660636535
3.38011472787,-11044.8350519884
3.92096560669,-14522.37531009
7.92280073569,-10860.3540104171
5.53773250037,-10584.7345535843
5.52438387344,-9419.84210700425
3.86157606429,-10897.8251649931
7.52986927978,-12536.5436248092
8.01073761655,-9350.15305428555
3.4206381833,-12889.2288773114
4.19641247681,-150.726664584561
3.98367106113,-10871.5269180014
2.68616167118,-7400.55118183148
6.8183445312,-13205.9588445054
7.55496305732,-13170.3054904112
3.58638324526,-9711.0931416185
8.3837539801,-8982.26559775104
4.42049191085,171148176.956496
4.30631279759,-11195.4384917046
7.41803315133,-12667.4760163294
8.07356556203,-11031.4194003544
3.80961659808,-11798.6104017229
4.06251867611,-13714.0119013542
6.48798168875,-11618.3145323801
5.38116191213,-10103.4078631897
4.0633857497,-8091.52637933216
5.77164005631,-11715.7991420692
5.42124028553,-10187.881401712
4.42182216888,-14704.6328924697
7.24739799324,-10698.2738724583
5.34181772694,-7677.59994917422
4.90843981946,-15256.8667726692
4.15186951098,-13276.2916478347
5.67906398094,-9471.82555905558
4.47554663306,-14649.7433569928
4.68591132951,-15542.4428964807
3.51722476765,-8858.41435608059
7.87180516394,-11114.8689586177
8.49572935507,-11170.7199645522
8.42153245893,-11695.4674085534
7.56390723206,-13932.1700405119
7.95322505174,-14160.3788194971
7.94792505489,-9527.09334737845
7.89412747967,-13059.6260067382
8.03075685388,-10194.440440226
7.61610515021,-11529.6255300032
3.04479640507,-12155.435260834
3.73243994493,-11749.3749254072
4.28654815899,-6473.92834174781
3.91666600993,1021.14050750489
3.79198637613,-15201.5196197628
8.49430269692,-13246.8599434511
7.71313860773,-10794.9726943322
7.93485373745,-17627.5432403757
4.66993672476,-8909.7517429964
7.46378675814,-12397.5668855851
4.58558047818,-12216.671049429
6.39897736168,-11702.9459327459
6.16624531607,-12244.4377510196
3.44010853187,-11631.0116572575
8.0223809027,-7624.96734817766
3.55201123658,-10108.6799813925
7.82690210174,-8915.14881612288
4.23084335059,-10334.0842768547
7.42990327059,-11940.2098763075
4.94863033652,-11868.5524370555
7.61726939167,-11061.7025900822
2.90863303811,-7267.03944784404
8.19440097547,-7830.80442563073
4.76355604021,-8991.28692177313
2.82718367423,-14544.8627674835
7.69923573531,-14263.5284636763
4.98958868527,-8796.84783887977
8.18322350822,54947520895.4896
7.61295911547,-12500.0199880063
5.36179744334,-12085.530731984
7.95296671381,-14293.6251640288
7.42192189007,-11263.9175886872
8.52050650028,-11652.8777638536
2.98009589761,-17002.1274096351
4.00206753654,-16242.4957882002
3.5894032402,-10941.0854577917
3.23842110259,-7975.5564095226
4.52378219949,-12713.0799193383
3.91312670687,-9519.61183705694
5.53639258447,-8218.89054555112
3.2234224842,-9882.82006995328
3.25676627439,-9876.30324659578
5.82336257514,-13391.8024020781
7.63102960702,-15314.560461644
6.06195345895,-11084.1133610873
4.40536499824,-8274.68596625323
4.82199051174,-7923.03103489241
3.24103037412,48015.2070634642
4.03312985772,-12723.1319991563
8.42643180942,-8727.88314014637
7.6503091152,1846.16390145916
5.03565289722,-7433.10904765288
3.50498892859,-7399.80650912566
7.38223391648,-9315.51116967881
5.72039547817,-9186.01495517997
5.7209025344,-13935.537908571
3.58268440435,-3940.38532934062
5.58626004883,-14556.2448395677
7.72183109792,-12216.8111790773
7.89841601264,-7572.71615050263
3.08706668354,-17958.1588247917
7.25468584494,-9752.77205116364
7.46308265401,-12203.3957802421
3.03773018826,-12867.4799200612
2.98025433186,-11301.3670444619
4.09808262808,-12221.7506009497
8.19876508914,-12763.4274105178
8.23500818378,-14848.3624411261
3.96459102338,-13957.5201151655
5.16228874322,-11960.8309856412
7.95870507422,-10689.0040376386
5.40024647745,-10892.8792120959
5.14441311177,441579552250.688
7.75150774499,-11032.2994206526
4.42374508329,-13971.4810658824
8.08204687197,-11784.6652447257
8.33514217042,-11632.8578913543
3.3183684439,-13348.7135300559
6.14705033653,-11007.2514418978
8.29716870749,1594044.74088106
3.29147186166,-12160.1865747828
8.13470911586,-16563.0020954144
4.63841789569,-14685.3486469044
5.54632962675,-7945.46719980525
7.67002737299,-8602.80357454476
3.59498110891,-12158.7670975428
3.53787471796,6420835.7614823
8.16705387443,-11582.9626474208
3.20553596443,-11424.4144932165
8.09675334882,-10754.4062680874
8.10047083962,-11094.3893123526
4.02224024662,-11267.108966078
5.16098579737,-8705.54029168436
6.31801416621,-8962.52642314831
6.99622125504,-14663.4566657639
7.85985304046,-13159.7711595497
4.24314452251,-7900.7170399917
3.42263564986,-12764.7449313327
3.50323324256,-11616.6563693878
2.71839963757,-12910.4070986605
6.55403970389,-10431.960978646
7.10453179171,-11722.1068136969
7.45455222062,-14440.3443624803
7.9008125783,-13209.7085910736
4.7025339128,-13157.3913296177
3.87801509892,-17335.3196299339
6.18322489224,176496.447695861
7.48613427755,-13668.4690112339
4.19782297826,-6160.66152762413
7.97601079731,-11262.6778399224
7.50067983178,-11511.9635418873
7.99162148922,-7577.80163110045
7.94964741952,-12778.6535336008
4.80933925092,-10790.1476483071
5.03059995708,-11443.4845319426
7.94800414833,-11952.5566717849
5.00279477143,-10745.3021575041
5.85129992648,-13909.7778137825
4.4088846689,-8134.79289276057
7.46306096343,-13915.879145489
5.16572113003,-9674.10173251295
7.38413816974,-13900.7424280041
3.43845105785,-11164.607071141
3.43689237106,-11361.2698615182
5.20038086795,-16201.5593914956
6.55146393048,-11832.750192842
8.01322145443,-11968.8315828786
3.89388422821,-10662.6268154096
3.73074328704,-11345.2013612505
7.35607680401,-12875.9196979225
4.55402044356,-10852.2345934134
5.82104174146,-8957.59295916282
8.19443492147,-12191.5169122046
4.25916651212,5862.01663809207
7.63910396559,-9422.36153184723
7.09815700531,-13885.545372613
4.94465220676,-12032.6453396623
6.59965938311,-10766.7824042675
4.86413886472,-6888.27294659539
7.70702654689,-12032.0065803027
4.87467716941,-17392.5776129829
8.02243186709,-11144.034636382
7.80210933589,-11451.2343152593
7.88173921451,-11490.9593476377
7.56306677729,-9456.48253226001
4.96169693636,5041959146.06335
3.30378112787,-11474.0827070199
8.21465080852,-8142.18820385165
8.7124114528,-11012.6392278141
8.0475176832,-12965.1240764524
6.66930079953,-12156.2707909821
5.37930254858,-5077.03062809406
7.81365170147,-11596.891651832
5.9665082085,-12258.396964181
6.74885834311,-16038.8530998328
3.38279435707,-10250.9523008137
3.24438145508,-6565.29654337848
3.42252046965,-9240.45222573497
8.13883893483,-10758.533119633
7.32082305074,-8195.22151550276
7.82967595971,-10271.0935535834
3.89273436259,-12572.6979451114
4.60901580873,-9749.33042405052
8.361720078,-13128.5569224682
4.72739586281,-9676.42380271438
5.33581148361,-6513.8051534569
5.35022204506,-8947.56620582263
8.3165002675,-12482.672955097
5.53455613806,-13463.9892761254
7.18177415685,-9696.8578536865
8.11644875218,-12615.5746167667
7.56879384699,-10747.408168651
3.29579895754,-11216.5316643761
6.7340169168,-9121.99703109554
7.76950548022,-12953.0956633798
7.96454124455,-11446.6736158835
3.93761289789,-13805.280285526
3.56885343168,-11379.0044066777
2.87040210561,-10931.2095439496
8.02903389633,-6169.89136808208
4.861127271,-10218.6252842
4.09368638022,-14791.0276630875
6.58727599626,-12420.5707943826
8.08268999431,-10645.707877569
7.74414468506,-9196.31870220945
5.68887366358,-15865.2237549471
8.10137782172,-13374.5834033175
3.20653931605,-7523.39660305072
7.43710044553,-9446.72003253391
3.14320537665,-10086.5561401207
3.75087228267,-8467.20393580508
3.64837842287,-11972.1956454217
7.77324572692,-13856.8168521806
7.71523158223,-12160.3779545693
3.84649979945,-17754.1700933964
4.87996619539,-11134.7598515536
7.24659791555,-13941.9962854539
4.09562026924,-13740.7049940374
7.03839658248,-10268.1392105656
3.0648856131,-11612.9773640325
3.52137393988,-15063.6123676476
7.27553734181,-9804.15372353325
4.590408601,-16814.6067236396
5.92036342012,-1624.03742133897
7.85427885344,-11128.8812865243
8.32661321633,-12037.5950488743
7.02858016793,-11458.8864153809
4.33594162648,-13014.8088824586
4.74024854991,-11029.7094370644
3.5204515276,-8391.84844098568
6.25579774013,-11687.455558676
4.81937790075,-7785.3276965245
4.62864769735,2814211.87932354
8.23256409933,-7445.97577411944
3.03032286878,-10174.2467269832
6.91594835825,-14066.9495337051
7.67442752379,-11786.3849137177
5.81595624477,-12639.4320647705
5.15442941062,-12624.1658928844
8.20894151225,-16598.6998347721
7.78624665199,-10912.3372302816
7.40986191192,-10830.1965842455
7.4944584152,-10239.9110701101
8.03914524821,-12818.6013801103
3.49107170082,-10176.8065570331
5.25398539146,-14399.7808616372
7.63010987278,-8930.01635201005
7.34633980467,-13947.5596870261
6.69510632925,-13483.6735411506
4.56344288256,-11943.0490055005
7.69305650207,-11567.7365941335
4.63734540537,-10264.774944013
5.5192885358,-12079.3439005881
3.21090213547,-11940.5930444806
3.54757675387,-8204.66309253858
6.9097979939,-15100.8326581305
7.69548634054,-4719.92198140573
6.12617784581,-9782.98966981251
2.76751699423,-13085.9490385828
6.81593665545,-9212.773467684
4.31402774941,-6646.2655687758
3.57006202586,56485485.6014847
2.85042869782,-13759.8205881225
4.13179816045,-13512.6258257406
4.40553241344,-9371.28610047216
4.77084296329,-12125.6017134847
8.23715079522,-13648.3748381652
8.15939714981,-11676.6343052097
3.61026128367,-14683.8375859829
3.99716479626,-13001.7586807432
5.30512057097,-12661.6748567336
3.0894674167,-12321.1148275472
4.07002871061,-10771.5794302333
6.46030880777,-15380.8234248762
3.72537372893,-12969.9782213248
4.86844415797,-13155.0405953184
7.90992358718,-9736.24722462118
8.12704721823,-10281.8301694862
6.1653101753,-9971.00605073146
3.70002381759,-8453.94082653472
4.55422241239,-11874.1561993825
8.07758954572,-12670.2031210252
5.6488117406,-11745.8228214887
5.76014662269,-10185.2730496688
7.31370984225,-13336.8859999195
3.27636096529,-8614.75041383527
3.41879902631,-9358.8439653254
7.86686911267,-12405.7398480172
8.29056256146,-13774.641168343
7.9026185857,-8540.93320877565
4.23672246359,-12862.0262589504
5.63664492961,-9280.44807360592
4.42671929462,-10744.6188184162
7.21100945884,-10701.1686407075
4.42720911218,-12162.6241802896
7.35446715504,-12036.9507118597
8.22554003315,-6858.47039454537
4.94045656781,-14024.2897776458
3.92698059519,329988.423198119
5.01084549882,-14674.6848258399
3.95935465464,-11483.091080937
5.37911783095,-13129.6737230365
3.33252477429,-10850.5582141395
7.86321146672,6058.99639866071
6.22119872732,-12814.6796490175
5.68809529556,-11158.80853341
3.46961763142,-10290.3590027851
4.77236424602,-15395.3118034786
4.16476664142,-13197.9379487652
2.99972294443,-15369.4165434787
4.72042398661,-8341.28746292587
5.08184683529,-15822.9197088883
4.90033239563,-11768.1104005642
5.01924180222,-9734.90143832274
3.50875234896,-11812.9166251732
8.3152425902,-10609.6556619285
7.55677261858,-15157.3683615451
3.84321508568,-9256.07586919183
8.24418755198,-10339.8059299291
7.95227526407,-15592.7362085932
7.97978913886,-13587.2844331091
3.45891520925,-16733.8908255838
4.73445417236,-10128.2315818487
5.87660533012,-12620.2127863188
4.36158147617,-14547.624922508
6.48986873091,-13898.9662912752
5.24521570356,-9166.45635150305
6.98145708173,-10147.5473577023
5.71209433538,-6872.63578093141
4.03959416647,-12154.6091830958
8.06902969582,-10241.6760275938
5.20867752061,-15672.9442515907
7.53029739269,-11539.3951594069
3.96337406234,-13320.3750694963
6.77489900145,-11141.9941391573
5.4654502913,-12662.9793379884
6.77593294516,-15695.5332416014
6.08008399053,-13234.0927439224
3.52175805806,-15574.9770899629
3.49408761376,-11636.650537807
3.1389513384,-13957.0956016311
3.04700845632,-10655.2057668502
4.5626488573,-10900.0576910588
3.29555927984,-12454.7985935506
7.252620028,-9038.37565028796
4.97395743135,-9389.97971396907
3.7343473668,-9917.54087686789
5.04081804937,-11740.0644118768
5.33906173578,-16912.7018936426
7.72661411532,-12044.1821464305
8.01818185522,-12049.7038495944
5.42491452566,-9444.3380384395
4.023409717,-12340.8702447203
5.38316997873,-9366.16956443096
8.36452820461,-11032.7787488707
7.43266128969,-12818.7324618607
7.42249271653,-10408.992314838
3.23431444326,-16929.7666293484
3.33992840167,-8683.73813900613
4.0588233574,-14742.2892915372
5.08838741313,-11168.3914554583
4.60104962354,-10487.6972728864
3.59218090017,16898739806.4261
7.50596621254,-16679.275677811
4.59208883982,-13489.9188575055
3.81315965794,-13095.6649990713
4.8222508462,-8847.32362427688
4.72675943301,-9135.01353398836
6.9862192162,-8306.88051672053
3.72593448868,-8799.74449385342
7.74848469187,-9111.6240571959
3.24315448141,-11309.2768930072
4.56272375483,-9785.43619284588
5.29265705222,-11793.9084090204
2.38649694457,-11601.2223649449
8.37335050484,-10866.8986382426
4.52927181654,-14278.355145108
4.14723017941,-7822.61699150191
8.17898923807,-11942.9682429815
5.20210299927,-12994.565090208
5.46795070756,-16147.6932770225
3.90355084377,-13021.3254530873
4.05680526799,-11652.6285923354
2.88801799061,-11441.8097435898
3.57232548658,-10174.8842699665
3.62239454951,-11074.6245947559
3.14698054898,34374491083.7169
4.2305780748,-9092.8376570027
7.48498000031,-15505.6528798576
7.04528914453,-19838.4192040106
7.62680213586,-14658.6979052447
3.2849293486,-9398.99341759568
6.92524861656,-13272.5449676056
4.25814303316,-10535.4788819507
4.4896382308,4468007.80433896
3.54558178005,-13046.8527690625
3.62934332042,-12247.278316092
4.50850599015,3307.59898483212
8.37994606862,-9613.38605256398
7.82428285056,-9698.44136781382
3.49247651574,-13071.7656561699
3.86135756186,-7856.76510916564
6.29153030678,-11638.673786971
6.64001435007,-10595.7943701568
8.33843984952,-11040.679183538
4.78257891273,-15123.5154181209
3.42078524509,-12248.7673760425
6.07849796654,-10370.2231901993
3.33607310917,-9642.21432520259
8.23296846743,-10215.6706334491
3.77671017067,-12456.792644228
7.86242037684,-13639.5715776019
3.81275137144,-9721.92573453057
7.0618761935,-15026.6521855487
3.05784646412,-13797.5239957643
2.91390981269,-6722.90794641287
7.65488526448,-15935.4806159232
8.34445496396,-9619.60599170571
7.32736524403,-13443.0904162899
8.11317066943,-11788.3889944005
7.73288413774,-14391.1629911054
3.63147656852,-12066.1372824573
4.10142812232,-11335.9025625912
7.85066848579,-11800.5775882878
5.28408420743,-12714.0931155248
7.92344943893,-11703.4507599829
7.58354236702,-12813.2597625934
8.53324766233,-11716.8821584306
7.6163615874,-11094.2588537721
5.11868079445,-11020.9292848287
5.01935321806,-8990.4664668636
4.80650673817,-14120.2799531858
7.84251927911,-11058.2486178621
7.08111919856,-17041.0378256639
3.51540002554,-12292.8489955922
5.61291284552,-11154.839254565
7.75964171175,-14791.9134905968
5.00821419059,-16078.2567758944
7.97916305983,59843.6822898179
7.98650692299,304623923886.313
3.67890436941,-11294.48244602
4.45124867219,-8366.18806384425
7.33417113694,-13386.0234431103
5.27515449786,-10954.1246777807
3.57499933962,-9151.58448316387
7.9889581951,119710429.16911
4.39685451816,-7218.67703464439
5.00417981108,-13049.0272115228
7.58952905052,-13811.6861215269
7.88204801165,-10635.9237342286
7.18481195507,-16463.305519826
8.34449505827,-11182.6409654427
5.04405205984,-9906.08412215807
8.16477430793,-5628.00355567371
3.306527943,-14345.4427637731
8.17478351286,-12764.9377478246
4.42821424195,-10607.6911700232
6.37901900161,-13823.6859214557
4.78487510977,-13048.3566996462
3.6592973456,-11331.0994700546
3.13536941897,-6803.13408296907
7.53761131848,-10190.2918817053
8.3746937577,-11873.4931386644
7.25913918158,-12306.9167837767
7.96973942634,-13221.6481723091
4.40616944255,-15633.7363567443
5.53971871582,-8214.10055338812
4.13011209486,-7996.7405174769
4.10028707271,-9940.72786065244
3.13124183635,-12418.1183786918
8.19105711597,-9559.59631713661
8.13098480056,-9991.23444432917
4.20263947803,-10477.7559877594
2.86065204399,-13028.620114413
4.69444913593,-12631.2369988302
3.02514117917,765.223960385059
7.23325941347,-11119.7345765277
3.42321426334,-15806.7288341004
7.95483048627,-17771.7169516234
7.81493292529,-10211.8421205561
5.86801524835,-10945.7897230124
4.49580233162,-9847.9071797929
7.47312501536,-13134.5972890407
4.66754245906,-13084.4863416466
3.10157250701,-10229.7087884525
8.16386450988,-10914.6833836256
7.42580731468,-14102.2586048096
4.46315076488,-12281.0143764066
3.08092147535,-9512.53657079094
4.26717100198,-12828.2505566183
2.92917711256,-12491.2526571241
5.60483168589,-11050.68418339
3.13861670118,-8401.61689617941
5.04906093666,-12844.18129101
4.50223422695,-11368.0068454122
8.1480670588,-16569.0681352227
4.31199832214,-9880.39727146435
4.75937762615,-1596.34225216279
5.82622989205,-10515.6766443073
3.74414029763,-9344.60049622493
6.88128883697,-12355.5754496021
7.38153994255,-15673.8262107022
4.27105717286,-14709.3834196292
5.82207150339,2.08789728667329e+20
3.79914061821,-9802.02401209946
8.04107894909,-10407.250753477
4.20132366736,-10981.4873652689
3.53184728393,-1982.83452277586
7.60663587546,-13276.7313624203
8.23717426626,-10240.4175653022
2.98893741967,-10173.1273823074
7.25796722334,-12049.8643493875
5.46936991944,-7820.43983923473
7.92682670812,-13685.8376052664
4.3660276205,-11583.4380280348
6.82918901499,-18886.8561231883
3.86949403888,50467462972.9149
3.70443155969,15942.5671495095
4.76630161422,-8513.23330860409
2.97321129243,-10317.3755284625
7.92603952188,-10105.6679272619
2.88848359403,-15994.2542591161
3.36991766378,28872.415429981
7.79363802037,-11011.0112743421
7.15823411624,-7791.06829838339
4.48172479644,-10021.9379448201
3.8613262348,-11836.5610471709
8.04839194993,-8564.71916827147
8.41721660039,-11180.576692919
7.18423695433,-14075.6466148116
3.22322952639,-12100.3762947388
8.32230891806,-12344.2591005716
7.47166060437,-11580.3687335045
3.38377229033,217512.116304343
3.42568593435,-9364.76108037154
7.21003682244,-9745.22366866193
6.396145911,-11995.918440381
5.95034744237,-6274.40503423964
6.95249584812,-15334.6702799816
8.02778668295,-13980.2594069476
5.13287701355,-13233.9117012213
7.97398766257,-10795.1868049764
4.12011782468,-10822.3948924437
7.69361527436,-10561.0506482828
7.79014628097,-14407.1132884137
4.14987681831,-14791.0684831824
3.06981502098,-13559.0551799159
3.98068941473,-5773.3708646295
4.61589773155,-12407.7797336852
8.17354781924,-8309.41606965164
3.98384252689,-9448.46897597408
4.21864349064,-9437.8584384348
8.18522054352,-11829.6053928151
4.84768552288,-11660.8753749901
7.14986563982,-14398.6408740164
5.78624343917,11641781687291.9
5.93537792897,-11570.5306370319
5.55961104697,-12146.8637367839
4.81134559482,381651421.879801
7.85489849986,-11657.7220118139
7.2917014804,-14032.2850235613
4.11121520733,-12457.5683289772
4.11762595524,-11772.1710875486
5.96257898827,-10428.0683638353
4.68544312833,-13088.677739189
5.90886250359,466231697.477899
7.7693304881,-9843.21657251667
5.52676626695,-11862.0814062396
4.99288885918,-15240.9081701381
7.5290307025,-13850.0417638178
7.6985288763,-14316.393193942
4.27017695672,-10411.8145282636
3.22529586602,-7675.1976588286
3.00831339877,608.166436127491
3.33981014475,-10991.280645434
8.2169410416,-15118.1253467562
4.2587335673,-8485.9669490511
8.52389172943,438338.872110843
4.33706563291,-11199.6703644057
4.70287957822,-6372.18314582282
7.40916803265,-11364.9225961088
7.68960197969,193115.220648352
5.01214982826,-9657.18138759634
3.24987094183,-11929.0134683938
8.09640745663,-9819.13834513893
3.997802418,-17060.3468907287
3.48610204942,-15060.5616633646
6.64269849425,-9531.44940004539
3.77137049398,-11677.6629465333
5.93466593048,-17493.6857767792
7.36077279808,-14699.5451894724
3.36288145016,-11234.148116874
7.85823995757,-13808.9575267865
3.52030909014,-11474.0991535658
3.64280426211,-13707.1934371216
4.66450173116,-10852.0443428673
5.06339102443,-12999.7725354618
4.75972087451,-14591.4846414661
8.40995308347,643378.386951132
3.10924333506,-8966.67750353284
7.77982409792,-11791.8432630335
5.56028984181,-12871.505001595
5.46140166292,-11754.3206242894
8.09575419112,-14405.3138212167
5.6442519543,-14512.9120455023
4.90567616404,-11485.3624426244
4.49332744615,-13139.5773415713
5.75010011132,-8830.29191849829
5.49467543712,-11604.5055011936
2.69186272143,-20218.5848950152
3.01740289137,-11472.2956092613
3.29323626348,-15710.4692411179
3.73343896365,-11862.8152272097
3.90079624115,-9693.8507352713
5.19342457878,-10264.0111035472
3.5513322655,-17188.2705923874
7.48104825022,-11346.2877168913
8.12955322167,-13272.7681522967
3.8737851336,-10492.9575466792
2.96926045886,-13945.469925369
7.94375281176,-9784.25074863408
3.40981286751,-11246.1301689395
7.3789621933,-12696.7428226046
3.49880495576,-12188.4323004772
7.87666305502,-12437.1293645382
5.06083486384,-12602.3247202632
6.70827407931,-10871.5722911484
7.25508200938,-9096.0637151946
3.51823928062,-10151.7887820842
5.12395895566,-13229.4159862362
4.8457864382,-13847.5627929842
4.12309538989,-13325.4496878718
6.39394784727,-11826.8080602309
7.04242211624,-13360.4242144807
7.90989964522,-10377.2129345097
6.49649147601,-17388.5005311604
5.55774860732,-14254.9023324508
2.84070954075,-13408.6833978363
7.68315372627,-14601.8637001316
4.06568773465,-10018.8698944724
4.59070997743,564595812.097939
4.07720370279,-13276.5347721049
7.81022147807,628810.158962881
6.97824766139,-17697.7104243775
7.76288767894,-12637.1449279141
7.69132909983,-13362.111003725
3.48475334651,-17868.9496927303
4.25163561873,-9061.53536537353
4.70132949114,-10498.6490958218
4.05172353495,-9295.39921334631
5.27952201428,-9739.28973582893
3.08072717948,-12244.8143265445
8.34225874014,-8221.69755701232
5.87575276213,419600.499144483
8.12117941033,-12885.7118269064
6.70492730826,-8363.58027887732
8.39234934984,2.15577242620698e+17
4.0807998499,-15767.1519067432
2.45333532085,-9293.15918723599
8.13064847968,-13647.495440529
5.31101395575,-9591.47487792478
3.3921057393,-13532.9108910912
7.82179141021,-10440.775069932
4.7107515158,-5182.2068866603
7.07530195764,-10086.2209543171
3.83218166689,-14449.0190584388
3.47843413664,-11300.480444752
4.52359803929,-11958.631267679
8.29649499691,854303.071532756
8.46369581809,-7740.33771580889
7.83057213914,70407.0580019646
7.45957035482,-12399.1584556838
5.20829192504,-11356.3869845122
8.61138598797,-11714.7470227787
7.88822168668,-10916.7680306622
5.19812962685,-10334.6223334808
7.75918760829,-15411.7858536226
4.50822267206,-10925.5657685225
8.2433095627,-12111.0558819813
8.22887337137,-9335.87427443732
3.88851260225,4094292601841.43
8.06526637345,-10962.8233505174
3.36973019722,-9415.56782172766
4.98875379314,-12152.4365688009
3.47700112652,-17239.901044635
6.03330963397,-15565.1641167854
3.38229456627,-12223.4639749361
7.53562381693,-10018.4590707076
7.45571564509,-11563.0411130888
4.07496581452,-14808.0320554086
3.08050414627,10713.9746329959
4.02657597225,-11394.6169974312
4.39519414191,-17134.3797238431
5.49939676757,-12158.6684871627
7.51323791404,-17865.090647367
3.31489078187,-9055.09565395983
7.39201200392,-12551.4469666568
7.99923072597,-9538.35097373139
8.13536912625,-10354.7616589316
4.17097371845,-10590.3898375543
3.76342993696,-12695.9723953608
4.49670353959,-10176.0744148509
3.13326573816,-15194.7514321133
3.88607834335,-10272.3208844457
6.72261387324,-16036.4919669195
8.00134329944,-11843.6608164814
4.57450550691,-12426.5169321719
6.29770738883,-10611.853126724
8.01798336014,-7679.8597878623295
7.72379693483,-14453.1896748432
3.80587199903,-8941.28544740851
7.86005285102,-6634.81695079458
7.79665309445,-9073.33551674763
8.27363015724,-13999.1083963467
7.47196103012,6809973006.46503
2.8775020334,-11228.9771834547
7.51144108878,-13222.565278389
5.35304183795,-11402.9098959755
7.63817258354,-7418.59440965706
3.9425302309,-11203.5524843907
3.58583420572,-10058.6963788248
8.20700190514,-10146.7043561631
6.30742883277,-18106.3201952512
7.37180984856,-12127.7719798649
3.81605307327,-14590.2617208113
4.54105940767,-11779.2300361251
7.88280964652,-11251.3609160317
2.81007092098,-14134.8489743663
3.45448347489,-9732.63223419687
3.26438480519,-9395.6517991907
3.13839492774,-10816.9737810924
5.1509468821,-11714.6333325036
2.97127487284,5943.16490676984
7.8809056023,-7037.29331761626
4.87886198173,-10289.3001144478
4.64687783841,-14694.1774142638
8.140312077,-12096.1926754526
4.9006303979,-10589.0941550262
3.68498717657,-14165.5340228034
2.93696841902,-11244.1834001839
3.7073451565,-9250.4488159456
7.96907228967,-8320.40138388573
5.31823287799,-12360.7383403769
3.94847384963,-10466.2334976899
7.61593327997,-13278.5445383353
3.86256248634,-7684.48667323589
3.22688940183,-12742.6930795258
4.4692549425,-11995.0417896322
6.98569876527,-16399.1484588664
5.04360577177,-9642.21069131322
8.16447230069,-12772.1263111278
5.12218912033,-13430.4913571429
6.809082447,-8514.51710302896
8.16267487773,-899.905637235157
7.92704538618,-9975.10877931243
3.22020267349,-12101.0885999854
7.64603285216,-10477.1284573664
7.55107754713,-10611.1385776004
4.51857132833,-15224.7849020318
3.26200675628,-17372.3680617114
3.59811594445,-12207.8722696436
8.55196822587,-10498.2363865389
2.83869472025,-11859.840495666
8.08834705177,-13263.9613571209
4.27220598762,-12887.5056894861
5.9437249477,-15551.8441352191
5.73393484731,-8810.39597093869
6.27816668548,-10173.8224516895
7.33231973228,-9637.96624898544
7.83266056048,-13042.1089691754
3.1363790019,-10967.921917509
3.86823116068,-11937.2816367492
7.80282373354,9224266.7701499
8.36648221953,-10699.0546218748
3.30536701452,-10406.4339577626
7.35826222258,-13620.627058593
4.91176496313,-12179.0532491744
3.65976669643,-13223.2940721707
3.45705317229,-9714.15763358711
2.86763998368,-14972.1414148493
3.84939955026,-7166.86725726962
4.03704484695,-9815.52115249518
8.34025253517,-14601.6666142118
5.41570479175,-10577.5339337885
7.5503904857,-15404.0378615989
5.23789328609,-5784.04703845876
5.83065216229,-10007.043828189
3.76740661635,-12798.1492533374
7.84730399769,-10207.1769525742
5.00939451698,-9384.37861372657
4.30605046078,-9802.34396568578
7.96639454386,-12807.6889455195
8.01750459778,-12513.9375191186
6.99939429764,-14588.8453736621
4.02380797657,-15895.9226093369
3.13611346891,-12449.2956455486
4.86360034802,-9027.98167301616
4.28527436308,-15808.8659663199
8.109572296,-13419.6186830165
8.03703633502,-7762.66407279438
2.68576571759,-14720.913657744
7.45315221104,-11958.3916478345
8.55751795525,-12427.6212238455
4.41348458899,-14328.9991857863
6.88413142611,-8606.69238172361
4.01045588957,-11927.0694641617
4.30938958155,-14530.99933604
3.07122614389,-9086.77082917692
3.30115657006,-6007.15965004206
4.09814671966,-13398.8452787994
7.72029339895,-8830.29865698489
6.83817982065,-15034.1050770045
5.04941799589,-7953.94453502794
3.2822715379,-14779.8629666325
8.21853137158,-7993.14317337043
5.18691615584,-14963.6026569577
3.00422253026,-10899.9209014919
7.96883130525,-11690.6373689216
4.63000145011,-11309.3124008408
6.65861626731,-11024.3692164903
4.65038261461,-10860.5620447205
7.53523377647,-11075.6178825272
7.78556478631,-13557.4442258659
3.09142508404,-14334.429123582
7.65282366742,-10460.5731748574
3.38358790727,-15630.4025765107
4.76567779973,-12591.9769237741
7.84634363501,-12027.4557199931
4.05401102204,-9651.54006385144
7.80141672412,-12592.1486529117
4.1992545225,-12254.9308227398
4.83531603347,-16192.7114288766
4.5531110099,-11587.2254615735
2.55483147548,-11855.8513890217
6.71745920551,-9063.83050079903
7.36959155424,-14774.951853459
5.51885674104,-12805.8534639193
7.82957317575,-16264.5949096234
5.44594970406,-11437.2829733878
6.11615515261,-15113.5335793246
4.80463923292,-13665.6649802819
8.38022931906,-11612.1681427764
3.16345642817,-12651.1849296863
8.341669162,-13954.1391378796
8.29341163943,-10343.659581578
4.10648697716,-9169.86155619309
4.65485686092,21390707.3223922
2.90866333334,-11965.9932022752
8.135970207,-13949.4805856594
3.86008183172,-16623.3299256601
7.25729807671,85105.060486457
8.42046150732,-17372.818747394
6.20906673076,-12700.9208992795
7.571338115,-14650.1840703563
7.36028464714,-14127.7883641611
4.07393723881,-10291.4766107692
3.55949150321,-12083.2100621875
7.54894770295,-16515.1973404265
3.19075321326,-4871.67707086338
4.10549746132,-6388.71233013588
7.78822490918,-11521.1646138529
7.86702249821,-12353.8251266022
7.89593997209,-10900.1519107799
7.55564159904,-13511.2122872423
7.83121402893,-9893.8363306522
6.10975701498,-13819.3328608398
7.34357470828,-11441.4199662134
6.25450597902,634475.597507956
4.0203668951,-13379.0997878097
7.67355539718,87134.2778446762
4.5612489986,-12051.6894536761
5.37330836629,-13733.717576715
4.43869778593,-14206.9026635323
8.12758695918,108.146903087143
4.879227793,-10642.3216267049
6.17953323074,262066664.541198
5.1731340702,-10663.6434453458
3.9600772548,-8006.14360033939
5.79513400711,-13365.0768688411
7.98154797993,-10173.1498299126
7.67493160253,-15343.2889758835
7.18967840085,-12393.4832166464
3.7929444185,-13921.118414901
6.05241266521,-10544.6054312175
4.56042007153,1561189007.6721
7.97508486107,-16992.4183955631
4.4133148639,-5823.78529804344
3.29019470089,-13295.7840894578
5.17473270323,2342458.81867316
7.84999070576,-16830.0281131367
6.02606503792,-13640.3539796278
3.65969495852,-13899.2612213256
3.2207060548,-11635.2830819698
3.18274300169,-14380.3601088531
8.03681994789,-13819.9610485071
3.06638367126,-9939.14305773244
8.12337561726,-9725.28563986145
5.53161558642,-11850.2206143857
4.10302946591,344786.221345963
6.73749056339,962772083320834.0
4.2920187899,-13200.2321935683
3.93168087933,-14732.7471543328
7.99200059963,-11377.196988656
3.36682663022,-12731.5213565372
4.18233045892,-11309.3650772844
7.88306749228,-12100.6280767468
3.73803172619,-9433.77362649051
7.41259098963,-10089.5924784194
3.73594714741,-15151.9266549025
7.81209247736,-11244.4152981227
7.0164342448,-12631.8507099954
8.32053597509,-11393.3081318527
6.26390131511,-9619.71351984292
7.61080074589,-14160.0827007769
2.92110852902,-13180.0356022171
7.79378451322,373646.453061306
5.57217565614,-11017.003359463
6.27719676029,-14027.3082049869
8.04562603811,-9932.86049539973
4.84400557959,-9160.29504729348
8.06832558409,-13749.3273708324
4.3722615573,-15055.159056128
5.30392198308,-7872.04708232283
5.47015778573,37.7718518133734
4.31466662025,-10132.5787294896
3.48972978722,-18851.8539632347
7.795821257,2452229.31447995
7.60912670656,-13468.4621649232
4.72939967768,-11978.7306808367
6.92626795982,3616.2434869782896
7.64785192101,-11722.2404122234
6.11336005408,-13672.4817512708
5.08129911456,-7479.5604412513
6.87318934639,-14581.4870119689
7.70357870271,-13710.7470287857
3.59816470729,-11971.2230892951
8.2674557775,-12458.3495641948
3.11895432786,-11036.9889360805
7.87868360484,-7948.38173893331
3.34867531127,-14061.0447699557
3.74131109008,-9792.59007965562
7.59818751788,633.42246718187
7.98958028862,-14287.6561501434
6.19162737637,-6936.34945843439
8.51060640835,-9409.30043171567
3.57479997612,-11547.919595905
5.30604524953,-8513.61154132553
4.31111027587,-15387.370956453
4.49517388588,-12609.5321107935
3.84346027866,-15706.7987855139
7.7972618571,-17371.221822847
6.50609792047,-7867.40903123564
3.41583618821,-12205.6179426964
7.89862713247,-8330.07539697603
7.72670046753,-11633.0841037188
4.23064700923,-12399.6660692714
4.96126844004,-7039.06555934933
7.84714460468,-12564.6907316731
4.04339126724,-11416.9567367929
6.91752628306,-12904.8297156926
7.59615480943,-169.085802529122
7.9768477067,204179.565249435
4.5123145946,-8818.01575873001
3.2876581909,-6849.81842404225
4.61438221023,-7464.21355683616
4.68761327863,8083834.7584896
5.6898567541,-12547.5729501837
8.16608264073,-8140.11569319404
6.27410717245,-9618.79153315545
7.29294193661,-10500.54944289
4.55830496696,-12124.1812766944
7.55828678201,-18263.2820292537
8.04621421422,-9635.36084729167
5.95842279403,-13884.8591823671
4.37984331781,-9369.32435086143
8.35168198726,-14078.3479595616
6.63889596364,-13691.8717945338
8.16397386447,-10265.8038870157
3.23370044872,-14070.3512381124
3.12615816827,-11848.7202159646
3.8412746814,-13810.8218669949
7.80890676662,-13162.7564707858
5.25006317385,5336.75900910019
5.05511221055,-4844.09361392516
4.38780300146,-9631.02831321105
3.45235534113,1713749.36431352
5.57229609405,-16841.6792898331
4.57891493135,-7289.81029392751
7.82412984676,-13189.9589364127
7.97187313844,-14108.4577473364
5.2265085672,-13547.4289090261
8.15377560958,8325574183.88385
5.19270835264,-9832.35444516537
8.34160259522,-15340.7838769674
2.6954936921,-14260.8380359221
6.1922573715,-10283.0339759774
7.14230864401,-13660.050166961
3.1666323157,-10136.9028420007
7.87654864799,-12441.6651540833
3.05628536926,-13839.9540404595
5.12526276991,-10037.3005671692
7.86446720214,-14038.5985537515
7.9242659602,-10925.2414500081
7.60311610607,-5216.65684396285
3.38198352405,-12372.5135500131
7.57075752694,-9804.97477627262
4.68375093825,-13407.3698811874
2.74775269578,-14622.0037656585
7.9004126267,656818.815738754
3.7908306687,-13359.0805455818
3.66005212464,-17930.2138522667
4.87870525792,-10886.879158757
4.46608258734,-14503.7670701399
2.62668030859,-10272.0139532677
3.16716969673,639679.535884947
7.68458752155,-12019.8741563057
3.58074332839,-10302.0131847067
3.97091752945,-15200.0533096553
7.79389506704,-10653.4171152476
6.97248784305,-9759.8778498717
7.3588036455,-9721.68695982746
8.30585849661,-9540.10107497176
7.90948541797,-12522.6613667252
6.57870315733,-11912.4153024616
3.06970367547,-14262.2229640861
2.66688949855,-15727.5601046347
4.11035477339,-14067.4459219446
6.74427903582,-17106.9174054334
2.89873799663,-11968.3858517706
7.73393215419,-10215.4049109351
5.27105932516,-11177.9257491814
7.53204812212,-13698.2226538027
5.84383400826,-13668.5630664551
7.61442492201,-12240.6146260399
4.85571542309,-15162.4108073415
2.7922359608,-10004.3611167008
7.92758503229,-13750.5282068068
4.45335830562,-7948.92417041574
3.78334140706,-12612.5297200263
7.88898241004,-9462.93019075642
5.79209909948,-11749.6172951345
4.75442427864,-11356.4729039797
7.10503213772,-13516.5182121253
4.65206802916,-8296.10016390574
7.96695365058,-15559.8872029133
3.27191903579,-12350.4412954547
4.8292642431,-11065.4819064104
8.09707741733,2553.30665740527
3.34196843324,-10533.5392572952
7.87615207763,-12795.0361899675
3.32160817362,-13406.1891971969
3.99904992355,-12466.1638456459
5.1551499705,-10768.7281284352
5.47898471486,-8505.10820144473
7.83941278614,-9754.87578694377
4.55691724475,-15092.4559977509
3.61444065116,-12104.3645930445
4.96430833796,-10408.6599890085
3.50724158716,-11583.0635078229
3.92337359888,90152163594779.2
7.7087425058,-12945.6571420915
4.52028974926,-9981.75213316146
3.22608695069,-12934.5697880154
4.31668809718,-9081.6096445728
2.90026589491,-10751.7498077033
3.64981735584,-16628.2519455291
3.03443071602,-9756.7999443391
3.2659511576,-13643.4077417734
7.48926082747,-15303.4841435812
7.64404868295,-12092.2908736679
5.84647252633,-11849.8029967084
7.54035534802,-14430.1152890803
2.93865769289,-15591.1202059058
4.4761778057,-13426.3422735224
3.55553923414,-10183.9506237795
7.5818960949,-12802.7599429195
4.81168947356,-11654.9644837698
6.95239078074,-7330.18108574903
4.04810011452,-11548.7078964151
5.57058411086,2159680.23484307
6.90466401641,-9748.84329107234
5.6624632255,-15084.1425064126
7.08512431792,-13630.3047817923
5.0279156394,-18372.2550447543
4.49449832012,-10863.4435680453
4.38859159491,-9272.58494886223
8.09863688243,-14216.2786133929
4.52763895608,-14383.9749003617
7.5074383003,-8980.55710508511
4.24048965423,-8093.3431724257
7.6726158143,-8834.5962150684
4.65134122927,-11019.8243284522
5.62624751717,-11244.9741668794
7.44566834713,-7547.38769915414
4.29387472562,-10654.2814128413
4.03264774986,700871.995108684
5.73238113226,-12075.9318260362
4.72976827579,-9130.4425667792
5.10706622265,-10587.3180082547
4.39241403636,-14497.1400550496
3.81956771117,-15024.8693100192
8.13701021102,-10408.6251789073
3.59475083696,-12027.2055840607
7.22119754297,-10449.034735899
6.48921691479,-13584.3880680213
4.56124730336,-12498.9619403075
4.38243943465,-13913.7357142225
3.40270313268,-11843.9435288061
8.03061994383,-10837.9070454037
7.82244912813,-12537.5625005562
6.39579594741,-16494.6037296167
4.78492938469,-14106.211364785
3.39002716187,-10606.5212767489
5.49730476724,-9683.82927445633
8.13161227639,-9190.15118870712
4.01879003816,-9971.36710335287
8.29776767861,-15363.0873249792
7.89649007788,-13138.1931783489
6.92486247975,-14645.2089783926
7.68597619603,-11076.8496222899
4.14394279406,-12013.1078081288
5.98705844509,-13428.4245417288
4.26751117372,-11525.4222967764
6.38786523772,-10128.6873374622
8.03960346789,-9648.59148712626
3.91788268155,-17179.7975621739
7.47479292657,-13101.7033921932
4.56079312257,-9601.03191484286
7.83658192173,-9719.05902782994
7.46612897904,-11736.8357568405
2.91259841787,-10909.5801280805
5.03302867266,-11217.0447624983
6.70173550022,-14695.3102440455
8.13189231737,-11060.3183938684
3.02965835273,-12458.2248965871
7.11591670969,-11789.5760322401
3.50627419324,-12324.3176527494
7.3168028331,-13557.79705044
4.56128066817,-7733.672096496221
3.68916270407,-11398.3077028216
4.30226494719,-13810.5938100393
8.02063693561,45524.714156057504
8.17392279387,-11167.1630997589
3.32926560954,-3681.7328926482496
3.51778036717,-15320.5635222476
7.86379975324,-11315.0994643503
8.23968652803,-13235.1550348363
5.2703838536,-13287.6650414745
7.85444032828,344909.838995876
8.09733100993,84670539.9538097
8.0380939632,-9669.10962443081
3.08724976835,-11526.1810453773
3.30914293843,-12613.6386995055
7.86223664634,-9826.05479581001
5.11635703737,-11263.5142808737
4.7518903235,-12000.7956207531
8.23508323377,-15561.788944851
4.24195575892,-14342.000430328
7.53796814266,-8690.45709461466
5.24477439971,-15929.6008511287
7.80559110314,-8177.43494793436
3.07109631578,-7479.8197460092
3.81493450937,-18136.1984595145
7.0511049477,-17145.7436719033
4.71689507435,-10749.4175213879
7.46059888721,-15783.9656981736
8.20386440421,-11554.9188563852
3.54992954281,-7270.55771947359
2.90187013695,-9270.23777585282
8.1490422822,-14074.8801132203
7.81759432195,-7849.83409579946
4.78842532438,-9182.19967639296
4.67040713933,-10159.4420877822
8.60952364993,-9857.38960607666
7.54444466095,-12277.2407076226
5.64399790046,-11831.8084818327
7.66209404906,-16019.9510319361
4.53843864426,-13679.4977681221
5.67880390316,-10850.7556579965
7.24671083476,-17277.2463685618
7.32264962716,-13470.0156745375
7.83966042989,-9763.95705404341
3.42425365748,-14419.8188244422
7.99265684219,-12251.2959660968
3.80540471491,-7657.68113552645
2.92417693623,-12699.651842468
5.89642892489,-15850.6798402719
4.45609775225,16422.6450781446
5.82741163723,-14350.627223033
7.84316808197,-13643.0212932473
3.74435538595,-13029.6968007898
7.73029885784,-7336.10836124186
7.0320695402,-12172.7167768376
7.65709538706,-14668.8428496311
4.49070906987,-13753.3876098621
6.12148813426,-9466.71241542499
3.11996690762,1436688.0164039
5.85315048251,-12734.233032217
3.8551195847,-12570.5752799061
4.95999317364,-10416.3487516149
3.61767639772,-8054.74554439964
7.83997703318,-9616.43288963212
3.66416934572,-11472.1591499098
4.38592974679,-14756.2734414964
6.40254415611,-9843.06360581706
3.67317282097,-13323.4357127397
6.81396089941,-16350.8560110872
5.30382340609,-9815.77639306671
3.86670249395,-1581.70771445987
7.03805919144,-11104.3560224446
5.65798399489,-16319.8306365035
3.59779476082,-8852.71117288403
8.05685434151,21709317.0886226
3.66618603765,-10433.6424704165
4.26470518468,-9704.11627969333
3.51554830396,-12066.3580600957
5.49448703185,-9283.28806681561
7.77398756595,-13009.5245321202
6.20525771877,-7795.84101420302
3.71710241708,-16137.7439470405
3.99021956119,-13535.0206950941
7.31030494692,-9704.9152128462
8.22893138649,-13495.77290794
4.89639093873,-10116.7360426001
5.45177803273,-9497.75383908384
3.4856402051,-14730.2193385687
3.91122871823,-11936.2316757503
3.61252824654,-12335.0862723817
2.93364074643,-9504.27634655723
3.22703777884,-9509.89546442988
8.29627924881,-10908.6039090639
8.24100433593,-13868.1960435215
3.77191133977,6454190862345.62
7.28145008732,-8488.24129671811
7.75241912965,-13220.0959022443
3.78861663363,-13760.657740187
7.9704779687,7.81015232541645e+20
5.81288376265,-12328.1695270948
4.01319488664,-8621.5102179564
8.20290449264,-10873.1737690781
5.19946301335,-14849.1365878469
6.99817385597,-9441.30454259307
3.28408431247,-10906.4804460705
6.04120555604,-18724.4440486875
3.63955478336,-11544.4979242153
3.5081992492,-9767.04760741308
7.1472152797,-10390.6071470681
7.93955719092,-11516.3428018973
3.34143116377,-13887.3337778032
4.04929295117,-12867.1218460084
4.1956152378,-12118.3471395432
3.20572909351,-7665.27322795461
7.93099145309,-13627.9223786454
3.97506976331,-9767.50280196245
4.41656153118,-13576.6023252397
7.31758358025,-11446.1017319442
7.09182180914,-14841.4340476362
7.53915764923,-8471.38204450961
2.96520387961,-11930.0424516723
4.69731938222,-11564.3165440459
7.78634179457,-9010.18895202877
8.21430298387,-13746.056245448
4.96068918511,-12746.8556045606
7.82485740861,-8802.14437226344
5.55576611075,-11687.1129473639
3.35130317545,-6715.97906249501
8.01026199646,-8789.83378468655
6.11160014837,-10469.0104936917
5.1243525597,-12667.5699159976
2.83826645318,-14978.1653436732
5.34330241776,-12274.0219847896
8.27720088642,-9757.26321662607
3.95279160915,240715.318314469
3.6082784019,-13842.5968529837
3.0476425268,-11705.0134109823
7.24226624457,-11063.3906631937
7.89072856059,247834009.327333
4.17884333537,4647755.49467398
3.75014386095,-14666.7135881153
3.16893255064,-11070.7691986123
4.8395699937,-9421.07656127237
4.2451043955,-8115.88904282006
7.91715114788,-16376.3123742843
3.11047121735,-11672.4638028092
7.93298663485,-12422.3838157575
4.08196131443,-16419.8375753682
7.39518815366,-12174.5312034905
3.14819065627,-10170.3552400882
7.08106707486,-13047.4853192225
6.00438721283,-12122.8849265259
6.08592541764,-11471.7942625019
5.48039426192,76919.4381460278
8.23658878311,-11540.8341499698
4.57106819093,-12685.0495654942
7.84761530278,-10005.6101256305
7.79168505861,-11284.6639184961
7.78758925939,-13276.3398873855
8.24301247389,-7706.58918677009
7.98217189389,-14313.9401655924
7.11305513074,-14486.1093536348
2.83308547735,-8094.56186513121
6.37307181412,-8680.84340182037
7.57225781756,-15954.0571356028
4.66732674035,-11977.7477158813
8.00356742709,-12247.2234677783
7.88739122079,-10179.4787445111
3.75635225186,-11569.1453763724
7.87122959888,-12156.5906183193
4.26742739632,-7548.54178114097
8.66627727469,-9763.2332014752
3.91336211984,-15979.0670001733
8.03073467374,5.40573139972134e+17
3.06200651203,-8598.14565876422
5.33646379675,-10802.5588898946
5.01813853586,-9335.42613403041
8.09789493308,28011243.7805655
7.84117433262,-10326.5873262989
4.90493353487,-12367.4472262659
6.05332550795,-11732.1468809616
8.34587634922,-11640.9357711629
6.53316067505,-11138.2900620849
7.36290054833,-7882.71688041673
4.51933669931,-13075.2148158454
7.83986973076,-12100.6670762586
8.27401768734,-9305.61040017156
7.17177106341,-13539.1180135817
7.88854715448,-10115.910131448
5.03968788913,-13675.719487611
7.02372302922,-15297.1474785258
3.70383415612,-12195.2200387569
7.19900340478,-16783.2483377621
4.77870871524,-10203.2482592042
6.20646725224,-12273.8032291046
4.60059029804,-11963.0229501588
5.0740025811,21186.2704069221
5.53800021763,-14263.1194932666
7.11666063701,-9399.36936495732
7.9731835673,-11163.422185073
7.68403026183,-11280.662642521
8.12015484096,60130534452.2
2.89689712167,429531016.126624
7.54509394135,-13088.0967187429
7.57942001542,46409958.8562008
4.41101452361,-11871.3677521714
4.54144018941,-10132.4845109277
7.94666706601,-10406.4039252882
3.50265192274,-9521.26543277118
3.54769515305,-11283.4853667104
4.87860680056,-15583.1077531809
3.00663070472,-11033.9093939659
3.62126197872,-16486.3227712769
4.17405406602,-3660.82727978086
6.41337684118,-11707.5770059254
6.63192372938,-12834.3547061413
3.09305058802,-14393.4183438705
3.05518761663,-16189.1167632627
7.84549772236,-12548.554992248
3.56992297581,-9746.19107139621
7.68638809191,-13716.5278994714
3.48328558526,-9363.67368703527
5.01355326434,-10663.4932391079
3.01951641721,-13959.6681057722
6.77278464633,-11669.1658087493
3.25664149026,-15368.06723192
3.81713982741,-15238.7249726838
7.61604126251,-11073.4609963425
8.10547686569,-9892.90848479171
3.94370464119,-19550.4375674149
7.97819992657,-10840.0700889252
5.56020878209,-15928.2434609433
4.1575874085,-9004.50305736387
6.45728287284,-15480.126337238
6.73525557828,-11215.1963659093
7.59688470632,-8256.67747885475
4.44234005218,-10241.1807283996
8.1945482505,-5284.49304433833
3.67565141842,-7973.80974816705
8.14297768748,-13054.4080889434
3.65372865214,-11755.1486367487
7.56343836853,-12673.5739336476
6.53679381503,-10824.8803766751
4.89497574723,-10341.4976051198
4.47669914006,-11785.7786030376
4.50156645913,-14389.0571043824
4.02933336892,-9646.44946189535
7.69883153261,-9253.57310143361
7.72628515382,-15251.80840186
4.53148421775,-12475.7317158341
7.22994620636,-16681.9648123235
7.50242200548,-13422.9356122391
7.6049968886,-15249.5402783672
7.71136073248,-10544.3982526025
5.62330104858,-9757.212859528
7.57349701805,29503489.6966079
7.99765442306,-11828.8521087922
3.14753625792,-11021.988683381
7.42836081049,-10985.0279286195
7.94575252358,2116135579544.97
7.61896081878,-16968.4352151806
6.03654924524,-9670.6696695975
8.3009408963,-11926.3007723055
7.73306660006,-4562.71054193221
3.28385348137,-13826.2502696851
6.585245954,-8721.43207675509
4.93399872201,-12127.2939218439
6.6180516718,-15132.7119937007
3.16579892576,-11949.6783891081
6.29668370197,-12730.1004291729
7.96501147188,-9668.30957855605
8.20262949291,-10373.3402360214
8.4566339935,-11470.9897334937
4.11393306981,3983346.08884589
4.15178869367,-15776.8996390604
5.99488407743,-9680.30779770455
3.60058921434,-11902.0866229528
3.48988054489,-13642.4515747012
4.5949753723,-15807.4230899007
4.65433984569,-11204.6583325739
7.87349748186,3.56207627700221e+18
7.67092432471,-11976.9630523571
3.41709515262,-6626.38388378797
3.05783166458,-11190.4798163906
7.68334755305,-8311.90064061196
6.26869510566,-11918.9356768746
3.60125843614,-14034.2326234026
4.2296479186,-13295.4042601064
8.07727380587,-16547.7624607522
7.81606786201,-9206.89891208641
5.89660328156,-14828.9445716788
2.92164586568,-9286.46272733536
3.77818112516,-10531.2739652948
5.34454854104,-9265.96682274576
5.70694595932,-13213.5670140156
6.64549460167,-16135.5706516029
7.73986956232,-12758.0663422816
2.7985962374,-14144.643135382
7.34158677441,-12028.0629810728
5.64693502466,-16096.4774086637
8.0766029137,-11802.6581283028
3.80123889672,-14617.1032829659
3.16546718946,-10421.1347692429
8.26869977521,-13193.8283496421
3.51668873924,-12321.4462315648
7.6827254281,-12614.7123913293
7.55295222483,-10835.7326286954
7.77552690265,-13626.259109018
4.05057129296,-9803.29025898354
3.48889537285,-15297.7635352623
5.64411025543,-10436.6861591285
3.02849466895,-13327.5986894349
3.65337861044,-13530.9924523338
2.8709339064,-16041.5250183916
4.43176726655,-7661.04851876045
8.02261222431,-9930.5467830611
7.60169839356,-9381.0504372555
7.28259633501,-12562.2972376799
4.04266229389,-10261.502526433
6.72434394736,-12348.1842140054
2.80826982637,-9208.94484130379
7.68546973844,-12829.9821644986
3.90485928976,-10666.273601457
3.02293297504,-12400.434187895
7.68760453966,-12988.4518437165
7.90037048818,-14060.4662539003
7.76297780807,-13343.2422950311
8.0429118293,-12115.1438347508
7.05919382145,-10408.0788061807
3.25662723025,-11836.1041469757
3.28028166381,-8039.26198704764
4.70349545159,-10745.3439605985
5.22663728186,-11252.7079100339
3.33162009285,-8205.70570092515
8.12602954254,-14313.816292966
5.48129298947,-16049.7669213598
2.96360793435,781.128656090399
3.76970392431,7068197818.47541
3.98889404415,-16720.0094548414
8.4328860431,-9095.40048056502
7.49951963007,-14518.2396808335
3.69937311231,-13839.7832755074
4.55401055089,-17074.289877747
3.29194462968,-12472.0469359673
7.00835947901,-12867.1863498235
7.16074712677,-13574.7475110826
8.45130069145,-10017.171356616
7.54668761241,-9911.90430475969
3.57334232126,-14749.9709382147
4.23973785695,-12463.1588845329
7.7009612909,-12567.6157194436
4.55791864381,-12315.2194630091
4.30902043121,-11269.4862282471
8.05113941307,-10115.5591269071
8.06913717154,-13555.9997983162
4.64777513684,-12073.7465478033
3.32539193836,-14238.9547816654
7.34219151405,356391143091.54
7.8908225641,-8893.41734254866
2.58594377764,-13256.600119145
7.57624163394,-12891.9323230848
7.89839872583,-13350.4422743531
2.74567099126,-9803.14466149869
3.55010383813,-11929.5268112346
7.62322968473,-10360.2136112777
7.63134545164,-15519.9275077895
3.01946929263,-8870.46079703162
3.40734605644,-8384.21063754982
4.10757141751,-14143.002451655
8.29912905274,-10249.8385526501
4.66205718281,-12994.1576943719
7.65974340925,-11959.3797314862
7.14199613228,3835124.60347834
3.54363138652,-10994.4296992406
8.05544724886,-10813.3551174837
8.38125838799,-9333.48957350264
5.29295466852,-10589.3255607875
5.44870343461,-10261.8571745789
4.2787463386,-8356.58112279826
4.89341459804,-10594.8193479138
6.93263600196,-12469.6410690565
8.20246585619,-12463.9948372489
7.93485356485,-9369.7292834818
5.70609808728,-11344.4015800699
2.7094986871,-16530.8454959856
3.25143385753,-15959.4652401796
6.08206030139,-10396.775381578
3.94823716074,-14045.4561842887
3.69435365093,-14212.1907558874
7.54463913347,-11670.9490384364
8.24702604467,-13692.3877474926
7.90710523066,-12457.3712239129
4.92623590504,63956.50092208129
4.4230879888,-12947.028898915
7.73830425314,-11032.0402235045
7.65001469901,-13240.6902511514
3.71483633126,-10133.3669367174
7.97510211946,-10054.5799523802
5.15189128016,-11671.6524790992
4.38652771304,-9546.08946059668
7.72637981681,-12172.402743521
3.89498888458,-10447.0830037244
8.05554113293,138145725.319499
3.01582046643,-14709.6592565863
2.98799846861,-12343.5815390189
3.82249489483,-7925.513551057849
3.70302620681,-10280.8317357244
7.43482977263,-9675.53137187732
7.27069318051,-12941.335056026
7.19261348955,42645.9356423662
3.17519442331,-12663.8810028411
3.97012245974,4.88683580260166e+17
4.16990137383,-9012.17719550764
3.25987144421,-13354.9800134471
3.77430640478,-7926.97559483848
4.25251562046,20450282543.2761
2.99136321166,-11771.5102958199
7.69443723376,-10189.8081734953
3.24804553963,-8846.01569757567
8.49057168795,-11979.5146652239
4.8127507308,-12026.7943667757
3.93960240049,-16268.1535442976
6.89557426149,-11526.7103486031
4.83964816138,-11546.9157934972
7.91018725157,-11648.6545252162
4.57569173193,72290197.3864534
6.80885692209,-10913.0637052054
3.37705265421,-9082.32315640579
4.73232854944,-11184.5083525089
8.40495164264,-9163.83269871633
7.31637170717,-12071.2306311058
7.90513233635,-13718.7861370911
3.27703121885,-12951.0418986725
7.63999491917,-13125.4980093604
8.1086983347,7947.75732385306
4.46132510312,228253.090815694
3.88523945994,-9657.74301551771
7.97152292097,-15227.2893397681
8.07968814199,-11365.0740596765
8.00534785397,-11336.5799788121
5.42971415092,-9146.89639817972
4.89148428382,-11963.6577194648
3.70237715034,432798191.14496493
8.31284631246,-5763.2651735265
7.35111993087,-13258.1999280084
2.96529381729,-12247.7338330929
7.42543238293,-9277.57045810315
5.21502120515,117450307850844.36
4.75206792465,-10230.1014129024
3.96450242138,-12913.4623819266
6.25110696307,-13424.2216422926
7.91186546822,-13111.4353894529
8.44460045098,1982.40741325504
4.17161695148,-11954.8894680335
3.29142156561,-11053.3511605061
8.09309518081,-11975.5273936017
7.97519015375,-11058.2501141395
4.83834207225,-13260.4110725763
5.2009925214,-13060.8909046493
7.84550043429,-13285.1283515697
6.70135274015,-13949.6855192035
7.4864574454,-11155.1993329642
4.96787610803,-11686.9094391136
4.20021946829,20312915.0324947
6.65336662551,-14262.3826570677
4.41099210135,-11542.5691271701
3.2704080611,-14668.4114955546
7.73414837433,-10164.0039530888
3.66075359889,-15718.4851353767
7.8671113482,21065.9623209998
4.28711745361,-12667.2342550612
6.15193925377,7694.65124669004
3.77066134968,-8886.49501052413
2.96773802288,-13547.9929275097
5.27602390323,-14830.9299325745
7.06867233063,-18122.7210035313
8.46655484502,-10393.6192503576
7.04462991116,-13803.5413828288
3.19944978132,-11213.3260018653
6.05713374144,-9082.37439865485
3.01066296115,-15432.8163656196
8.04297188667,-12362.5443692622
7.853540388,-13404.9088681573
3.91059827301,-17944.0909807865
4.10443263351,-12379.5336534537
7.43787289178,-16186.692598747
8.2542524437,123673.099361338
8.01244477628,402142.85741153103
4.9438263957,-9430.00791104152
7.82301073189,350641.23685776
4.03415235923,-14537.8739841845
3.64020735558,-11412.9355196896
7.40760152323,-8695.14534439827
7.78680699778,-11332.1051513139
7.68599946977,-10586.0604676353
7.64814106488,-14176.0130804533
8.11392960174,-12035.6734202398
4.67548174151,-13707.664447515
4.16412336906,-12446.3225223027
3.3196636435,-13417.8665263324
7.71197776483,-10573.6943154015
8.09870275206,-9639.02163988861
7.2743247791,-11839.8776328866
5.77208980363,-10460.5779009835
4.3056787823,6925.55649988438
7.44736046858,-13041.528248377
6.55088466955,-8948.49139688302
7.55866698343,-11386.6137416387
4.2992707178,-11858.8113223573
3.96917853627,-12797.5031435531
3.79491586797,-15166.2307746388
8.24163165551,-9384.22138963465
7.31778263255,-12425.3228811718
7.83223351823,-12648.5789692849
4.04751340733,-8514.98072163082
7.38613475989,-7364.49103847662
7.92532270132,-18590.3643544539
7.48063418665,-12852.5750587692
3.70056249996,-9487.52060574056
4.87143838595,-7799.0387971349
5.27945336262,-11328.9653599269
6.61449321348,70440.0962517305
6.48062427212,-12889.1313158579
3.69162701876,-9066.66705864381
8.19309706164,-12860.4300124619
7.79697520202,-11743.8241571979
3.56018126226,-13418.3145036907
3.49674048336,-6277.3203364969
3.73040682946,-14055.8104398394
3.98420367995,-12391.4141861929
4.51436979324,-12104.0193769572
7.19377650166,-14618.9094795165
4.58690306333,-12561.8904685107
5.23757471911,-18420.2034349347
2.65721435749,3508.41033382972
6.73877683676,-8965.6878902969
3.31682410033,-9666.56609372981
5.58195079405,-12174.5802223176
7.69557963932,-12266.8714384563
3.38698133157,-9876.96903464617
3.02427396774,-3066.53672776118
7.75786141656,-7728.57964679453
6.1974650618,-17101.6396355716
3.82855773932,-17471.1557314602
2.88406334643,-13331.8523200901
4.98829320172,-15398.8972399391
3.54815851482,-9341.74188630821
6.03440909386,-14815.6485229912
7.1071799269,-9371.7166388786
7.41720293443,-14715.1069167782
5.72575676359,-13319.8575472075
3.08267375301,-10112.0484528208
2.94947510468,-12446.4992404323
3.40041400353,-13947.6130608462
7.12110890832,-15773.065281963
5.5993249655,-11723.3670451033
7.99933025656,-12811.105132973
3.95499206171,-11552.862761586
4.25144012697,-9285.18914100513
7.92712757488,-10317.2823732812
8.57849339357,51365798203.0975
7.83824477875,-8074.97346096802
3.5103589813,-11531.825975163
3.84116567176,-8238.18898017176
4.21285972976,-8343.5977557804
7.4350368122,-10824.5166561764
3.80106096913,-11133.0835679569
5.05115820621,-11248.5397651213
7.56791638109,-17490.0300348572
3.40655289521,-6531.90536298656
3.4522032675,-12241.8026866416
7.52764866309,-9655.37690885994
8.18171500172,-8008.57828076469
7.45502650015,-9027.6794167966
6.6335531598,-14123.0148442061
6.56472773382,-13201.5149933547
4.54651777711,149462.565698394
4.79535873366,-13084.7125283242
3.43738324358,-13661.1125769763
6.34147595222,-14362.5075493547
7.58690990872,-10996.5624405889
7.22302314787,-15028.7460345368
3.29552208517,-9191.65152635303
7.93842475225,2615168.44951304
4.29245223959,-16054.5632573022
6.5600399048,-6808.47968380098
7.19582626273,-11822.9071259371
8.20811958772,-10090.9651795712
6.94310366296,-17154.5323462252
8.14507868787,-8668.94624011319
3.57203890263,51553388.9230787
7.00406303986,-10118.5054886356
8.58236137783,-6967.55311575731
7.369040228,-18731.3239903261
4.81964924676,-12023.8963305197
2.90668394708,-12117.1550209516
5.7106551349,-10052.1707497844
3.6618048914,-7788.92809350168
4.56114108727,-3086.8965796165
7.58562870368,-9092.04293628083
6.18666125228,-12654.116101483
7.57520178146,-12311.8526542032
8.17408910103,-7987.17543779264
3.43238839042,-16204.5714262638
6.23579248743,9323275.26091458
7.96880871513,-11017.7687652856
8.23651306035,-13629.1247469842
5.12878354713,-8893.13908587618
3.70705827519,-11435.1428292559
4.4735005798,-10461.4245956806
4.15746611424,-11673.9378101246
6.62066939114,-13717.1080973697
4.17027372588,-16029.4340480868
6.24902432529,-12806.5912325795
7.74323070585,-14044.5314221507
7.99086554976,-9275.49564861603
4.37531152004,-10765.8150342417
3.76055581911,-13619.2851026292
6.10027112936,-9889.79554631246
8.167035545,-13309.7149993576
7.97629303177,-8984.59274397338
5.19879089936,-11505.7873936615
7.77177690474,-14146.2051671416
5.26031272814,-8778.05414199005
3.55433075991,-11152.7043044052
6.16590128412,-13341.1955944016
3.91624076248,-13492.2904435575
7.20506461315,-9039.23074748082
3.25000792937,-9504.59505042884
7.87317487321,-10353.8570482467
2.94447965095,-12283.962205361
8.02378306788,-13997.7262497864
3.12271633152,-12658.8552232799
4.24267192117,-10725.6406548771
7.71184437096,-11237.3817055271
3.75389859366,-10239.3603024246
7.55954061982,-10882.4964975687
2.61275463354,-12126.004046631
3.7656568699,33318075991.6524
3.60811082587,-12758.5219039589
7.70251620415,-13188.1479667102
2.72514028665,-9055.11792677487
3.24359638724,-10060.4887635845
4.71136752085,-12559.6938950622
7.37730240295,-10085.2494342743
7.43743526662,-12590.5089121404
3.52778501734,-11930.1134456282
3.92996450859,-15308.9747539491
7.1676807885,-11117.0546231276
3.44371437784,-9926.33852028195
8.0116459947,-11955.2462775389
3.64037554638,-14510.5153421664
3.21807893314,-13194.8751283098
4.36553074145,-13178.4928780138
3.40783541616,-12690.001997893
5.66196718102,-9168.19619196883
7.40277073519,-12681.965581115
4.24096037963,-14464.2220406397
4.93300603502,-9037.7873873543
3.09811153996,-8016.57944002898
4.71189176774,-9213.38562781184
7.74621282868,-14230.9230018158
8.59213139252,-11330.9932636039
7.86688485707,-9813.12891749264
7.42410403206,-9476.19660440195
8.20484656278,-11845.470550647
7.67798290098,-16611.6771720608
5.5243290162,-10118.0758741155
4.12025571892,-12590.4435293144
3.70401378571,-9650.50981851089
7.18315857603,300039.914926793
4.26027368118,-13907.791586627
3.10916255269,-15022.9371111153
5.12979918286,-10955.8220366078
7.90743581139,-10949.8806445197
6.36007632514,-14298.4540710464
6.10037795452,-8260.66554132915
7.79325196936,-11139.9875497671
3.60697420691,-9783.36658265833
7.16989370865,78786947.1478636
7.97873210332,-19880.1425548284
5.85888736107,-8317.45465084675
8.08912084053,18119851382271.7
3.72553180614,-7687.22479407927
7.77070777126,-4704.12792179495
7.26755799641,-19020.0952268221
6.98884207472,-12177.8919071929
7.77165454283,-11503.5773281831
3.9205049582,-12867.2509073909
7.52137808207,-11752.7828928915
7.15307553973,-9656.14112996302
3.46738331385,-11457.9989153351
3.9154178854,-7547.0909185024
7.9648199892,-12712.7678725171
2.66425849796,-16987.5632134708
4.11956907952,-15108.080627435
4.22215013261,-12223.1412207568
6.94861016244,-12815.8750832392
5.17681243112,-11051.2927324094
5.8324343098,-10930.4293538435
5.12018918994,-10498.454838019
6.90700622805,-14888.6489176749
3.52604065887,1568.94322078679
3.07166978107,-11025.8957304432
4.43928967633,-9900.75502903526
4.23453264469,-13305.4258711209
4.42737793683,-12952.4058756956
3.06197155071,-9880.23834839923
7.87848504981,-14768.9248891749
5.89045409696,-16419.3003743256
7.7989170283,-12106.498437179
7.29705264743,-14884.0829092909
2.80986481571,-11967.6344122907
7.50537139383,-12745.8554984912
3.30943604351,-9893.27645615168
4.34685935618,-12295.1761718807
3.95135201197,-3845.16067407316
3.45978629141,-9119.18933262083
4.22150211245,-10819.5963704444
4.27250144749,-10141.4824915087
7.87194841247,-11779.3440914274
3.69096757952,-12004.9356369277
7.70625208349,-9787.55650388609
4.92401228228,27776.3546141022
7.00522848534,-10984.0124258558
5.45052739909,-9312.85104855692
7.90494425819,-11022.8305279641
3.2805004458,-3649.61120177498
3.39072313612,-11737.0349271529
4.08117157871,-4879.38279011037
4.6671094058,-10576.8288737787
3.12176254765,-12309.4103157261
7.65027669144,-11349.4463758544
7.69630193818,1331714134309.0
3.34156872117,-14835.7080996502
5.4089596786,-8891.09971243158
4.23182532332,-12509.2252867445
7.44447494624,-13864.4894412777
3.12614905616,3629046.70818983
5.49359243177,-12156.5786638777
7.32464437773,-12746.4024518757
4.20018799125,-11540.0191306695
8.31236698127,-10404.7952701191
4.06548327975,-9372.13216499981
3.52687261787,-13118.0908238186
5.80677334023,-11669.0965374324
5.97547548006,-9356.90238758924
3.38173025993,-8846.08800244102
5.70286298012,-7536.62212017426
7.49624924382,-11457.6504032348
7.80466229304,-12701.5737330154
7.12992115341,-20084.6117949501
4.48206232924,-15334.3043475412
4.22442163818,-14065.2653763076
2.80148179946,-9688.7202473569
3.95397764298,-11153.8390948505
5.74883509358,62441.9940081647
4.10211703147,-10199.2135097077
3.2278480573,-7347.70233037059
4.72276756203,-11378.5129792863
4.43876361033,-11644.7858350995
2.91456610766,-12304.6353569415
6.08055741331,-14670.7233813684
6.82445548462,-12373.9907012821
7.58756724168,-1340.8439097115
5.86566389452,-13394.9687038788
7.22953056224,-11918.8889034764
3.86871964821,-13650.7023380283
7.20582654271,-9623.96673623804
4.8349941613,-15382.5265948425
3.69688688152,-12673.3840630121
6.12246233885,-8132.75203658136
7.37041293553,-8795.58605355136
7.91832446647,-16556.5247506769
3.15553173018,-12118.8810431966
4.88934720947,-10809.9317462046
4.67424631171,-7871.87102419576
7.89164060062,-11477.6966929897
8.1090395102,-13114.8369029811
4.34547554758,-12708.9800035091
6.82669246018,-10416.8724656601
7.59656580473,-13436.8388420976
4.58078828985,-15268.7660927207
7.88565227257,-13237.5876483503
8.20534222349,-6020.67209385888
5.11001282293,-13914.9681756502
5.89898178249,-16449.879447296
7.67848738604,-12365.3145652916
7.21892200484,-10453.9340770722
5.69406600481,-13263.4557609392
7.36608217981,-11141.7169185342
7.3258881487,-10306.4987475752
7.99580663585,-7650.25806236066
8.42350709183,-8547.84510704643
4.67319888132,-9930.35972972893
5.94414803233,-10313.3935133258
4.11545095113,-10434.1490706753
5.42747641853,-10975.2144246756
5.13350654523,-13530.4475648928
4.33179776342,-15477.9516144226
4.16737239389,-14445.9534662825
4.4725700164,-10546.3802327898
3.24882816257,80743274268.3644
5.21014008237,-4497.72680029271
2.89540553456,-9417.16600758396
8.04418914174,-11117.8867282391
4.25435018673,-733.394431524286
6.42971785856,-10560.6934416277
5.30078152747,-12281.0824538559
8.00555148503,-1504.7929568612
4.28372863878,-10527.9724729105
7.61369824283,-10833.3812061973
7.66269327016,-10926.8643432581
4.73472018605,-9359.96951512455
4.28271705874,-11097.6684026391
5.10680394255,-8888.95174958122
5.05950224913,-4419.94836480877
2.99492372189,-10321.8039915229
3.82275404059,-10649.641022744
8.15935234401,-12856.5557539814
3.69722777506,-14412.9809169782
4.42789824177,-11032.3611737236
4.90382515688,-13712.4599481909
3.6687080278,-13135.3985350226
3.69524775054,-12937.1768312307
3.03435200875,-8077.92666175424
8.18821954463,-11845.3262330214
3.1647409339,-12926.1004750166
7.08742940069,-9190.15337204735
6.48487887418,-13439.3046937258
8.12999114133,-10725.9774215485
7.81481034574,-15129.6990368225
2.92440731853,-12933.4367776962
2.88564067508,-13148.1351054195
3.00524080335,-11928.4861788543
4.48671671703,-8903.67671561817
3.64122704226,-9664.61173046152
8.07215777625,-10771.5541176955
8.33211519257,1126.47658622401
5.13995471057,-12957.399262002
7.44891860898,-14462.4756942534
7.18383350372,-8353.56532745842
8.18876466855,-7522.32839602219
7.96359213379,-10413.974858726
7.97067545413,-9970.30088794435
7.9855041297,-12547.7409998596
4.64201497902,-1696.0643632801
5.51228710928,-15186.9156006405
5.86933726755,-8761.63739052509
7.75408425663,-12923.9095409456
5.25736148795,-14547.4799995525
4.43479177563,-13301.4619943241
7.99067273163,-15734.9925711808
2.73641537694,-9799.56129457781
7.87923919653,-13194.4002939996
6.27313595966,979174030798.109
6.92260494017,952200.618769077
6.36117380502,-10332.8480286612
3.12946106835,-12029.3769687828
7.17130160362,-10411.5997630198
3.42075405196,-9733.25969689942
3.8077104224,-12374.8068689594
4.71768736344,-16165.5840709127
7.77911814968,-10017.4059899611
7.25378102187,-16435.5761690595
8.10197143792,-11260.2922819022
3.1812540044,-15814.3965429651
3.41711017825,-12159.7665259043
7.6737846756,-12293.8607080321
3.04668382887,-12520.4898436315
4.86610490765,-12745.5725202069
7.87744473085,-10500.4487721263
7.71120457803,-11478.1353223819
4.96338848229,-8310.68864809693
7.2541628751,-11625.4869832614
4.62984854578,327959643225673.25
4.57321732113,-13705.3989394099
7.45068088635,2653071.60068755
8.29200557784,266864207.203523
5.42039492627,-10218.6522143504
5.19507724839,-7437.85167349784
4.41186991058,-8347.71225184349
7.75489208016,-10796.7258538425
7.81628858618,-10704.3316664706
4.93122385279,-14011.6054887397
7.45275692099,-13499.5387824654
7.53383704928,-16698.9275690032
6.61012390755,-14955.8536566108
2.65867578304,-9829.10929835939
6.95445105027,-11201.1845343515
7.67950799228,-11448.7921480506
3.05015754954,-14182.6735262952
6.99247014369,-10788.7761176983
6.4143582426,-11554.1357026281
3.99015682932,-11316.462681247
3.75392482983,-8841.50942120139
4.73332425817,-9688.23226126008
3.46328983544,-14486.1588550977
7.90989165733,-7942.6882228648
4.14303495747,-9271.55178692513
7.64968707399,-13955.7601554763
4.06241714016,-11375.4743394751
3.83499446574,-11302.5110629204
2.88382622587,-12512.9601751658
3.66822758621,-12354.7711791491
4.75968753835,-13371.2389889699
7.81014136224,-13978.3091988747
8.09938372518,-11428.768628402
8.42778621367,24598.0370992338
5.70047196252,-11914.0166661422
3.63466660648,-8203.99200058715
3.67208528565,-9369.18860840637
4.61753177875,-11581.1992457339
7.62144769799,-11859.3589772414
3.34010804128,-10282.230973607
8.32809346379,-12795.1436771184
7.95626919984,-11694.45795464
7.12335591879,-8742.97728501849
8.15807336867,-7822.46861246854
8.64853320677,-6599.19989789895
7.95530611185,1146583.15727466
7.8480403426,-14709.3272677551
3.30123964157,-14742.5683237435
3.99627965294,-9812.57909155669
2.87836051528,-6710.47293880156
6.30429872614,-11688.3813924208
8.26927634144,-11554.0038947856
5.27199227834,-17756.1861581833
7.76288257727,-10241.1593904671
3.438565986,5726979.50368411
4.97781088214,-11318.0725993685
3.67066536493,91137.7905512085
3.04463473445,-13345.4534595536
3.33077139753,83526572.4566867
4.72076074264,-12637.2035137204
4.39129684179,-6957.16358284131
8.41793676913,-11121.6995696016
3.8122571174,-12102.0505450742
3.01240852788,-7691.05290511088
3.5501818468,-13122.474517673
5.60436023332,-10244.8439052912
5.31953289974,-14378.8362076527
4.47584471366,-10238.6807239944
3.81515382728,-9987.04058200853
3.67606747257,-9764.94085453127
8.09587007301,-11930.0284561955
3.4741074991,-7084.86372651376
3.31732323744,-10765.630717865
7.90206969278,-10028.8034449058
7.63484498444,-8934.28504698147
3.44927929313,2.23632256024727e+20
4.43419307258,-12961.9836518272
7.98910985085,-11976.2273993306
7.06852478591,-12813.9304724912
8.39451066511,-11473.671697222
3.1116781992,-8583.78560379379
4.24443056116,-13936.052482039
6.31525310437,-13137.0099776923
8.09511116746,-1874.24798209797
3.66628875093,-11189.4912019437
5.54798681548,-11697.5725255626
4.99502757455,-11876.6694526223
4.34807906471,-11500.4369453819
4.19949221309,-12106.3798935539
5.33843476607,-10033.7692719054
7.57375531667,-11419.8439398941
7.81116968711,-15837.1625615263
5.62767805749,-13201.7147208384
4.66793583071,-8579.25755212459
8.15366907764,-12507.4923280981
8.16632636234,-8539.28627380708
4.14392562333,-9850.09633271423
4.62243192032,-15849.7771892123
3.56719793579,-17083.5919211318
4.57955850645,-10094.9446824449
7.50651697101,-14313.0757196674
4.50209719029,725193002.39846
3.87161505812,-11969.1950683641
7.97872878471,-9648.05677855494
3.29181534829,-3759.95439677953
3.70541400878,-12328.5638722974
2.70946705437,-13797.0191714453
7.83550785057,-11688.2658415828
5.71762716208,-12210.6984931217
6.54843246649,-12034.9049338264
4.34839918827,-13675.2972234988
7.95812447326,-12258.4305642278
4.51091618198,-14490.9912177588
7.44039875415,-12137.9786048968
6.14287147181,-16039.0604157612
8.11682980908,-11800.1402986898
7.77685418851,-11813.8685141031
8.04364844148,-10765.1429489416
6.40509680941,-12792.7131867174
4.61702420493,-15902.5853244144
8.3703809554,-10588.2036818441
4.21452769655,-9680.71768624005
4.99975335835,-8707.53285525141
3.78403999216,6178933.93535186
5.09079540118,-11652.0370157716
8.03790996447,-13580.4813805245
7.81594522061,-17688.7874726806
4.03205700075,-962.582727570092
4.10420816722,-14155.4595083455
4.1862913559,-13521.0562235683
5.02948799237,-15186.3309734947
7.46111238988,-6061.23333306665
5.09969723667,-13889.1769201878
3.85836100562,-12655.1787427487
3.27903731524,-10370.7476401516
6.81213439789,-8905.59357717734
8.06252377045,-10672.3113792933
3.85702346105,64633361.3205225
2.79784959082,-7889.32877828643
4.35523809722,-8055.79965053941
3.23493211806,-10107.2678329597
7.52168231953,-9068.24603900568
7.68687263747,-10911.7265839159
4.865837549,-9717.88585982996
5.7152157637,-13870.1510225793
4.34231146346,-10820.4396301557
4.79226123239,-11966.1664143095
3.25734209671,-11521.2950977798
8.28122176157,-8776.43544175064
5.41907654228,-11156.241842101
3.75659938258,-12958.846705728
7.96434430112,-8388.60257789313
6.25481697103,-8239.74897093266
6.87389103771,-2856.13467299557
3.81201880536,-9421.19001192975
8.10402832671,-13519.8145125219
6.22666052909,-14987.2336280308
3.19208069762,-11349.8343802239
7.77844595492,-8179.62747181104
3.42005220031,-11104.9567614567
6.06260784318,-9311.20586971727
5.77701406289,2256.91764509379
8.16239354714,-11149.878770178
5.60669320945,-10802.2693959135
7.49725536429,-16730.5509778036
5.02426851673,-16745.685199944
3.36099349669,-13600.2302406805
4.88572851299,-14309.1945528769
5.43088173872,-11896.2578114639
4.52729800842,-13103.6348325028
6.14716688895,-11822.9574232742
6.95142493438,-9404.85813365196
5.32482439796,-8971.010916212
8.17176622457,-14440.7907584099
7.69615127062,-14554.3381768961
3.60563182273,-9982.02256023458
4.75134756792,-10838.2263162133
7.65590962189,-9258.36460669009
4.32765198165,-9880.10472091625
4.23093502614,-15144.8503957036
4.23465297151,-10108.764361755
7.0650020243,-12517.3254789904
7.34776820464,-9842.6134149693
5.07906567473,-14910.6643070562
2.96078644742,-11677.9268270632
5.78871718666,-9818.48509633948
6.14604782757,4766366.99937539
3.55129436129,-14598.7146989962
4.68844297247,-13315.3388090149
8.00746749336,-14297.0297657176
7.93123889992,-8028.951932694449
8.51853535513,-7761.799925813581
5.39562055752,-8759.25693801043
4.49217133462,-10891.5746816299
7.76560713484,-12262.0459366445
5.59929069956,-9792.875712897
3.11069876912,-9354.46488192585
6.50450015514,-12182.0164442178
8.16929771993,-10353.5980824427
7.63436128359,-2928.41021419875
5.48064384713,-10280.731162691
4.67563418597,-13583.5529468392
8.21008780297,-11255.8023687193
3.23709109283,-14689.0580537367
6.30101328877,-11359.4608768138
6.89288500923,-10518.7643868752
7.71144857379,-13724.5547147158
8.21515427078,-12723.2177828828
7.52044437939,1063.15515461605
4.48872683282,-9306.428049842
4.02671222503,-9150.36866632007
3.26235987145,-11270.9973077779
5.27680731559,-13616.1696785184
3.82736367451,-10724.5179991477
3.0055749709,-12875.036806486
8.39921217463,-15164.0654732398
3.65737566449,-12063.9278129489
6.6718292013,-11317.0813873797
3.39649185747,-12458.6061083182
3.63782877002,-14811.5094963444
6.15731438568,-8990.1804540228
6.05130610535,-9052.75768028281
4.61367590349,-10868.061865316
2.6758633967,-14802.5808768838
6.97698410664,-14280.1568026079
3.63124097037,-8374.61569745483
5.19809464183,-13537.8388288494
7.41278748389,-13508.5512744059
7.03059845912,-8661.94553051854
4.22419059934,-13343.8475912784
5.87377033949,-9335.69288251328
5.12975634084,-9402.18182934687
4.56181455786,-14937.3280984567
8.65538877491,-12664.1777748302
3.6143441493,-15493.7008759621
3.43626055778,-12516.0060509156
5.1931296207,-6783.34401906541
4.30231306789,-9400.6899089225
7.64555153887,-11320.0614411091
6.78735919855,-10208.8422163669
4.18776890848,-11403.4079416349
4.51527810577,-11210.3264188372
7.49279179969,-12786.6327791878
3.9069448935,-13056.2138682238
6.11600070393,-10735.5464777485
7.38693255893,-9719.34549846328
3.1993033984,-8307.44204253857
8.06595626422,-10628.8837425544
7.92175636445,9723.35439849036
5.11096968121,-10640.8732048049
4.13676846017,-14226.8876655172
7.82968100526,-8630.16875247698
7.46803768712,-11936.0644176283
7.75979017182,-9706.622612004
7.80151389991,-8014.15488615579
4.12745366006,-12668.1525056645
5.44524156261,-11753.0987985789
8.07723255961,-14121.8206328477
6.50888418024,-15679.905287009
4.93308911111,-11019.3086574209
3.76893729975,-14866.0490391786
3.28923651963,-12323.8839485388
4.34306060602,-14702.8065139397
4.89928117026,1503.21499071109
4.81105104939,-9498.71926246943
7.9161190476,-9503.03476144418
3.65806080294,-11658.6055391182
7.84084126167,-11711.8966858451
8.31460249764,-12555.0093322463
7.94150298651,-9305.25117018635
7.97518420458,-13784.6824244812
4.38906176624,-15542.031408705
8.19911957288,-9973.09296845955
7.49771906193,-10534.4215817869
4.99319106622,-13886.1457366839
8.26356339947,-13895.1556526581
5.93115905885,-11793.6616681202
3.84448850397,-12127.4401184225
7.96106086558,-12503.6831763041
4.33893353391,-11700.5890066804
3.6310633731,-11965.2409931682
3.64364797458,-13745.3388936869
5.09963729014,-14190.4283112483
7.95522275507,-10940.0867040181
7.96843214674,-13652.6040563418
3.09225437464,-16063.4623815632
4.23151301948,-344.897127370154
5.84932547611,-10644.3468929129
3.56328931208,-10197.7169411697
8.02457139504,-12478.2137470247
4.39739226402,-10161.1373154211
5.80262943418,-10986.9538972874
8.18039153383,-15154.056994436
5.59776128997,-11111.4587431
5.30739856458,-15421.7400270756
8.20486916862,-10678.0206023712
4.21734165779,-10323.0710659692
7.56573522651,-8562.9312097831
7.92227974037,-9580.65493452565
6.07644925615,-12197.3201336472
3.22135661587,-12974.8815381466
7.51128368007,1025614382604.95
4.81995559037,1050.76814328908
5.29714509541,-10054.8834690766
8.64204676042,2170448969101.23
8.2443551821,-14529.765024028
5.41196045203,-7452.31140870119
7.42223821784,-11107.7551081554
3.52558569709,-14901.4513603414
6.52370726439,-10514.9070088012
5.25346881054,-12437.1948856952
4.47766922403,-7166.80830607616
8.1318498861,-7914.54739562936
5.85954744503,-7921.95920980761
8.2838708108,-15267.4812540158
8.4216373468,13457072023.6121
6.19291121034,-15916.3313752068
3.58261292832,-15849.5029975816
3.60814387259,-15090.5235457131
8.19076042119,-7272.28581690304
7.60535341419,-12112.9267297268
8.03650007423,-12048.3266315352
4.37753487464,-14318.1429714826
3.05540887313,-14726.6747947574
7.50982138868,-15264.9827893485
4.07547555286,-9101.25975229314
3.54738239857,-14037.5198833387
8.4008493757,-10325.664356333
6.63056561286,-13700.0854311548
4.15451516975,-6334.47870216921
3.67069244209,-12748.0235995836
8.259678618,-12882.1914657352
6.09157487787,-11157.1186507796
4.25024992303,6543.65449508114
4.00530963123,-9731.96205317866
8.62117332574,-9793.80731489357
7.05549529034,85991.4218141114
8.40132642207,-11721.1717227613
3.49086421828,-10453.0540175574
6.01887969352,-9460.24314379575
4.59479588184,-13219.9520931154
4.72144153251,-8294.70641629565
5.09295221427,-10665.4320682616
4.31632264099,-15134.7428020501
7.43646911262,-15248.9841757834
4.96000526958,-14750.0087899567
4.18988946608,-11701.7679425998
5.70636328014,-12460.516306005
4.27493577968,-12522.7676844766
4.30867586648,-11847.8251506467
4.55009826554,-11930.4144370437
7.1922908376,-11696.7102819567
8.25117871106,9590.43857835004
7.98776366592,-12255.8646287927
5.42764615549,-8129.65566368631
3.03780868491,-11024.6005886591
4.80359158377,-14274.4790457423
3.32341347538,-10442.9969400455
7.69859349365,-5826.98748703085
3.46619607935,-10219.3489788611
2.88832930185,-13572.6753812544
4.59233064128,-16152.0497146525
3.82663035948,-11174.9284697369
4.48335539679,-17003.6282074437
7.97104993291,-10726.783662686
4.93206617758,-12021.5059539097
4.06360780591,33647091.6704977
4.40835406288,-9582.33141387915
3.11257714648,-13165.1942553636
8.20521680692,-9060.83128828469
4.78840013799,-14780.2093510605
8.32757349765,-9891.1419200801
7.7147564907,-13012.3309788331
6.37382918988,-12985.9739893283
8.07030761764,-11050.3433692334
3.85245354923,-15799.6439291553
5.70271125212,-13470.5183546131
2.83825821936,107999.174244809
5.29403273086,-9163.34086124592
2.68456559731,-10964.7033089509
8.43092404705,-11545.5333108733
4.01249121357,-9206.02358319367
7.45579770421,-12758.8876045392
4.28885440051,494087.966491488
7.87048331707,-14401.8042661942
4.3983619211,-7019.24414469349
7.20242457482,-12462.3680422451
7.76124584878,-11472.0567942146
4.9727848934,-14218.9675152108
8.01755057173,6865.90037774658
8.03069250334,-16976.3680988764
4.40122086816,-12039.5976252396
7.9156097072,-13907.5596944695
7.49313431276,-11205.9519543989
8.69868395638,-8610.53513781804
3.27432057926,-11454.077770173
7.81746315002,-9987.27925609379
4.84109247522,-10557.5411149961
8.2412858794,-12949.4492787877
6.87662636764,-11670.2303061489
6.76366244356,-9994.81214264743
4.09115237979,-11658.8794816228
8.37175053213,-12438.7614430968
4.39315781261,-10983.6335470705
3.31143604876,-14044.1042986172
2.71751774816,-13096.7980103192
3.61026864076,-13845.2724328514
5.0724144226,-12654.0962218229
2.78814239877,-9924.33000277389
2.32719748255,-12523.0714961339
3.42120377606,-13056.6171452496
3.61871804048,-10716.4522954068
8.06445643583,-15010.8570449998
7.42785403565,-13056.992942765
7.99368570696,-9013.64003854648
5.35426331862,-9574.43356877223
7.54915723327,-12202.3248601107
7.74790559467,-9362.83809564085
8.23474100133,-12773.4099039569
7.71121401128,-9667.57761051881
4.98823076782,-8223.37131373737
8.19438701247,-16478.1173034704
2.91111031358,-9833.28600196068
5.0871361092,6597230.36157856
7.34803407424,-11601.1098113661
6.35875000295,-10812.2255930315
3.71842217023,-15524.1670207007
3.81137425492,-16065.8616045048
6.80247238352,-12129.0362847002
4.95581743179,-13186.3281737261
7.10633727111,-15422.3515332828
6.74309306865,-9747.3765754841
7.48305224995,-8154.78482288845
4.55830479286,-9779.11635860712
8.2039564695,1065.61780720066
5.20481270103,-9300.90921446979
6.82071165965,-12969.2309302497
3.41896757341,-10558.0721415857
4.78289363984,-9776.77684587444
3.78297744292,-10183.9142545189
8.15880338033,-16786.709088014
4.5406558077,-14833.2954006332
7.99384472668,-9538.59816468316
4.36156280921,-12225.4609677404
6.80438975526,-12642.2968526302
4.50996604117,-12119.5289926456
5.94639492621,-10715.6870546073
6.04643488132,-11289.2290819009
2.91028197306,-13879.5086535989
4.60136692618,-6399.9179926822
4.08645975288,-11931.1101951601
7.18826445707,-10483.0293141216
4.39955980583,-11720.1191158463
4.59554787975,-11929.6052362377
5.24651064139,-11155.2938458524
3.60630620486,-13300.0193109643
7.91840735781,-13574.3560287794
6.75173646186,-10145.1757124328
3.89755027126,-11935.2445485189
8.2133497931,-4694.02592917427
4.99156525338,-8238.23951462988
3.82853615366,-10558.2179967649
7.93887317636,-10606.4374085113
8.02699995886,-10769.9521679846
5.89659368887,-12281.1214632737
3.98776335328,-9382.16400358809
4.91955854646,-11757.6268010382
8.81762182482,-15438.5683741114
7.789573363,-13865.9929505033
8.48436043186,-13740.8563127775
5.4969586814,-12286.5843015596
3.62511208016,-9388.95075100329
4.37095903624,-12062.4460884369
4.19672602957,-10917.0134765208
7.91908565659,-10828.279031357
7.99780210829,-11661.4535023816
7.79955248768,-13841.7016459241
3.54904801802,-13396.2480188552
7.75014057456,-9450.71189376321
8.51112937126,-9748.46580659675
3.67593136023,10906.2389823679
7.46920752845,-8848.12368622426
2.85358194548,-9276.13575329485
7.21060819058,-10759.2662887563
3.04613355433,-14468.4598183186
7.97700201515,-11663.5542779737
7.94647408297,-17150.8042101914
2.86817253551,-12616.423720147
3.56965583659,-13840.3003374371
4.53339059192,393027283.270844
3.5588195662,-14914.8948273806
8.35040936851,-12311.3472613958
7.4839794703,-12205.8385205325
8.08987421118,-13098.5668519703
4.56126167548,-10582.9870211335
2.80204744445,-12044.9158620913
5.1548999098,-13298.7462395462
8.15627687079,-9606.329097108
4.40421261073,-10294.2358079447
6.57903072508,-12795.6995682873
7.3911852945,-12711.0043009323
3.9799084278,-7744.88214171924
4.68235082196,-11059.1065458589
4.41855240821,-13803.639195455
6.58076365076,-13295.3461607711
4.18186764268,-9823.60651351823
4.8855033231,-11235.0486747982
3.27775933402,-11401.2451479757
7.65295848133,4127897666.22802
3.26265348815,-12071.3841986981
3.58057896162,-14760.1814965104
4.15167499579,-10205.7533409321
7.23486074598,-9626.26035955278
5.39062433391,-12416.7817506497
3.02916724754,-10698.1195139581
3.76560668682,-2016.82887335116
2.79709740669,-12055.1994514179
7.26588298318,-12582.8363059958
7.72670816544,-10639.548654577
8.26619077029,-8645.62242090765
4.87936317878,-10636.5718947846
3.17320933514,-10775.8426822147
7.62647943039,-12072.7201572245
4.03302432706,-8277.89734300483
6.63838498587,-10553.4718970151
7.84468451196,-8116.26888894068
4.54013361037,142150.663457949
3.26278644659,-13027.344902584
7.70311613325,-10847.3858994374
8.37113804556,-12402.7564114956
2.77860957682,-11466.3185261408
3.45435770563,-12893.9578249445
6.14973549359,-8967.28161993839
7.89602884435,-6725.89292142498
3.51462571572,-11642.4228389801
8.28255314671,-15520.2166957545
3.50958308041,-12486.6171318243
5.72300577617,-6727.88106482122
8.05968145787,-11545.1925929633
8.64155503834,-14102.4859968472
7.96801675134,-13681.2709640449
4.35144814474,-12626.2267760674
7.92836940692,-11369.0801575009
5.13107625844,-13136.2089910376
3.87158070939,23312.9137833714
3.23782443554,-13502.0982882887
8.42634689837,-6910.02524765369
6.29804547021,-8551.17725460338
3.82609490181,-11057.6719549795
5.82037247425,-6266.22233799925
5.32844126837,-11696.4190877311
7.97998482761,-11361.5082278582
3.44426738062,-12347.5951418226
4.35617147154,-10943.3590657062
3.18283981521,-9119.45778443739
5.62255260392,-9244.23660287687
7.27264136417,-11142.8636799867
8.2060092123,8537.255197396
5.05803211272,-10912.225921578
8.03077722191,-14002.65467882
4.24769941477,-8829.4285165368
2.87972192817,199737.365779462
7.5562060035,-10660.8659791336
8.29709042804,-9158.67770087726
7.96765904459,-8791.9562597386
2.91186381863,-13291.6092163218
3.97837011905,-8250.09403031523
8.05227531318,-12442.6565863736
6.54463122687,-13412.9312960169
6.25913310108,-14250.6103062047
3.42419374997,-13127.8262676906
3.51776794867,-8706.61900697457
4.32623119454,-10839.5433034571
3.84222431166,-8180.48913964554
8.10953792846,1486.66083017864
3.21730622203,-10990.4895330605
4.93292884031,-10468.3129574924
2.85480416679,-7808.16346084679
3.53528008897,-9535.25608824156
8.19489400548,-9413.12095438528
3.04731328468,-13152.318347845
7.89196276453,-12304.5561212178
7.91420952873,-7086.39730078211
8.31283863968,-10184.4605644776
3.29118692696,-10079.5972934115
3.75726269282,-8502.05281473574
3.58420748241,-10645.4039278627
7.87968162727,-10878.9680126897
7.40283698312,-13486.7346984615
4.8185105218,-10531.0672523978
3.71689728219,16601.3309872678
6.90661781422,-13652.336928603
4.11833481547,-9563.74635146073
5.58185554316,-8198.50029843301
3.45274558194,-12945.1353919943
3.29985073482,-11327.6481430311
5.12325143475,-17143.0591928432
5.0807081159,-7312.67929711733
2.62761440539,-16050.3860496899
8.24333524002,-11209.7162956768
8.25846373433,1613636179758.51
4.38255449599,-16711.3069431483
7.89728007714,22198.6829795913
3.39673952046,-8978.6572104079
8.06496226986,-13564.2063944366
3.48024755978,-11176.7386518303
5.58576399383,-11794.3321193689
8.3049116158,-10903.0828315688
8.48327997439,-9649.93968191255
8.06320623746,-12951.7349586547
8.14711166987,1137110709186.38
8.30105500317,-10545.5432740639
3.04050455539,-11139.8923152079
8.1432717821,-12358.0806178558
7.64929007186,-11135.3760073012
7.56074747731,-15426.0265132537
4.70296027665,-10656.2142979803
7.30328447481,2839191584.79574
7.27588032504,-14534.5567409979
2.66332460343,-11136.256595814
6.68525610936,-11216.2765503806
3.66920214535,-13884.2344157683
7.42502081415,-13018.8138915259
6.66058085372,-10484.7779463979
3.37207979916,61453.1926452314
4.15531677765,-11152.0853635463
4.37098309091,-13288.1427622969
6.6344489231,-7765.73193241666
3.63579235667,-13985.5239119818
3.82995293226,-10384.4461753468
4.56148748528,-12996.7473947924
7.12233737024,-10663.8667916977
4.82500133228,-13951.8806673332
8.04240537768,-15623.7331171634
5.21037603661,34738727.5616506
7.88953497223,-10723.235078074
3.78779285295,-12113.0881383986
7.80933684799,419817924.198236
8.09377169703,-9053.42474953535
3.37937281334,-16078.2137501267
4.91043640404,605022.044892745
4.88852519026,-12962.5313567171
6.90789270561,-13215.5709732312
3.34585322843,-9069.77596310213
4.92764137868,-8762.83373091485
4.89327435114,-12839.6038235134
6.32603677262,-12285.9825617646
7.67399377288,-12569.9930207892
7.44212994948,-8733.5376310371
7.05115040767,-13143.0028280546
7.93744599832,-8589.29804091285
5.74296634107,65865180.4337796
3.47201280187,-9777.79867937888
8.28648474684,-6600.85739305059
7.9082231555,-13658.742494404
8.08954794476,-14556.3279121964
3.78516968155,-10245.7776292949
4.00939938594,-14511.3291118655
8.06738560221,-10472.3954816263
7.75873211654,-9977.86023722036
7.87543308839,-8458.34506413058
7.71507205144,-11445.876069746
8.0183742759,-7895.60089076189
4.98739959613,6851.2369376784
6.11332894019,-12511.9101459591
8.12682341001,-13467.3605908462
3.90069958802,-10371.3473845941
7.66960056791,-13613.5000439836
4.63135455904,-8351.35798181619
6.14280188723,-13419.6518033331
6.95588440691,-14475.5278472638
8.14552817928,-15551.8185263897
3.14715038311,-10846.8914834207
6.24594561631,-9477.21229852849
7.35712341543,86620736.3312067
5.62279780025,-10650.2966299123
5.56648554706,-11894.3476005831
7.28020788359,-12744.1693146307
7.92818161581,-10321.1881465195
5.46214302982,-9195.14815120937
3.62909838387,-6921.90936403152
3.12052929685,-12901.0043299632
7.86836239273,-10417.8283252721
8.11281002874,-12839.2445659941
8.0678394786,-7334.75216206807
3.98108048343,-14464.6853200871
4.11735991221,-13928.0177814935
7.40269143491,-12985.5784813576
4.26055852553,-6996.68338809781
2.94565949057,-12650.327364019
7.83893340295,-11730.6235921065
7.7247006872,-12700.4840632405
8.04497657906,-5819.7960342281
3.68021113278,-13893.1650101681
7.16881679565,-12901.4783825914
8.20827412898,-11812.4821215603
4.46425051483,-9134.31078728765
5.01256076578,-13544.3782526236
3.70164678795,-13255.4992812844
5.73505498216,-7990.97687294111
4.60726525591,-10172.8156423853
7.70851797094,-9830.61682832944
7.06643253891,-11178.2823698742
7.99870216468,-11420.4188911581
8.02452684286,-9826.76018526386
7.98698909469,-12756.5353769597
6.88039838674,2143154.15559574
7.46312256885,-10818.3616950194
8.03700657087,-14123.0017457517
4.50006780232,-11176.3347802124
8.18406808022,-13700.2557180449
7.95807500791,-10751.4629319708
7.94078627576,-11005.66327755
5.51928759537,-9688.68355997852
7.90660440183,-10295.3344407092
4.50921625777,-13219.7261519999
3.06191934002,-7429.74834189345
4.72488734893,-9971.03008046651
4.15971809519,-9288.97327076282
2.79798679183,9929869972.57561
4.60728757017,-13535.7686659597
8.11437260912,-10391.0318724637
6.71917080075,-9272.25408338325
5.89859775267,-10192.8054090098
3.01009765098,-16043.2863827708
7.5431625102,-15288.925357851
3.98213167298,8371.87202603177
2.88955503409,-14149.8383879664
6.27699219958,-7847.54002549307
7.85364342118,-13821.7056331799
5.85873791575,-12989.6417821161
7.98970481822,-11691.5155297679
4.79148850274,-12842.2508447881
8.04918740352,-12016.8467173696
4.67659995609,-14144.5113520252
5.28296614422,-10473.1077616014
7.90445945133,11838.0471870899
7.86720816498,-8569.18589505481
8.3730955769,-12343.429261974
4.77267623487,-9466.45906433158
6.47075823394,-9830.65552988642
6.95023145785,-11577.6177050019
7.7917266015,100091.409723977
7.81902907246,-17979.7334057139
7.10040266144,-15659.2112886924
5.37189607239,-5173.96111117825
7.46505994869,-13603.216977098
6.60350779839,-14254.439573905
3.78712339989,-16355.1838606487
6.66740659023,-9888.69647383616
6.07347379322,-13162.7141011488
3.73169086466,-12149.3612564241
3.92045130632,-14820.2190055445
5.9748188133,-10083.4924825997
6.45222987678,-7386.4660782921
4.72862410737,-11950.9986449433
6.72312530567,-13307.1377589163
7.81610614808,-10594.4565309598
6.01076384843,6146321.54899841
8.09323286274,-12485.6097500334
5.87336960937,-8788.43129184224
5.35960654266,-14049.237430031
8.30112816727,-13849.0391310218
3.94133746418,-12056.6515481742
6.15403521606,-12340.7200774035
7.5967855327,-13099.4402332696
8.28528557464,-8398.29546424513
4.55592536477,-14088.4371181728
4.69545218304,-13655.5244844222
8.20365743767,-8193.01601529619
7.02639154451,-14172.2380872831
4.97172648513,-9224.29294099011
5.61198011862,-13459.7185963323
5.36719779888,-10996.1389374242
7.25480175763,-12842.5860318894
5.29583508287,-14248.4380564859
4.18403673471,-12610.8715293415
5.19531868601,-12238.9635408637
7.45786239897,-12072.8127933864
8.3020221917,-16141.7522816024
8.10440955642,-10418.4741330002
4.11574417234,-8766.32667857684
8.09081762555,-8551.86622626826
5.13046036007,-13536.9314789032
5.78137714373,-11496.3270195606
7.80280404056,-13267.7798697396
7.90448156939,3403038754.44847
3.40697759499,-10522.1151299505
8.23428156066,-13905.9026275329
7.88770877827,-13679.6482132671
6.9049396831,-10254.4340220172
3.04358333484,-11387.9695441556
7.35892697629,-13347.9063746927
4.85820748629,-8539.37170200035
4.80725377555,5378624.44417355
4.28736734461,103063.264097123
4.21673621058,-12216.7052383014
3.41013016209,-13978.7921863333
7.51944524137,-13103.9382856205
7.70774036282,-4200.116768936
3.18028519032,-11935.9741590522
4.13516525672,-14063.3076322439
4.36488655635,-14623.5875735954
5.51804199619,-11137.6424484752
4.54214307974,-10836.7065081189
7.19552721231,-16565.8136234259
7.9270777176,-12717.3193848142
3.72120435811,-10687.7436665118
3.67311002074,-9281.12539962107
3.14366433282,-15185.0888987116
3.68076509345,-16501.6059929176
7.81338233322,-7633.24477877076
7.74203968967,-13177.4749994717
3.30370731864,-16070.3257847155
7.84457748918,-14306.8400406762
7.44531708725,5583424.67957065
7.19810312354,-14191.3351160339
5.66237051084,-16556.8861902531
7.89117764379,-7997.32880745246
8.17745708063,-12382.6233610263
7.45798238839,-9443.51389674822
3.21491659782,-9648.38711490027
4.75439734629,-13220.6647071073
7.74389561722,-10620.6401639823
4.23714472206,-14056.694682113
7.55888390978,-11523.5380616
5.47603697526,-10889.0960296455
7.29520303076,-9753.07815659413
7.33509558059,-13804.1922907566
7.5973467645,-15969.3374418544
4.69832666109,-9904.38429532937
8.14458343087,-12665.5587366061
4.42021967246,-10096.8315502743
7.13631440777,-11980.479664515
7.83735272274,-9591.77597492635
4.00610023851,-11048.8212428851
4.45551936578,-16252.0718686785
2.66711966332,-12328.7184892505
7.64283942099,-11917.5306063969
3.11944519174,-15811.1034853093
7.85847667941,-11681.7101015387
4.53816272247,-7012.00194506353
5.23723480019,-12888.9868708378
3.47147427378,-17488.7138465736
4.29310440048,-15620.5277295799
3.23317003581,-16215.9012876558
2.68710576431,-11854.0102620523
3.9525108759,-13480.0116681033
5.93597267973,-14190.3409977341
3.64484673964,-9838.12771705144
3.3668877731,-14462.8645660511
3.98823816411,-8912.32480132808
5.7684345095,-10656.1024777819
7.69971799653,-14490.365406436
6.97506970309,-13898.7866570617
7.50359701529,158993569.575435
7.20043716116,133017809.53383
7.68488776875,-9606.24270434461
8.25857893085,-8382.24416359745
7.58514307208,-11569.609933043
3.85972313218,-8317.84493091604
5.56383605883,-12919.0949343458
7.95116382451,-9632.04331176943
5.16732857113,-7663.45954919643
4.03974950987,-12400.8357763075
6.87508603171,-11358.119205597
8.29991085157,-9046.23547549194
4.39758897242,-9346.10180374575
4.7885812245,-7855.24916332436
3.97853291086,-8754.49543166324
4.43950138636,-13542.7820152053
3.65567060341,-15687.6231339154
3.99757504853,-10959.7805112642
6.47845009261,-11843.2333930907
7.82493542048,-10520.8658785058
5.61659160674,-10041.6857608948
7.74157966584,-12816.660039669
3.27540315396,-10222.5868270081
5.68997912578,-11646.1908212319
4.25032954362,-12948.7129237157
7.57505559159,-13045.7037759684
7.62646366516,-8405.10190872854
4.64347447916,-8512.19480576431
7.6901260352,-10610.2751575521
7.68987050454,2512.99057985957
3.53779117317,-10386.5037030721
4.60531091014,-9225.46285353582
8.15266675342,-11011.2163999313
7.68061611484,9260430.86906975
5.79246006418,-12740.6508659254
5.1672483765,879352.506652459
3.34756181533,-11656.1391159378
3.75113692548,-12394.8727253681
3.0223345482,-16310.3743417285
8.01630589538,-10311.0440829485
8.03261764989,-10271.383656459
3.25316030852,-13541.3872949748
5.13985347696,-9344.9611347739
5.16397859121,-9432.64445753682
4.32078697646,185230165.839065
2.73257353969,-10116.2136055598
2.83940151772,-8762.49093835122
7.40656328078,-8484.55158851119
3.03754466718,-18219.958621276
8.22993084433,-9320.72224234096
4.44017451009,-7773.55245026929
7.98117682408,-11875.916163581
4.53850871023,-14912.5765059439
3.44905478276,494934654.687877
7.94787557552,-14326.6905736243
4.0862908972,-11361.2688844202
4.84577381135,-13981.0131034423
4.11404340037,1476578.16867906
4.22882884246,-13689.6094350492
3.98907885107,-16016.9996303109
7.73715247295,-10547.7077402964
7.62724107293,-11809.6401170612
7.41163944409,-10800.1460007088
5.57909625844,-9210.82775650794
7.82607179104,-12055.4762594113
6.00388134186,-10823.8036790527
4.20112866406,-12473.8847221886
8.2658964604,-5054.72606839903
7.72149023326,255690954.784777
7.74303309478,-14671.0506562365
4.76044416958,-10386.0345593809
5.16072368789,-9681.21789981409
4.5831826805,-14168.6429579457
6.15101693241,37414721430.9082
7.70386461785,-7668.06667509126
3.23272624634,-10452.3612534146
7.13288195049,-13492.9197648335
3.09019128634,-15678.5881630633
8.00123363654,-10497.73272438
7.7519840081,-11196.7092857062
4.38660438515,-10612.3204802053
5.58617603368,-10498.4997395064
4.52418528134,-8441.71384986811
4.4636691653,15722.6645120495
3.27844069332,-14299.5792718074
3.50316264957,-16227.2642955425
4.18767585707,-13937.8426898309
5.80836361984,-9429.6762411542
8.3594050801,156965280.425326
3.99401498873,-13190.416120341
7.23140263085,-13649.3887763655
7.89186123023,-16353.9824210751
3.73846135855,-9464.54022976125
3.98663808474,-14601.9059459017
7.8531204588,-12158.7588460502
3.40540635908,-10353.2819491263
7.59749920282,-20551.4740742415
8.06127087008,-6680.70750710508
7.93719997161,-9865.38279489979
7.83306635279,-12755.7391739511
7.55762260393,-9561.40970417883
4.59493112079,3994947.57669756
3.44708093153,-9562.43721834769
7.74195525983,-9040.12615379258
6.40884813249,-12774.3050827887
7.75281406788,-13257.9848895931
7.89672245861,160464.355316286
7.20547038438,-11684.296680591
7.59406235738,-10900.0462884756
4.09895673945,-10095.7004977621
3.02200962914,-13195.2984624209
3.95562227834,-10963.7300833347
7.87233240855,-10402.0157365997
3.65284266605,-13819.1652908577
8.35546715466,-6877.31252380099
4.60473021964,-12921.4966078261
7.37063105971,-10845.8880165562
7.21441777195,-10236.5062886808
4.9961459695,-8539.48354714784
7.1505496187,-9675.94121533155
5.8645117065,-11841.7976210212
3.33357669621,-8649.3599983334
4.16090759352,-11676.8000430615
4.30363318398,3211142.57655668
4.34465991649,-12470.3488898485
2.79318254821,-13747.486759002
3.95918220817,-12914.5250013103
6.08857465491,-14724.6984245344
5.29458084307,-14997.8686087226
4.32553721926,-13841.1498703782
5.16658325948,-13587.8907983946
2.81757433705,-7615.57814763176
3.95479676229,-12199.0805683843
6.23723051056,-9379.40792507825
4.93144700182,-14537.4545467601
4.57063101269,-9555.99938291575
7.49555837633,-11797.8739256501
7.7700406753,-10270.1004626296
4.29062241497,-9952.13858642775
8.18409920419,-13146.4156581106
7.94456226404,-11655.1314974833
7.67367196305,-11659.6637290732
7.9975369262,-11743.4712382008
3.54133793698,-10893.2912168458
7.71863921622,-15096.7832769567
3.53387534971,-13531.5779033266
7.660980419,-15783.2765867174
4.98079616091,-9333.75739910809
3.96181572636,-15202.4377276079
7.09087485475,-13230.5213118765
8.19863771843,-13751.6143001235
4.54717722741,-12713.9701619343
7.87195519729,-9526.92746968591
3.19088105176,-14265.0170864078
4.36978602509,-9615.41514548201
5.74152867948,-11619.0614474755
8.15857495476,-12581.0251026095
5.33043638376,-15275.7470760133
3.04590075264,-11855.2238980179
7.69917609942,-14605.5780145734
3.79517807878,-14123.276869653
3.77406611351,-11719.6575270577
8.08032730545,-13632.1935076485
7.47424981404,-15004.659332846
7.90369929803,-12915.0619882673
3.57537024671,-15261.4966649698
3.59600653482,84791624933.4279
3.0584474736,294089955.789019
8.18795391647,-12484.2431618807
8.04930902184,-11060.2827844976
4.81118380579,-7486.96283551684
3.45551243702,433014.759510116
8.10628166579,-13072.4741046309
7.96227476982,-9542.32758906945
3.02056027155,-9134.1721538054
2.77863576473,-14550.6955148656
4.44048894996,-14270.5270065365
8.00816813962,-13620.2497836646
7.71589503143,-10508.1508650589
7.89216835006,-15316.715669615
3.74367492381,-11199.5860745722
5.24204479733,-7562.43467711046
7.94273447992,-12723.0295743122
8.1227238702,-9834.49904838966
7.70865128004,-12188.0068643598
8.24531612437,-10253.4838387257
3.59166138949,-10888.1412468399
3.65846423794,-10659.5171875428
6.98243143173,-13055.4235888342
4.35859158804,-11233.2288289106
3.02368453654,-12276.9116074605
4.97305986217,-10346.220929194
4.06784031824,-8438.23977343923
6.94360570898,-13331.1656669556
4.09377406334,-12030.7409654372
7.37155747214,-12463.0303568341
5.13857344181,-9542.7188989794
4.35883016227,-14784.3904397991
7.77930393764,-2134.72633664991
4.79800556316,-11793.2802402427
4.57312501412,-13123.8015741584
4.02555021062,-10894.2572823528
7.21153593258,-11030.3503119364
7.66796648066,-10515.5050060486
3.0984278034,19676.2317224398
6.5792638075,-12807.6161688258
3.6932252532,-9780.41936516444
4.68936556874,-11312.8763650197
3.12401148634,-6143.55065666758
3.99340074913,-11275.1449413682
3.26840356147,-8494.18669961462
5.25303355751,-9487.59917445981
4.62238725691,-10643.9466965563
8.28097215704,-11234.1760992663
3.62790718505,-11598.3600930012
2.73456950294,-11922.1299962054
7.91355908477,-10306.923463282
2.9053855167,-9675.78500632588
8.07856206188,-11082.2506492157
8.05220952038,-12614.6113765371
5.67781512556,-11215.4128597983
8.30170215279,-9658.94225267377
5.93464658926,-12195.779892737
7.47821331512,-12942.2807553453
3.36013526628,-10341.4843226509
8.23551123618,89459345963669.0
5.58161135741,-13949.4818880266
4.86474716293,-11908.0376878622
8.38338024368,-11106.7452649061
4.73335977023,-9980.37532279564
3.99409737451,-12658.8203027219
7.85082610913,-12795.6808814534
4.23393269281,-12202.63054428
3.2994429648,-13683.5640131296
8.16625837842,-8993.08534611481
7.53232366309,-13528.7911531004
5.9649195099,-13066.5445055371
2.72551915998,-10635.0241832788
5.34192700856,-10599.1840386851
3.12280323008,-13136.4161801321
3.23797024784,-15896.3851249646
5.45690296998,-11589.747070588
4.92787028275,-9142.8764332897
4.28060025514,-7173.05077226936
4.6990455176,19632328.7194009
7.89690240563,-13937.492307075
7.67527752326,-8578.08260002416
7.28735752843,-12946.3079243902
3.27493610147,-7306.72858586583
5.89450993462,-7621.13275951132
7.95881144404,-11519.7942616835
8.05792157709,-12832.6270618614
8.2213312762,-12798.1668448452
3.40148651,1048462952.98795
5.10941363524,-11615.3701739822
6.01885759719,-8880.0460509787
7.69788032621,-8816.72665976324
4.13823527268,-11764.8182573548
7.72008886938,4529771710.18832
7.82077815306,-12318.4592169901
6.26679663807,-11821.2941781524
7.97054446605,-15932.9070191489
8.20804965671,-13968.5587535194
8.53413205785,-7723.92105694312
3.199541449,-9880.99055538892
7.43484905321,-13273.0579306264
5.69649941109,-13255.8178374092
2.81693504758,-9646.27875374545
7.28181008685,-11630.0331067967
5.24523006036,-7712.98639823777
3.71627679905,2883.38882276644
3.61714238665,-17114.3114186191
3.5799630544,-11562.6538540291
7.96023979682,-9296.48260452784
7.52920357482,-16486.1146970529
7.80901169905,-11082.8003634795
4.38160207129,-11905.7754293131
4.01065442682,-12657.2743968899
7.81093519402,-14387.1396873982
7.72798349905,-1148.87103796234
5.05020663649,-10247.0895430062
8.41653206707,-12826.9028220339
5.32159271842,-13056.0183136153
3.89780637783,-13436.5143437212
7.79358786622,-12772.2708670708
7.58216485754,-11276.8246133224
3.51693005633,-8136.2867053333
3.75892816942,-13266.189248461
5.10469061314,-13433.975160994
3.15495314093,3187243629579.8
7.75573501805,-10879.8451278639
4.49079765108,-14364.6857158679
6.9858462734,-10350.3631837367
3.49919299098,-9910.50878719503
8.00225092789,-10161.0402945676
7.45099913038,-10681.3073095371
3.04803780566,-8419.75157501736
7.61471652284,-10978.6659630717
3.94244859465,-12940.8394913362
3.88481640962,-11861.5308667379
4.91323499832,-17480.9780183344
4.1313556343,-8435.59738614304
5.13859718048,-11588.2980858717
6.03954116823,-11281.5031344932
8.06713863794,-12036.4498083363
2.91658918932,-5593.26189258911
3.51460668016,-13178.1316823587
7.33097385548,-13980.8169023303
5.7063289495,-14394.2469123959
3.04999002631,-14281.1607246287
5.24608794174,18754955.1453893
6.99355449687,-12826.5816802139
3.93112064095,-16316.1035697733
4.26367255436,-4078.42509245226
7.98227752323,-10413.3753242216
5.86976750706,-14646.5057586201
7.28947052582,-10615.6083413602
3.95302760463,-6421.61550116118
6.0576554999,-11936.3700128996
5.75557466974,-11818.8966363427
7.70602203488,-13119.5348370528
6.71382709736,-11633.1990051366
6.07872993147,-12327.9346441383
5.36415793755,-10375.4457568199
3.86536459285,6744435.26503268
5.84395824182,-11153.281142878
7.58081953861,-12538.1870976082
4.3344592911,-11812.5171977683
4.39036221837,-10230.4357918472
3.44363331532,-12031.5391105001
4.53072353739,-9209.75640137712
4.92930551262,-14091.2989883789
7.20495602771,-14795.3535383803
8.17806644334,-11286.8568163976
7.15650294762,-10558.9896590017
7.67521118648,-11155.9978927328
3.76526305026,47912627.1770802
3.44494852883,-14426.0461409235
5.09037050688,-15936.8789880996
8.02716223834,139808373.989816
4.77022210776,-10938.93512162
6.13831855887,-10715.5230385519
3.64586721022,-7597.53178970467
4.60147351682,-13752.6249726349
7.75068152386,-11822.8640438424
4.72293375175,-11846.956274633
7.38761600378,-14321.9002631572
6.85172946745,-8416.0189989778
7.6198850627,-10042.6989235666
8.03253724582,-9781.83472966635
5.19698095433,-11989.2332753858
4.9606745888,-10578.520163533
3.43351821256,-10401.6518919921
6.23863009775,-9631.8986438427
7.65504311067,-11762.013540905
6.83400796229,-9497.56928582937
2.71530871112,-13030.6772314538
4.94539164386,-9700.7448156164
3.21896758381,-14240.9580880598
7.74005658128,-14519.1967092334
8.17915204312,-9957.27066923625
3.32294805409,-11864.7551143418
4.48198872561,52189124.8899377
5.50007261085,-11907.2655147568
4.01551363578,-13997.854485187
7.96518140393,-12178.0138282359
4.05796800811,-16668.1016362918
7.16657820567,-14717.9032998652
3.65616160284,-10046.7527647102
4.18785760664,-12590.8371139456
7.53119229801,-11242.8576514424
8.02891459402,-15150.3161524807
7.7634356044,-10691.3096267576
6.24502353173,519.823277621419
7.9876549673,-10388.665323758
3.86751579962,-7954.05599212989
6.7090897176,-13655.5793836881
4.73286008092,-10287.0503487558
4.97003469042,-11860.8521610555
6.94714445849,-11973.3548125976
8.17260968002,-12568.1061761743
6.83999173173,-8024.81512884228
8.21710895181,-11108.391770312
7.0054363237,-15496.4371493016
5.26290013717,-10393.3634524896
7.43773588293,-14686.1454864413
7.6898195488,-12297.9029534653
7.80734220194,-9700.63815334016
7.46966900457,-11903.6853087008
3.89021557833,-13160.4759503379
2.89772648646,-10650.6982121658
5.05650200576,-15327.954498546
4.52607455689,-9864.76118527499
8.15896251458,-13627.411695287
4.6993316866,-12549.8194333242
8.22396158217,-11884.4612865897
3.51483224431,-13796.5303440136
4.16830566434,-11456.3706128523
3.59601128365,-9390.1758694582
6.87211748756,-10274.7725833922
4.12694735489,-8430.71605585861
6.09401546441,-10666.4370922919
4.32307223878,-12836.9334106842
3.11659871208,-12145.1954327311
7.65939444192,-14035.6575171146
8.06254111176,-9419.22892637903
7.97411635707,-9102.21603792219
6.86268971493,-15664.4175676918
5.52814883633,-10952.6868972355
2.97545938031,59515618870.3856
4.55068808585,-10699.190115461
2.96135853171,-13155.1827328498
7.62418721766,-8179.67955544607
5.815939519,-11775.978108857
7.93398289294,-15710.6022348681
4.6945056309,-10832.47488124
7.57906141236,-15719.4773569804
7.51078127568,-7409.89346417696
7.8367845721,-9462.80882870569
7.15049723835,-12962.0410435485
6.21882645048,-15380.0455102783
3.66517636398,-10407.0560464637
8.43997380385,-10415.9731692017
8.19172051773,-13925.9057707386
7.97976256665,-11637.7722204405
4.85381784875,-11757.3055189082
3.67991797867,-9889.63365514738
3.65894574936,-16030.5379613133
7.87441098824,-11527.3802934642
7.80626155094,-11145.878862038
7.50262070123,-13807.2008922554
3.4060400303,-8160.2885732368
7.81155666721,-15227.1491710145
3.76850491084,-10991.4877740072
5.67832384262,-16759.3133446184
6.2975156227,-11764.6299995484
2.98239819125,-15832.056933901
7.70533529654,-10001.8663633107
7.87235540166,-13318.0377896825
4.90373838156,-8989.77810929352
5.85462398897,7843.8954527504
4.75769089684,-14231.0841097885
4.71483874069,-10613.3616117166
3.21933612013,-10586.0257389093
8.21238123329,-15962.5296836169
6.07400892801,-10042.1242647335
4.15141132124,32152.14371756
8.15874581839,-9846.51198441123
7.48800532619,-12752.3034635268
7.53898168536,-11658.2937884389
7.34364933688,-11540.923804108
5.10784525749,-9191.23747123886
4.23936065204,127527901391.473
2.99803100153,-11686.6613194803
7.95913027799,-13996.1286448188
4.63701548276,-15810.8064559369
3.91032943094,-10703.4479501401
5.50021775603,-12366.6424253009
3.79057017281,-12069.5269268661
8.12780071455,-11965.4228655248
4.72038219717,-13119.6092780101
3.33798311336,-12773.1301323159
8.22382629771,-9407.75114590515
8.21595074004,-11854.9271943087
8.21342520744,-8019.52670982701
3.64000642154,-10088.3084971139
8.33189464599,-10228.3842429911
5.13509252144,-8024.8354084499
3.22114351561,-13335.4030185998
6.46568124188,-13589.7448084415
4.21085839628,-10177.2282038395
7.99675738361,-11220.6842822961
4.05412753264,-10212.5988713809
7.9484332967,-16424.7800516119
4.54143650544,-14840.5887607229
8.22349621116,303232927.63653
7.95504334539,-12249.7033556819
7.26064987425,-11950.50677109
4.42819022008,-10925.2150994009
8.36567358521,-19672.0577899496
7.56214415504,-10248.6986616625
5.42919512462,-17268.0102504132
4.50817913886,7665966.35657464
5.44905551465,-13427.5503837407
8.17329777608,-13391.9988938352
8.07039424457,-11377.2560890099
7.55353520473,-12318.2411796137
8.13694076977,-12904.8649128037
3.74002127575,-8284.72747934713
6.81013363352,-9989.30987937294
6.52122043756,-11930.0882365912
4.49022169216,-9287.08311486973
8.11341564419,-9979.09513015081
4.54723632945,-11114.9525027605
8.11584670691,580793.645233766
6.48818160112,-10542.2752627401
5.47917070127,-12639.4984188384
4.72242995759,-9057.4729249135
3.23206187911,-14596.2322537228
7.20864612381,-10138.1381936168
7.43020829317,-10221.6850649674
7.91503057657,-8048.46174580706
7.79607633682,-12423.4175841573
3.49270158166,-10965.8600229406
5.39358145229,-13376.9804885774
5.08468927914,-11461.2660755058
5.47521075606,-12083.5465377689
3.08946370031,-13233.6510316595
7.82887706053,-4336.71684736937
3.55184241048,-9389.83296392252
5.44102699858,-11913.1396749758
8.1482806414,-9005.63003504115
4.82006389541,-13924.8665708289
7.6104263032,-11813.6613214816
3.57381901317,-13146.9739761537
6.84244138949,-13155.2904663281
8.27627920724,-8448.73417707344
3.88628135502,-13673.3209476642
7.01880214543,-13291.1357043104
5.64182765713,-13561.7180819972
4.07481427355,-12211.3592772524
4.7800818067,-11405.0182594528
8.12649954148,-15344.1515455329
7.76922589988,-6948.44913235863
4.97971132089,-13775.01574186
3.40666110538,-11575.7348744475
7.7058291,-10191.2628015342
7.0137663434,-16195.228239813
4.91838331249,-7426.75673180338
5.45517207182,-15111.0481082829
3.5256305817,-10762.5540049643
6.85356836938,-11137.9816325024
8.06358606292,-6678.65096539559
7.98814591347,-10443.58574115
7.10806515253,-9242.05347490187
4.47800199139,-11208.8582748459
8.29413348754,-14939.1992490675
4.40314303166,-7049.91916389467
7.69984258225,-16337.0774107797
7.83053113817,-14249.7471326974
3.96004212048,-11404.1551506931
3.41472123149,-13122.8646813742
7.64028687066,-11075.0549879699
3.97189302699,-14763.9088655616
3.59419711063,-13514.2651016885
4.93113086464,-13191.7574306018
5.10484877009,1134526276.21435
4.47734375288,-12876.7906925224
4.1127772331,-13293.561966352
5.59364404711,-10024.6261236568
4.80720911523,-9118.81626771453
3.95400514481,-11626.0564590241
6.20262116578,-7634.02400057228
4.13656372273,-14805.725459224
4.10832559464,-11028.4811856416
7.33534167322,-15617.9565855848
4.60479723276,-17169.4329695137
6.60930746465,-18452.8146836085
3.37308792885,-11700.2392439242
8.95016263828,-8292.60734959682
4.07291040311,-12125.3475486459
4.17361394411,11394.3902296542
4.2619045806,-12713.5925387481
7.5573670702,-9866.02071258842
4.27343159122,-12692.221066706
5.7401190712,-12115.4736844302
7.67998054006,-11845.6862028421
8.05610013043,12785.4738366625
6.74002492324,-13428.2280847427
8.07955803374,-9208.11005472015
7.67280031983,-13026.9555234579
7.11066232791,-13242.1617828495
4.92391323152,-8562.94235633669
3.56111069105,-10735.316976649
4.47830282811,-7726.49266721036
5.13980708063,-9055.39756456054
3.42598070653,-14709.9462628274
5.08433250562,-13664.0031804404
2.83811101632,-9720.2049438396
7.34970789796,-6894.55637654211
3.65852649425,-16686.0762736689
4.7248105957,-11113.7274648184
3.61511147653,-13004.2187109701
3.88816287695,-9857.77159326897
3.36288910924,-9207.74210189881
4.40305661095,-12630.8539112196
2.72268535155,-10344.6112138374
4.23997675226,-7960.15339015241
7.82301499168,-10713.8512406748
4.69788342028,-13759.0622765185
7.12596160533,-11328.4107993959
4.46421889381,-18993.4152609989
4.48613506167,-10038.8792364021
7.09342919534,-14475.9149608977
8.4538443371,-9827.12069464943
5.62444102246,-12240.0361738411
7.67069971028,-9382.22556632851
4.48615778893,-11943.5563292893
5.29395488483,-12292.4887164122
4.58361970879,-13289.6680548442
4.37502213468,-9267.63290616547
7.76780756078,-15853.5632173838
4.74281456818,-9974.16631216937
7.6982049718,-10717.3033023373
6.44653536282,-8255.2655867152
4.23385121294,-13211.8390110931
6.9463843091,-13101.4606267009
3.75245746272,-16922.0388986713
8.37468741681,-10117.6185021062
4.46252845652,-9775.15820680566
6.46630262034,-13696.1950315878
5.94201955189,-11000.4002296028
4.58102335502,-9970.5649646487
4.71937195404,-11227.9143647305
4.42516960469,-12583.3398573386
5.21160339676,-12834.1380805204
8.2454176463,-11583.2512227321
3.16465331857,-13495.6500854943
5.66219092294,-13815.2036846093
7.8288992707,-12713.0862646595
4.3321519133,-11598.7312541549
8.03438395307,-9454.71483716637
4.89325228922,-13512.472283276
4.46403427366,-14023.9557035696
5.9745006265,-10847.1454771457
4.8719731309,-159.392436552749
4.36304781227,-10023.1439627388
7.79190456619,6478476147.84168
7.82839399932,-6414.65478624023
3.85821659314,-9120.67273324053
4.38554856975,19214006.6407383
3.70256999761,-9779.47298254666
3.9364281009,-12314.0642470065
5.36108445338,-11423.1046553766
7.56955129905,-12305.2275248094
7.42254621863,-14308.4426894122
7.36018612491,-12087.1104866877
7.52806723921,-10832.3033734131
5.03031085111,-10577.4635873377
4.64969595808,-11019.4862319142
8.13754842465,-11457.3053292576
3.678889252,-8338.71071064745
8.11420600658,-14264.6549833145
2.6871618095,-8901.33302417083
3.17569671417,-9979.96878187811
7.67716977348,-13680.3994243272
4.47998227995,-13136.0100130809
8.14580510331,-11011.8857249444
7.58234670251,1803.78095991582
3.54246700194,-13807.8608006551
8.27937546037,-14964.4171609365
7.7502229799,-13705.9054107195
5.16105467956,-11263.9963344204
2.97068208282,-16239.7601503968
8.19178102876,-10108.2896685556
8.32780978919,-13188.9367121637
3.55796551264,-14193.6806999821
3.40492179621,-14462.9273967598
4.84868001661,-12158.911276398
8.09109091241,-13464.8235393061
4.8141149304,-9200.41701482325
8.43967970774,-13519.0306083031
4.62024629519,-13554.7207466133
7.68387487591,-15146.0276405164
7.15023445347,-14975.7991998524
4.58362967149,-7859.62863027689
5.0223462496,-13165.8066303135
8.04951731775,-10423.3007782394
8.1130769955,-14173.1906344674
4.06948703973,-10467.1282856757
3.30078248071,-14236.7486006937
8.17730973373,-5602.40636569887
4.89359252362,-7640.59604104767
4.91606931949,-15966.3149193966
3.60627955318,-12992.6236598763
3.57167860938,-6133.2360213991105
5.10220676794,3250.49273200001
3.27202938879,-11203.509542753
4.01832707348,-10778.5725122333
7.86085906267,-14542.9601947047
7.74624463688,-15323.7893695872
7.44909209574,-12970.4262587835
4.42735285344,-12757.9150653206
4.5865925442,-7515.90950643601
7.82323600956,-9309.5814259817
4.44288891406,-10817.5550855845
3.91318811888,-14361.0795647953
7.60221470893,-14119.2704730865
7.94644152871,-13555.6758980639
4.78416842273,-11976.980843824
4.22875507744,40143409618.6513
3.80414810248,-10745.5134388518
3.40130331012,-9841.94853666108
3.55360115132,-4981.99633185474
6.18368582568,-9462.35547946575
4.03912673902,-7370.20286177145
4.03306302956,-10252.0619147065
4.36722996929,-10544.089190335
2.90100755487,-12529.804512779
8.27111761733,-11871.4141316375
8.03987835276,-9947.57347795465
6.48431250409,-9474.56983377705
4.50164059682,-12749.3750550754
7.84608489924,-10071.5309828604
7.91767637711,-10357.1762633879
4.71516100793,-10950.9242306228
3.11926699171,-11324.4430447885
7.21506254817,-9108.70025896487
4.83581216956,-8572.07311531411
7.87593841176,-9921.16559154533
7.50083688638,-11268.917053044
4.16004520482,-11420.7842637149
8.04417483778,42189.6907295071
8.13108235875,-11918.5986322973
5.27354875744,-12510.7631345677
6.05689468264,-13044.3845875061
7.87687633891,-12635.2280323867
4.55803559529,-7819.36565961431
7.77698463823,-11305.9474030198
4.7350839408,-6409.37134253522
7.34889839238,-13727.8175423512
6.96635126558,-13219.0766027344
3.00888562803,-9718.24748082385
8.51711628047,-4908.66383746249
7.50806780423,-12776.6738779132
4.86503980393,-13352.8599299238
7.44724995789,-10486.4664901953
6.10409157671,-11409.4800060572
4.03268983479,-9979.94056763938
4.07204443828,-8824.77023071232
5.39859517632,-11655.3633985693
3.19030731841,-14111.6291438171
7.77817590708,707142848819.361
4.17971444069,-13408.3004881905
8.04148607752,-12686.3410796368
5.86515483285,-12212.4950911672
4.09239446239,-13393.3880226487
3.36872206969,-9574.77528835503
6.34128520008,-7735.79319436599
4.08837317096,-8765.72505858146
7.27627150699,-14743.9441431802
3.69808436505,-11910.4277948202
3.97536694624,-12331.1110877197
5.01765682912,-11716.8723582327
8.32848313103,-8889.31528412885
7.9080187974,-14924.5565485882
7.36660452741,-13804.7556430994
4.46557738848,-8422.18197237872
3.9219827261,-11141.8519175283
7.41574838625,-13499.3444744924
3.01220252704,-11195.346061127
2.7965015369,-13346.0153938786
3.60786811197,-12111.8271711144
6.3158866139,-11507.5105900599
7.86212973267,-10641.9677826903
7.95298850135,-11540.3005775919
7.73110287092,-11049.4442531601
4.73149557721,-9312.38407288509
4.76583971437,-8178.03497768976
4.18385645566,-11000.1650806343
5.45106639327,-4009.18757990914
4.38617329533,-10321.0471881947
7.58161936583,-13709.1659110649
8.2720743503,1295344.08917564
4.6713041261,-6593.63674600025
7.92990007956,-8514.59044696878
3.1863262876,-9871.36000992499
7.97063176213,-6856.86099506681
3.16015675253,-9028.57012695912
6.69557192771,-13700.8038093569
7.51901068225,-12461.4664048578
8.34910522391,-14988.9055626626
3.73742719441,-8973.26789041775
7.23174677096,-8861.77617518681
8.44002552463,-11083.3949458296
4.64841359118,-14642.2441365177
7.50790304799,-12432.8941246676
3.60367964433,-14903.9757533824
8.07257843886,-8584.66064530434
6.91128743737,-15136.6172182701
5.37202884545,-9357.43947299578
3.92371098062,-12880.0261872943
7.75753621469,-13539.9394538946
5.26437815456,3374.31945092492
8.02577302751,-13569.1496021
4.4942056575,-12666.4429973907
4.27487351736,-10402.4771826136
3.58537998555,-11219.3652276661
6.77342840126,-9016.80973800258
3.97308783471,-16635.5434839874
7.8755148222,-12463.9734961274
8.20662144744,-9809.32487429454
8.03612652797,-9532.57506358235
3.35301013677,-10555.0900209053
8.22315736808,-9416.772280135
7.71726417289,-13870.6966930475
7.72107918829,-11214.8560839173
2.81800315918,-11127.7778701174
6.31256995706,-8862.75197889117
5.60666189051,-11032.1705298358
7.46637574712,-13724.6167202588
4.34577827887,-11078.3318559708
7.86718346863,-14025.8980038927
6.03069311599,-11999.3756687344
7.80790986714,-15409.7701009951
7.66794644532,-11097.9509581299
3.93434496755,-14924.985337986
6.27299236623,-12936.0480903506
5.43978300447,-14451.0458672114
3.12450461306,-6133.76123658989
8.21748271856,67700614.8453108
4.97181993163,26539.5626564766
5.35652456361,-9239.28481591726
7.40274322241,-12927.137160676
7.21964974691,-15275.9247409425
4.13816076822,-16135.195468627
3.48204368008,-12485.0240254287
7.39730131088,-11931.0760791796
8.3133825166,-8847.7420114942
7.73518975626,-24.5667527744899
3.39633419274,-12503.7144782343
3.12884667084,-7684.07083742693
8.3567299034,-15968.5064101204
7.74988091328,-12095.0278256044
8.63059714294,-11987.212052704
6.30434527477,-11063.8884390333
3.95339332377,-11411.6294933584
3.95333922166,-15022.0665671795
7.77467045425,-10889.3242112538
2.78477829339,-13771.598016999
8.17215049495,-10494.6290403927
7.67998460663,-11784.6079063133
7.42009980971,-13584.8616502741
3.13937514546,-8395.96024895107
3.48345863736,-14765.6935986007
4.01663579416,-11270.6666713178
6.79040595645,-13536.8586490901
6.39873241538,-11644.5450606799
3.81850736422,-8071.83746819035
5.12267301376,-11693.1682892474
6.62404855661,-10773.190446307
2.89840325521,-10732.452114386
3.95748325936,-15945.2155791775
8.01360485088,-9855.9205231224
5.24393683307,-12619.5285695294
6.69281550403,587945301.810162
8.16636046794,-13633.1969376743
7.50725698833,-8759.91550370185
4.46093398686,-9656.91925092058
3.49895301963,-13007.051230432
8.07433099996,-14107.2535843923
8.00602480311,-12008.0256927806
7.76432373701,-8632.72042837524
3.24856342387,-18902.0774039354
2.84034759269,-12274.6267252177
8.13477225908,-14421.9191883189
5.76953861985,-9897.81097911766
3.29039785452,-10544.7431534001
3.27007037385,-10714.036776129
4.87455905246,-13405.7330112454
4.10981466128,-13476.4391855603
7.96250502973,-11273.7680711974
3.46420549875,-11891.0380927134
7.51137499057,-5505.97696084117
4.23602827447,-11941.8789615984
5.37416336615,-9260.62243475684
4.06786871597,-12852.3984088054
6.98915450809,-13703.7306571898
8.16405839381,-8856.11542053485
8.01966158309,-7481.4893635904
7.9511317108,-13941.7765665137
5.71241018806,-12371.8149968007
8.80696173662,-9060.2116263862
3.05049663801,-14701.6692600418
4.98698534446,-15596.9751657219
7.68483955714,-11315.352058013
5.72984439822,-9956.82938504309
5.26889926272,-11451.5615522472
3.42372458517,-12187.3821266881
3.24244520383,-10289.0852238549
7.37617758939,-9294.83102685946
7.64607794799,-12257.0548766164
3.67248965119,-13769.6186640408
7.84318736013,-12882.2932244675
4.18329933449,-15561.4076836412
8.01964838522,-8478.24611417112
7.16484171007,-11833.234967614
4.20676377877,-11489.890167532
3.97381345954,-11554.9815240693
4.83876188625,-13134.9653332079
7.63092278325,-12271.4450910075
4.25790618048,-11619.7657416858
4.66789987183,-9404.47017165754
8.13852528446,-11306.8356991203
4.62605172831,-16789.6735887982
5.1113694353,-1117.00510213009
4.08091004498,-11710.4398535874
3.79145628222,-16917.5215080476
4.70223406592,-6257.9145844935
8.11644909842,-10880.7597256603
3.53329274726,-10990.6622337383
3.9199656287,-12994.7663410146
4.57243429291,-10165.2649004377
7.86535200614,-12270.7796410069
8.1857463702,-10549.8505918572
2.9983596085,-16815.1121335813
8.01409844781,-10082.5616091283
3.4515440575,-9332.79216886256
7.76487473731,-12993.2813213702
3.88064979854,-11660.7032176772
8.22807421601,-12380.7814812046
4.43059659402,-12126.2805581057
7.0835541231,-11621.8701505133
3.7982953364,-15925.0681208267
5.40579903511,21181.7111259405
3.54414535784,-9327.83797531365
4.25802373486,-10740.0961633737
7.95154711498,-13819.473845338
5.12700647397,-14395.5497187277
8.10160865155,-7399.22351544637
8.31608143769,-12007.4777623857
5.50450433304,-12210.0832208774
5.89359084586,-9982.01585235017
7.82904553982,-10776.3374893238
3.90053706911,-10806.7742424041
7.83116235093,-12918.2493600907
8.02384254505,-7840.75324491126
4.15389802152,408519.752778005
7.73181568699,-10768.6439557591
5.241131543,-10394.3235285972
7.49219037573,-9226.5582636796
4.56411369397,-12390.0826463302
6.76446539449,-11090.4330932817
5.54350528597,-8505.64403871586
6.25195593961,-8592.95121049179
5.41123399264,-9738.00946387794
7.48301808132,-10917.1782722707
4.28496482266,-10522.4320607253
7.34220338362,-12820.9130735061
7.11592823126,-11382.8915349289
4.06236413362,-13246.8555588538
4.88909486413,-8250.72837935861
7.89214317156,-12267.8511006118
8.13489778022,-8616.0322901101
7.64671734781,-11590.0411517878
5.06714072439,-14853.6764923209
3.79354601897,-14690.2606519548
7.3024111817,-10698.4561384796
7.88365287717,-11146.3047224071
7.4586381824,-13096.6030336346
3.79271824801,-12192.3982274874
7.92339474175,-6758.4945749322
4.48517903467,-13817.8793706752
4.12747218328,94959721.5752108
3.80093021107,-8319.39921588852
5.76145770181,-8130.32115475458
5.36913885914,127644.750202711
4.18279787876,12450587700.3811
7.97727117775,-11670.4670091464
7.60319639834,-10482.2802880021
4.43044161609,-7913.07561405914
7.09832948573,-10293.4892135678
5.12091230825,-14201.5281457862
4.14769685881,-8707.9867744903
7.87618753402,-14334.4621017296
7.8430020714,-13396.4859023592
7.60545795402,-10632.728637943
3.81125757132,-11803.4052533666
7.35108931132,-13382.0503608882
4.50150494346,-11201.5103177985
2.96272459343,-12342.6588142178
7.97655523069,-10823.7384779589
7.8088701341,-10112.1181791793
3.31590337594,-13154.9801659784
5.15552130685,-13304.2353232925
7.15342856723,755565.707372267
6.34958602237,-16420.5020982814
7.94664420645,1.00078596418992e+17
3.5369421328,-10981.3054112769
3.41624714891,-7633.40931439063
5.08011563917,-15179.7933465407
5.67441117321,-10802.6592392003
6.05117914484,-13297.3707198577
5.00599571969,-14060.8936896438
7.43956441566,-14777.7183224568
8.05719618101,65728.4319038663
3.34926817873,-10526.8597287587
5.75838533943,-15555.8465885204
5.93965801189,-8621.48407476656
3.78342032194,1331944.98010535
7.95804936076,-9008.06867181599
3.31129716539,-9986.18027776154
7.71047917299,-11837.5384693448
4.41085152009,-11667.9274900269
8.12740829144,-12500.4242254173
6.52936632381,-12830.0568903849
7.94187350975,-10480.184440403
3.34248223437,-12176.5641327703
7.45355574134,-12201.5982827352
4.01624507257,-9594.05345775977
7.31007242899,-14542.3009510137
2.9737940734,-12532.9838724387
7.84454056347,-12927.7799736427
3.10372891978,-12388.0900361076
3.50447254226,-10446.2231514493
4.14433310316,-9579.75807638356
4.56140987542,-13009.4584864175
3.92430543309,-15104.5407406468
7.84479698042,-14452.4495870141
5.12489503561,1123766.86816401
4.42572087102,-12475.6319731957
5.94027456927,3650640.5595096
7.55176548092,47185271.6133813
7.76248449735,-12006.1821011938
4.09161337918,-14831.9626701815
6.97220493615,-12983.2384339307
3.75282257023,-12485.9520638159
3.28801591297,-12257.7041016374
4.19822153031,662597.968963383
7.85762724402,-14500.8231976932
4.41264840238,-10334.5878253717
3.08999504734,-7673.24472171352
3.05765800671,-10103.5940676914
3.45122116062,-11776.9301469435
8.00371466097,-13602.4419031068
7.59180960332,-10567.1734428948
6.03486208323,-8048.37492903868
8.05407618318,-11402.4523168728
2.95440965816,-10935.3228628866
4.75550397585,-11399.4269244349
3.85845141993,-13049.6781537111
3.74656198092,-9533.72508292604
3.2861233885,-10184.8722535386
6.84849877859,-10202.3829909673
3.99987828733,-8813.62419852104
7.88613020952,-14692.5849488574
7.8595364124,-14517.46447665
7.43728750808,-13841.7482700853
5.60455040406,-8980.62651356693
4.07824175563,-16636.4229885275
5.58735338958,-13654.2433856379
7.86767031284,-11365.1533843862
6.67527321201,-14073.1218336519
3.81943591962,-11239.9371373033
3.6521814347,-7796.26350209439
3.91622030628,-11602.1473279821
7.64528364078,-14331.685073302
7.68130574735,-10104.1086100729
7.43892940223,-9917.86376356378
7.5223471168,-10174.3022846503
3.93029186893,-12099.8092438578
3.17205613405,-12840.4578597311
4.10725296722,-9021.63488209247
4.27338986848,8.86601027942546e+17
4.01569568751,-9522.6837453831
4.19860800005,-10226.5946153813
2.97034809324,1769555780.30059
8.18785332502,-13149.3788475507
8.33965091526,-9900.72566503314
5.29667676534,-11926.5833463805
8.23962354327,-12416.4960062007
6.57023982816,-8226.02686767749
7.87614588996,-10331.0886619681
6.4179603714,-13368.6242047478
7.67832165186,-13004.6984583656
4.15114031348,-10233.0346899039
7.78551672669,-15838.6758743302
4.50656279798,-12022.5791676943
7.48663499541,-12166.1778271338
3.53822235094,-9269.82177195742
7.79931104467,-12790.6347700623
5.72584836168,-9562.37580213364
7.71691093688,-14682.9500553704
3.70722602006,112233.644238825
4.7678322872,-11394.0845480959
2.98287109469,-7747.30063678013
2.61095591928,1068868.14051835
7.22323428615,-11875.0732245127
7.45481989978,-11138.6137339357
7.47260242771,-12958.8194718789
7.34552365857,-9640.27316313548
7.99457433643,-10859.0137351052
3.57174318172,-11896.197022421
7.96602140155,-13267.571461528
7.00245826125,-11928.038030556
5.11382361133,-15006.9418797053
3.02237134675,-11653.1356646439
7.72325491535,-8874.064689499
5.15597268192,274885.952082699
3.18826931361,-9899.9125319109
3.61474484883,2244333.84850175
6.87022639134,-12726.2419435684
4.08962909728,-12037.5930529574
8.1040734177,-13782.6466808603
7.34365650152,-8722.10520331605
7.7752939397,-9575.81459698136
7.66341803938,-8209.79510464425
7.87324137602,-14524.2776102058
7.88192353379,-12549.1659672676
5.80969389781,-12199.8387657886
7.15236267396,-14637.9573306374
3.60908298985,-14045.8961737915
7.87679247233,-9247.04434097446
3.35244008078,-11821.9123316339
3.03144170087,-14510.3102456731
3.61196739855,-10504.2231177889
7.39655729532,-16500.9618875421
7.59274018994,-11938.820281143
7.67287682781,-12538.1972845742
7.68592115621,-13203.1788116935
8.15047298743,-12938.7500706273
7.99731252999,-13033.4601659824
7.70275897753,-10113.1109681625
7.76787387641,-10276.0014980125
8.07301461367,-14303.5438450164
7.36548820592,-17468.6335247098
7.57591220847,-6207.26167216408
4.34995773074,-8555.45112593007
7.70538869188,-12200.9279213173
5.17660923497,-13785.7277464164
6.75256794611,-14140.992920363
7.44677546401,-12201.6235170791
4.32891492189,-9787.56494609853
4.98733520817,-12760.9901562526
7.73436007974,-13653.5691675232
8.01804452837,-12733.40793682
7.90080773023,-13421.5763594951
2.81509177771,-13100.8375059581
3.63802380312,462331514.995405
6.80985408455,-16122.6474684955
5.12074121361,-6869.16073144178
7.83392057759,-13026.6218781014
4.10321993023,-16925.4140051056
5.06991870966,-10268.3191800427
4.87639412595,-4775.94096561849
7.12554171732,-13450.521591414
4.68524248986,-10498.2334653178
3.60172145423,-12197.0034392565
3.7515659889,-14797.096431534
7.82646294954,-12763.9566177366
4.60768073471,-11194.8273682867
4.98710815447,-16025.7284755196
3.58466120382,-11985.7104580345
3.86766363626,-9024.82493390719
7.36661069273,-9044.69864100212
6.48360045525,-10976.2549511956
6.51787352188,-10911.7455656671
7.82226013824,-16193.889057937
5.87990653649,-12499.6876806012
2.70628662794,-15748.806129829
4.05886374043,-12364.1941339377
7.47273126579,-13373.1768971733
7.62393751533,-12409.915298902
7.76496807278,-9577.86104764015
4.68802492192,-10570.8434323669
7.65904757215,-8848.63650617198
3.75267120577,-10274.7813708609
4.69433719265,-10643.8072729642
5.13970168236,-13389.077119753
8.09247562812,1168314030.23402
5.62033477774,-10021.7535686388
6.51730556944,-11089.7538434697
8.20345154527,-6630.88789455913
7.9009477952,-14756.2824971463
7.16539949161,-12153.611275983
4.47694812962,-8129.52087902385
7.37224373698,-14491.2675447374
4.33029918716,-1737.61516393961
3.1397499271,-9954.45245660708
6.31933662452,-13638.7564937051
5.33756697588,-13070.1770863441
7.19388575299,-12855.8768497238
3.34769351637,-10649.418601817
7.56908461501,7204.06053849365
7.61148254681,-9416.20064467919
4.69345940546,-8641.60633350007
7.82896094894,-11195.9993047843
7.75588839799,-8582.81736806805
3.68920433186,-12940.2245324961
6.73354133905,-7039.60128919935
4.55338946516,-10604.6065296863
4.31262977634,-10133.9573357
7.89507405255,-10737.7567537428
5.62737531028,-13171.6418780966
8.06697797737,-8292.16773932202
5.57870590695,-9885.36805191133
7.91292053346,-9641.32473313615
4.1634173262,-9659.37342738286
6.41391381113,-14231.2443504292
3.38805777302,5083375.32528065
6.67266258227,-16488.6253308074
5.89060533056,-12050.3762304168
5.0569103866,-14104.4134876412
7.2630044052,35655.1933291924
7.72349568883,-12267.7784318956
6.20838118719,-8857.41806643459
8.15384249434,-8339.83575093278
7.28003777333,-7800.75794681342
8.21300750948,-12392.8937773973
3.86413784742,-11780.6648670837
8.19669602504,-10639.5990583202
8.27201325027,-8796.48748399705
5.35396514344,-11623.6279647357
5.67257199977,-22071.3582379134
7.38469210305,-11391.266822546
4.55009036488,-11452.5882561224
6.18874604318,-16749.2662414907
8.25626144067,-10544.8487321576
7.59664900778,-11627.612820557
7.54496369677,1933365163.92085
7.62397638885,-18320.0545661504
5.81402654801,-13627.0811532865
8.1016048391,-10274.1559235214
7.40153869332,-13190.7818439362
8.35876681238,-11245.6416598326
8.36760423259,-12623.4445401526
5.22733685826,-14379.7090498736
3.62572849918,-16559.2067483149
7.22312146769,-12790.3494752369
4.82669506299,-8948.3475284243
7.34359006234,-11655.9098661463
3.33608541216,-9075.62193709059
6.53143103613,-11158.3749947408
7.3814954821,-12751.196611157
8.12562986674,-10655.5341005249
7.67968134025,2408361.99368203
5.40311711221,-9281.80593522384
2.94691633214,-13403.0847231163
7.66133390132,-13366.9298232876
7.03026444161,-11690.5641214982
7.95901138912,-11381.3256148862
5.825549102,-14078.7158894658
3.76779071661,-8964.36391456538
3.59233331771,-10931.3604890057
3.34608308355,-14906.8070077994
4.40125628192,-14135.6026462579
4.919793948,191392885.889713
6.06547569076,-6575.04833521936
2.82608394823,-12087.7966975198
4.56972163414,-7894.27540551653
3.9395515936,-10908.9795370509
7.80452783673,-10330.501815686
6.09162976888,-12004.6461409695
4.76039197266,-8008.33284617324
4.58877109848,-13715.5774529792
3.85918673418,-14512.2444659363
5.19520508587,-9205.31465446692
7.58477959359,-15098.2682062719
4.97182510847,-10900.6772127496
7.74271239208,-12207.8786423784
5.13729072008,-11838.1665862001
7.93688786665,-14647.1915754926
7.54899933759,-12964.2646456114
3.65830632416,-10326.9862795842
8.24184128069,-9092.10241951528
7.63878328772,-12329.8371851271
8.01286699547,-13091.6380230429
3.65909543539,-13068.4632091643
4.42407628745,-3453.75584809891
7.74175452519,-12461.6915893902
3.25540327358,4577783696.67018
8.1570999912,-5958.69139731401
5.71367212448,-9452.47152516329
6.39122951168,-10891.3716749692
3.92930405378,-10994.2289406344
5.64213624403,-11139.9943959996
7.82696955149,-13166.5484478385
7.27746517417,-11270.7910749486
8.00139553986,-9183.30146031729
3.18714161958,-15059.4959344689
7.41644105315,-16319.9258702198
6.8306365186,-12372.9098864943
7.74953199907,-12322.4898884102
7.78845412309,330014710.393487
4.80151718798,-15562.7095057906
3.71528718882,-10829.5014819157
4.41552057118,-13578.8406934318
7.78497463532,5.31302749448209e+16
6.15655202433,-9013.26394643728
3.40841971036,-8206.18816263762
8.38926594458,-9927.17433765205
4.55214158712,-7748.53573761023
7.40818225724,-9947.18472519912
5.53475297751,-12082.1926840432
7.26541485356,-13084.3088171952
7.04165828836,-13181.9746155644
7.25889766957,-12536.1479027539
8.32159813576,215929.436405227
3.63088337855,-10428.2758125206
3.55787370549,-10435.9761429814
8.33486905892,-10612.9535212312
4.65240565144,-12039.163646137
7.93729848436,-11895.8121246388
7.48455942309,-15614.3310965526
4.39077044652,-12535.6800998877
7.86727356611,-13890.6875387669
4.97277842476,-13020.0496912613
2.57214519165,76737813546.1829
8.1015376728,-10370.5580596172
3.68085736869,-11521.1334935533
3.88641124229,-13089.3152936093
4.88899838312,-10894.6176811199
4.59513107114,5748356.07993666
7.63489002403,-15681.9696420619
6.16604572054,-13597.4706344159
7.92627377354,-10289.3259567317
7.98712909024,-13736.1530338862
4.37447608712,-9879.72480141584
7.57579007712,-7604.14950172868
7.8513150046,-9769.63128634202
3.72232119121,-11895.1048954427
4.00075893783,-11216.9656864047
4.01197419472,-9314.14222890481
4.63765363717,-13091.878234216
8.21741877013,-12307.0282381422
6.24417328443,-10649.3606780439
5.22973352424,-7978.30652596201
3.92875452566,-9915.86560431096
4.86257848359,-14940.3524954227
7.89244229824,-13161.009494764
4.44958714233,-11039.4485876588
4.42193069765,52498207.100798
7.92862460691,-11634.1891255269
3.59134686869,-10477.0142115406
7.86449668161,20.955000712629
6.0545880969,-10470.2840381034
6.52403712279,-8780.44034814339
5.51730890293,-11635.6494622441
8.0096882983,-10048.570032416
4.85008551563,-11115.2541165143
7.44938975525,-14869.3585954394
7.62736419589,-13200.621046178
3.4621371052,-9137.74562189143
7.84492323062,-13386.2438423883
4.06307048879,-11820.0822427484
8.4502300219,-10178.3634640148
8.22532075407,-9363.72276881245
3.42684853032,510.997227918444
3.27046401894,-9053.78102182558
3.077234518,-16841.5076040085
3.62049440422,-11241.9079427125
7.30907431263,109298096.650114
7.67726162572,-14636.3074224575
8.20390929835,-10343.5284069675
7.04564969105,-14931.0893976184
8.04793256834,-12356.2571495871
7.79802502777,-11227.9459660095
3.34148932438,-12926.0676679684
7.47683778334,-15939.5373796513
3.92417020526,-11509.8140094315
7.34208778341,12676.3661757887
8.03722522926,-14678.2183314616
4.28802036992,-11791.1792368658
7.60030563493,-14495.1315274968
8.04422075149,-6544.63929814092
2.77541210892,-15159.1557079602
7.30485076271,-10889.7877448106
7.63253971518,-13260.9932537818
8.00359692572,-12337.8645594034
3.79266283614,5778876.37975531
3.86140283841,-10064.227391013
4.63280679135,-11478.8134215889
4.46165724763,-13608.1160896794
5.41186448172,-11030.5369057988
7.54413796049,-11903.4710142417
3.87619048948,-14261.9695139377
4.15332444015,-14597.0854077019
2.74054563277,-11631.0116085926
7.47568133084,-11125.5318784414
4.3065438967,-11600.3806902584
3.8431673953,-11007.0062298809
7.82517395007,-11036.6817319524
7.67942721421,-11868.6072355699
7.95113989481,-10439.8112660355
8.06391241044,-9753.58833257925
5.46999334735,-11945.8401447752
8.18675844161,-10040.4898382792
3.08224092406,607163.833658637
6.96436973168,-16613.6772092064
4.28155599481,-9417.53282670859
3.39808403774,-12650.4898546532
3.54839314197,478662.213226528
7.60628968817,-15045.7048802203
8.39301554688,-14951.1711673346
8.05442246338,-7005.0820046034
4.60883451552,-10184.9617456698
3.30556904635,-11747.8897276893
4.39558408755,-14258.3821623681
5.54129451921,-9958.16202692851
7.6276346025,-9897.27058356053
5.33686696689,14746341.509211
3.57556253958,-14368.9503506981
7.6524472544,-12385.4574997597
3.70924181649,-9113.07839910851
4.55817534804,-11718.8291596024
7.99881081317,-9713.65921760764
7.74844287647,-15108.1536929476
6.48893586766,-13203.3460949648
5.59761737192,-10550.7292523933
3.22224505491,-16400.4409188773
7.86143075141,-14891.4210565406
4.30123119568,-15870.3779489902
6.36396273417,82150.0849723264
8.41605842431,-8713.60217003803
3.11138064028,-8243.18754080049
2.85529805075,-11333.2504798209
3.86923325938,-13406.4613588795
6.74762458871,-14339.7878439652
3.60177737252,-11730.033155976
3.59327558505,-9990.71100990384
7.8329139643,-10506.2018089103
2.82071156421,-11373.0046099942
4.85942081035,-17471.6480453897
4.81370540766,46997311.9280515
7.62116710861,-13075.0283653669
7.93925254821,-16639.6529068112
4.32645046549,-9501.22834758825
4.66776852086,-11694.3616691032
6.15633135482,-10243.7715314839
3.71078389219,-11132.3494848317
4.99989792887,-8002.12427614001
7.42295664973,-13019.6135501282
7.82741185078,-12920.961236442
7.87672396375,-11660.5568715202
7.86611472797,-13924.8807455336
4.26300666221,-11199.0775725962
3.20007141115,-8717.46441077786
3.91701490301,-10403.0157510715
4.20379012067,-13682.5343827637
4.93062196339,-11455.3458937895
3.59437242267,-8449.02353443815
7.84201252123,-13750.2998151177
4.19939081645,-15154.4328588496
4.10867668287,-10705.814245453
7.56461577555,-13057.564981704
3.48846382552,-6840.22721810176
8.03167625837,-12828.8513168184
7.83140241066,-13165.4621019863
7.40858191293,-12139.1438235967
7.39986400248,-9770.86643684984
7.93471987967,-17168.9476453893
7.71613215651,-12355.6937749418
7.18872498954,-12769.3576603653
7.3279873503,-17624.9926172418
3.41162653719,-11160.9265192513
6.71483149522,-12530.8182961957
6.34572009356,26715.5657592682
6.94639610717,-16964.0304705212
5.06008309888,-12688.7982206488
7.89910091633,-11175.9635002254
4.0482358681,-13805.7821393963
6.97290193605,-11520.9643484797
8.12139595341,-12724.1500513811
7.62613839979,-11973.8180325254
7.14612446599,5781.362473554431
6.65863255611,-13423.968017001
7.78878631677,-10369.5499828095
3.86213523186,-14314.9322278552
4.33720999359,-11988.1088654736
3.79554346949,-10631.4953822874
7.34268163079,-7235.66351045349
6.1210184294,-4475.5924314656
8.01082520766,-11959.136806708
3.89682861686,-10475.828894517
4.57382227132,-9931.82015983298
8.33173539261,-11702.8179123517
7.30394107024,-12533.6146057932
4.14292048866,-12401.6716786525
5.33964904323,-14284.0056942683
6.08451859249,-11549.8147320176
7.92534491931,-12437.6958677044
8.54391563348,-15866.2550518456
4.56076283463,-8741.35249265837
7.58514934765,-11962.5153520898
4.66125806474,-13454.3144804893
4.67535366042,-11372.7696850325
7.38968762333,-12519.9532514948
4.29799388134,-12921.7150237288
6.58463418781,-9768.15918862161
7.96329930151,-12320.157808364
7.71037222034,-12841.19139151
8.06891969195,-9973.85233036539
8.08854460044,-14414.7975189628
7.27588367648,-13833.6633211587
7.70706983911,109040944.784024
3.99560471649,-9364.16802210187
5.18188655292,-11399.7779409239
3.99679763891,-10987.1595896169
8.10964328557,-9330.97767869575
5.18010988009,-11214.2132307273
3.95691674573,-4545.02133313925
3.55851963065,-11493.0070416346
7.02086428118,-12910.9088634042
3.81649035669,4360.13474144781
4.80917156551,-8670.06634546066
3.42791948172,-12707.0296167531
3.70834326485,-2227.5546504455
5.611465671,-14016.5828659085
7.54364322036,-10732.1798841949
2.99283010777,-11429.5651397788
3.41736992902,18890.3364116378
7.98624948894,-9612.54313246646
4.91454774489,-13108.6514552544
7.7601206555,-14806.2025241623
3.39727952276,-13303.4097622164
3.2676554421,-10683.6935818737
7.26762317489,-13277.1075998734
3.88899539131,-12657.0083111777
2.96434870316,-15231.9634262627
8.16882668786,-11691.8534424983
7.65669015463,-11404.9392966207
6.25991068266,7411.43149661882
7.78198456392,-12187.0518697872
7.60657459595,-12455.3797727692
4.70425506413,-12695.7953883748
7.97610907263,-13622.6384715778
4.54249566692,-10001.5060402714
4.3888985941,-14383.4012516021
6.87740985769,-15007.3538896654
7.49287255638,-13075.3835205027
7.43782085379,-10452.6591842926
8.61640934339,-12777.4808969813
8.48026430028,-7620.48227214336
2.68354206112,-9636.88167200127
8.05622024777,-9360.10571015616
7.55989366141,-10242.2185530095
8.07853486785,-11858.8470598715
3.22745453782,-6392.25596645677
3.87498576433,-12758.8329122272
7.4006080034,-13597.5573934621
6.8899705669,5714439.48951646
6.73706159794,-10220.7287866026
3.44056263414,-14853.9749948089
5.89001074741,-12574.9021380986
6.77793389248,-15733.7810965507
7.81649080079,-10227.444842638
5.95118414149,-13161.8221480256
3.83125030647,-14802.1157205386
8.02039960352,-12131.3767396914
6.88321075947,-11350.9068927495
7.10072690823,-14365.5122215909
4.80373468993,-10289.8834272324
4.10077907547,-9872.6150150602
7.84138487017,-11853.5576129636
3.57641259349,-10208.0198914731
4.64521528348,-11639.4253933471
5.05557314826,-16813.4400909032
7.75199668616,-11691.7937861618
6.47380091607,-10630.1484215616
3.39256494595,-11592.2330480989
4.26121765122,-10132.8352819821
6.54626757687,-10828.3108728924
4.22312256064,-12281.6207426232
7.81304166414,-10289.9197942374
4.00509341184,-11016.4465834766
4.99981343921,-9431.74369791598
7.74661039485,-12107.9622809827
7.6337685831,-6796.18564828081
5.46828906232,-14865.7059851141
3.76273085195,8887353.28367722
6.78913791414,-9506.79295272449
7.97622879975,-7993.94257382967
4.87339383329,-11898.1776341675
3.94487480093,-10958.4826749179
3.38529819506,-10464.7702486899
3.63627356475,-10023.2939309855
5.00902641906,-11936.2069042542
5.6135206723,-11877.1504404532
7.88287844782,1020220.46952927
3.63532879904,-11279.6007124555
8.067172042,-9938.72079001052
8.26123752698,-12197.5501761858
8.19748568399,-10839.5331025721
4.12236478888,-7683.44086251937
8.22609372339,-7710.9961657683
4.74148120384,-13267.9878412057
5.86467109865,-4003.1526842812495
5.56229754853,-14881.263755711
7.75397113629,-12773.4071667481
7.61367058201,-9675.37899290183
6.44854085585,-16.4496259762673
4.02642968399,-8155.743731973581
7.77346556487,-10216.3815492223
4.33595895777,-11899.835336108
3.93534520931,-11721.0016125753
8.10907148055,-10145.6707090587
8.56867905633,-9909.19231549113
4.44233792831,-9877.88179800497
5.60216196969,-11829.562212553
4.29759104978,-11921.0812612404
8.03136617868,-9726.79407098728
7.83264527338,-9461.74005937439
7.16022031356,-10388.8631301301
4.68402817239,-15396.5581662456
4.06323955292,-11406.8274909483
6.69359399012,-13909.459385812
4.56589100971,-11754.1985420183
3.16021742343,-14957.8830032845
4.4389043454,-12866.4114374255
6.88540472851,-10896.4817061673
4.31531738773,-9499.90652041797
8.35511197271,-12425.0209558143
5.75235098031,-12357.7012080219
4.20333975366,-9623.51609787173
4.00754669282,-14685.9518072154
7.47574480284,-12984.2705631987
8.0578042461,-11445.5703991661
3.49665268404,-9508.8671452034
7.94569776901,-9054.39588602519
8.1603229163,-11046.5101840667
4.34053453291,118795947.174687
3.23788959119,-4275.7756919111
8.03057808407,-9289.96067225712
4.25992862981,-11104.2650794312
8.02590634804,-11565.0120456421
7.90178594289,-12967.4895566387
3.42245634941,-11828.5768622929
6.81528843986,-11665.0582235137
7.2983246754,3646685502.86694
5.68851977462,-12163.7066901148
4.61782290351,-9901.49795539835
5.15899215766,-11634.2581828643
7.39080401398,-14827.3800521762
7.62700234703,-8267.76771140182
4.5577983515,-14003.3992391586
8.13318470704,-13734.1626077962
6.36386740401,-15207.7809454044
3.27685399214,-12306.1978393621
7.74622955953,2951517895577.31
5.12748193942,-11085.9042009803
7.15649261592,22041.9871354665
7.95409373863,-12750.559217503
3.14350274795,-10117.2335031113
7.69724106202,-11990.8379476654
5.30096820248,202501.077523953
4.91430130006,-9109.98470678794
7.53147658638,-9965.94881236264
7.85971048399,-7845.30940329138
4.30873360603,-14575.5603118968
6.29884225767,-12185.6811381412
4.88979466387,-9231.22604813955
6.69898972879,-13092.0641439073
7.72389474092,-15688.3555459076
3.73559072898,-6716.72166202624
6.78288853525,-11871.6452022746
7.74917935491,-10975.8324190394
4.9378126324,-11184.1371400092
3.52468516494,-11561.718550338
3.89863261368,-11181.528266344
2.83783671039,-8369.12169844224
3.43407097044,-10434.3343016352
6.24460087807,-14732.3413194907
8.36195840785,-13131.8589515232
7.79396857321,-11848.3978304148
7.31227908179,-14784.2275751895
6.75936018217,-10159.0810952161
3.6334486143,-13236.7714244407
7.82931622767,-10169.8706604565
4.46950417317,-12481.5608319139
5.23135051888,-10223.5215150129
7.49206171711,-9960.74691895006
7.6646328734,-14329.7048468204
7.20350570914,15313474624.7633
4.47462404593,-13766.2753674574
4.16743322029,-12550.1080344132
8.09075331965,-15524.5123655386
4.61996887915,-10847.1485894657
5.59305624077,-11768.0934538403
3.22894639148,-11072.4504130624
4.30416046116,-12500.3344452019
2.98071634186,19279.3719170004
8.19252874214,-7706.55392086957
7.75883285217,-14597.0336034042
3.30213534056,-13756.8351304084
4.78729826919,-13573.135030862
6.66276110763,-10233.8210307491
3.58147797598,-14464.2519675096
5.20836474661,-9312.35000847195
7.64199790228,-11506.0088903239
4.47788516523,-9449.39347190514
7.99228144316,792046667.257845
7.85992235953,-8949.92538893746
3.47930849958,-11920.5857543167
3.78314532728,-8169.18496542742
8.12747938999,-9840.11047673317
4.75610548402,-9082.78007951571
7.68248892525,-16313.7222773768
4.41088492392,-8168.17641411574
4.69647871237,-11247.3423091088
4.67376687403,-8372.98367410038
3.70599780685,-10139.4543726316
2.95129116019,-11096.608176093
3.26630362092,-17642.1486858847
8.25579585598,-13571.3848291343
7.950058436,-12197.3593013279
4.07741393428,-9166.23823693329
3.40397415922,-14037.9913902817
3.40040100622,-14265.2574444244
5.54107890688,-9208.6634450975
7.79635239867,32818295.5603994
7.75563578264,-9511.38781915384
3.16578554808,-9072.4657544047
4.36950182902,-4026.73882616216
5.21061681549,-8683.98032908138
5.48717401965,-14386.1888368787
3.96929625812,-11006.7075409286
3.78670136816,-13410.6042481986
3.93873129373,-9453.0352126491
4.42286695766,-10270.2346169739
3.33132034851,-13291.1680108521
3.77369090984,-11168.4625425701
4.23275196787,-14215.1318435294
7.63970421765,-15865.2352578366
4.21522687374,1468.31655850624
8.21444786693,-10303.4476180891
7.44185737299,265756.724191285
3.05417449799,-7772.416226649831
5.82932914686,9671.92186607708
3.55808691146,-9515.7006242409
4.24932707906,-10088.5281141597
4.74021225068,-9459.65980483102
7.38248315786,22270918.3692386
4.97646724564,-9590.91515265614
7.83379198684,-14766.4997409232
4.59266362239,-8033.86927222339
6.03123410972,-9761.18238739569
4.53998278326,-10050.5699446359
6.05669741977,-9272.64213350406
3.8918444523,-12926.18233427
3.52924917721,-12937.9109675953
3.43885148757,-8770.9238324829
7.98047622119,-12010.1924984787
7.41291454466,-10798.4816764315
7.60491243452,-11132.5281557329
3.67890067363,-8976.74639024447
7.32386889333,-12775.0140730703
7.62603840193,-15588.6371129512
7.74367958866,-9097.82225908275
7.89018887664,-13086.9350243484
5.05503831083,-12563.5179564364
6.28510717166,-9107.52356344381
7.29758378937,-13847.6149018161
4.52611877714,-11384.3828208819
8.08072351064,-12725.9544866424
6.84986405883,-10001.4314102524
7.8254679115,-13261.2438235684
8.21557646781,-10108.6939280279
7.11768565753,-13634.807066725
8.0300958145,-10319.1062699603
4.57575490235,-8908.2336832555
5.00986918499,-12345.5279126349
4.66972864198,-10029.0913476525
7.14121988913,2843.99477438052
3.49923797594,-12618.293140652
7.65047112628,-8762.57283684111
5.66450786811,-13888.9517949165
8.09448248909,-10853.0958768196
3.96904143417,-11338.8284858183
7.25893777303,-11993.1659137843
8.38998799825,-10171.3851126711
4.02020549671,1460821.89749735
3.73446010492,-11176.6026619485
4.76438427284,-12258.1957813287
4.03660003085,-13608.2412989693
7.80471252606,11255948811.6794
6.91160780066,-11974.9487245242
8.10223789512,-9019.23136674369
8.32938406322,-9899.94127873425
4.64905284877,-13059.9603639067
7.98558962952,-10562.879835113
7.6608100786,-12797.7285977969
7.64361740675,-15673.3677481379
4.67445801069,-12141.8165393964
5.68242039893,-11347.0045959178
7.69381643274,-15001.4516850493
4.22535618474,-10676.3893654076
8.09009062009,17645.7243620897
7.83867713291,-11752.600351737
7.75152460056,-16603.7035156738
5.46623779356,-11636.588059638
3.74776966961,-13063.6215684604
5.23762127711,-9443.40548612406
4.07666806294,-17028.1808733639
5.01051965753,-10687.7451370259
3.53024065643,2888.53558379039
7.9459360856,-10312.8256302017
3.39953688999,-8982.332906486
7.65607754289,-7889.69842995863
3.77079700081,-11415.7629365294
5.25454903684,-13557.529260204
4.82937893381,-12547.8162208381
7.87394529106,-10033.5013470694
6.18274165115,-9003.78522062646
5.82821784444,-9590.10573417663
8.35254789389,-10120.5480676517
7.72940294269,-12491.7130149465
8.01759559628,-12590.2716363843
6.79136437431,-12672.0012268812
4.32731954774,-13630.2426339228
8.50221900918,-12885.7171439846
7.94259520475,-19524.9199621917
8.46795091612,-11409.4590858966
3.36161204346,-13055.8849661967
4.53354201989,-10911.8200946752
6.91942439332,-11871.2429997608
2.86961170532,-14966.471340972
7.77821279827,-15397.963525663
4.25339982719,-11451.0990616421
5.70168592728,-16521.2986918732
6.32003161841,7042207845064.64
3.38156420218,-3461.85732591644
4.11716457072,-10946.8580233441
4.45373959454,-10455.2768546891
7.36012336903,-11088.7320674277
3.80773673458,-9293.94475024369
5.22190899481,-13210.0762425255
6.99470717672,-9575.67573606159
3.46571418132,-10025.9021084385
6.06630772873,-13492.5485729501
3.45160756373,-12599.3478772861
5.32182592566,-16452.1098123234
5.17682445673,-10466.3688123924
4.18396676551,-9215.23460687305
4.09648122702,-8728.90585408583
7.74777821493,-15367.6916464033
8.13277726794,-9881.95167601127
5.32298364298,-8975.36289075685
4.49138973567,-10782.3069180704
7.63932445556,474999.828010459
2.8716907398,-14104.5456602873
7.70399387241,648.886857245057
7.83964882283,-18531.3830177702
3.3882109357,-14831.1016771796
5.38067132387,-11373.0951325186
6.85688819915,-13214.1369709299
5.15150636806,-9602.05378834813
4.59404265034,-12592.4137140743
7.42509609392,648.87998819007
7.68798207573,-11739.4990073654
7.43790083031,-12005.0496837278
3.89681904542,-9758.73031771443
3.55657849274,-12666.5313154437
3.85181325353,-11081.8870981736
8.01520083129,-11932.5863837762
4.02019460981,-17451.8593841041
4.48640075686,-12112.5869952416
7.79023410407,-10673.8135835134
4.26300070549,-14362.825359273
3.02336163229,-12274.091192727
5.56014621928,-12962.1840206727
8.01386521323,-14392.293635753
8.02533993477,7707705605048.59
3.8084832608,-12800.3128915074
5.02704504187,-13935.5957713838
8.13601961232,-13584.5117660123
4.55616891554,12205088209.7117
7.66857547493,-12289.1498445946
5.48677655011,-10230.3249635795
8.41117575032,-9254.48789995389
7.6186391889,-14046.1856402859
7.42485901377,-11599.5519858149
4.15236625436,-12094.6353719333
5.81048238543,-11439.7697441304
5.44357678249,-12613.9341564584
6.61876219861,-11170.4592488878
3.72238231232,-12038.4110173132
4.75812703204,-8418.53610852766
5.34864469623,-10244.6023190652
5.63795295735,-9886.66660043704
6.22279331555,-4654.21398451316
3.27684048904,-8717.95753112003
5.77724216271,-11538.7619699952
7.86852986403,-13823.4770120481
5.19884061323,-10685.4727929439
5.11136007857,-10723.3921601542
3.42012400038,-11761.3923895569
3.08444416369,104662.46139182
6.42164613286,-13191.3883989853
7.57016288169,-12628.054243144
4.06261605988,-11219.6590125097
7.46429526568,-13351.4603438619
3.0080856151,-12358.8167264846
3.65324844103,-10275.3806353161
5.16320151472,-12368.6562899858
8.35027079892,-9107.22270692127
5.63638452389,62312387.1654511
4.6009141023,-7003.08260005845
6.74125938684,-9154.3571728135
2.47437768881,-13562.7154305403
8.14081503344,-8889.10019477269
4.51183756656,-11370.3565641878
5.13237767792,-14143.4011143346
7.82603950981,-9607.19174345475
6.33648994819,-10426.6690792028
3.71742177331,-12179.0072184978
4.06958512884,-12595.4185578352
8.18570926373,-13132.2011163991
5.62968719527,-11077.4465124877
4.09561914898,-11512.7478993397
6.0582830477,-10496.1399098022
7.9400497089,19746.1219559959
4.6221277865,-13251.5331640035
8.45231285558,16816441.2421207
7.69313920221,-14644.7467127867
7.2696818089,-9768.89705368202
6.44304339073,9110553.29024241
5.23844466154,-11590.8365543183
8.19644231042,-7715.91321500003
5.07429226332,-8133.38436558416
4.54294098385,-11816.5688180516
6.32283806476,-8015.15690791334
4.60561368394,-8775.44934158377
8.15911916336,-12560.412573955
4.25065221593,-9791.31850081949
6.97638674812,-14393.6516878789
4.71989583831,-11677.4339833451
5.11223912591,-10622.5664045927
5.32555678843,-11442.6228391637
7.98248241658,-8716.34484167779
3.03347589006,-9896.56902353001
3.53091152415,374805719866.485
7.98314731794,-12488.6604382304
8.29367690656,-10628.5217959075
7.51637137753,-12424.0308576702
8.18689657659,-11998.6998922437
4.7871291822,-16190.9190407789
3.79003501282,-8718.06808980904
8.15690927906,-12055.269466338
5.80207468506,-11956.399017558
4.07346821348,24219342751.3192
8.23655028642,-8248.83622333978
3.27228599129,-13446.6404815146
7.84552134292,-12683.7813416223
5.8713313804,-12423.8900065291
4.64522723475,-9978.11424927707
7.9439256757,-5612.37766756091
7.65783666849,-12237.8692176756
5.22500049779,-15787.1987410873
8.17114652331,-13373.2438847428
3.56977297821,-13677.061408041
3.44887724401,-13640.8607257695
5.68716794013,-9665.29310448762
7.6664322838,-14317.9910928189
8.27254205161,-10109.8520622854
8.28903138245,-9599.35580760411
3.26394410213,10478860118.1392
2.78851730494,-12028.1002671286
4.54357768398,-12203.4266981435
6.83126939386,-12482.8805373527
4.58228397983,-13101.03383355
8.4782584795,-12893.153665762
8.05605127362,-8571.19348853417
6.16956762326,-10480.7615090666
7.40449761261,-9751.8647502943
4.22526198327,-11480.9987223493
5.37298184364,-14602.3721094198
3.62682040484,-10624.9258139166
7.49288861508,-15715.1352080267
7.24986295484,-14423.252422049
3.70181887885,-9580.89612561618
5.24778519373,-14341.0442813456
8.54477892895,-8335.30320234893
3.95202595535,-14806.3379481981
5.44413383241,-12446.7911829314
7.15519725704,-11604.6765802242
7.85147034848,-10709.0968754557
3.46922305768,-9952.52088923559
7.49770496972,-11226.6219086501
3.26050279487,-9284.36895662362
3.06664667076,-9068.35138421796
3.54509225581,-10975.8816275054
6.63366990638,-8158.58067344835
7.43533114755,-17960.4236579642
5.34115477622,18388200.5715401
5.25713199917,-10464.7992619085
3.89876775395,-7898.16928698024
3.26414626335,-12372.109644361
3.23263429365,-9726.28291561523
7.44554327962,-12220.6437570013
3.60889610658,-14945.9225460374
5.22962086849,14243407780.9668
7.38781548254,-10889.7368515159
4.60129155777,-10254.8523879374
3.69586441006,-15004.7237267206
4.46371591073,-11470.0141184789
6.82175118424,-9810.28948369524
4.32012130798,-8375.33015041287
4.18808371275,-11022.3876864071
4.03995137874,-12442.6550082483
3.18858766366,-13832.9098674736
4.8584339893,-11967.4711506163
4.73999928093,-6753.84531452413
7.26046289876,-9537.90487433863
8.12095576969,-11762.0655235678
7.11612645138,-15269.7738195855
7.90848303323,-16653.9038942981
8.29699725711,-12250.6994373259
7.82173800965,-14099.1458214608
3.85708923523,-13729.022695408
3.32793399458,-9773.17756991188
7.22219645553,-12021.735552007
7.8298318707,-11930.3900165845
2.50174086186,-14436.8154314414
4.16908467938,-13226.1614928501
7.10583313461,-13051.5518530366
5.54385078661,-11057.7582486455
7.24653928911,-13831.3262350122
7.00883962138,-11805.0621481219
7.75144377066,-13627.6283058912
3.15757346976,-9057.35987525442
7.55130349534,-14376.8518229285
6.07434903976,-9308.53578780476
5.4174366745,-8631.3451558504
7.31080268723,-14452.5997905792
6.87972224716,-13420.8323020437
7.37511242146,-9506.85873739837
7.24403393311,-11250.6277991776
8.12613194275,-9998.93320410136
8.66576412619,-10458.3133088357
3.14194789563,-14947.9500438856
8.07836670157,-13189.4876447684
4.89860450994,-9308.71529054124
8.09739608753,-14845.4975971366
6.41429387899,-14485.2212960229
3.97530837554,-3598.21426812114
6.19350106651,-8924.35816093266
3.35911178716,-9261.3070202289
7.97193186572,-16634.2704129761
3.72064030052,-11198.3282610814
4.78571791498,-9389.02619043551
4.45094358815,-9282.10805055881
7.98879509739,-9227.28909958064
5.2065964785,-10266.4995627795
7.30452776616,-8948.38773267271
3.03049966605,-15712.3572487927
6.91212792457,-13853.6297584485
7.99516688077,-11034.3256520344
7.77455141502,6713170.86213261
3.36214113166,-7283.52724506399
3.45361787158,-15498.2958608933
4.18038888415,-15714.5424821307
7.90651073622,-14362.9731224432
4.75104112436,-14891.7205887636
4.87800469878,-12048.0268352047
3.43319087561,-14164.4788661728
3.65821334779,-13849.4303873841
3.39694845558,-12918.2069279735
2.87453185038,-8669.03145345517
8.20549697232,-7087.23706836065
3.84084872824,35716455.6346854
3.8628101746,6569592246.90687
3.86765379452,-10709.0141634065
3.57749543492,-11723.1028025288
4.21408675697,-11658.1095170411
6.64842984017,-9193.87625303194
7.76413360328,-14504.9359398005
4.90440368115,-10932.7028740136
3.25634719989,-12296.0421690166
7.49179264636,-14464.9961140344
6.60989003518,-13695.9033199391
7.10856996337,-2716.57064507945
4.38364321372,-16507.6978111383
7.91832345945,-11688.2576462839
7.88825475375,-10102.4074893601
8.12274154354,-10615.6898886291
8.02290287821,-16088.4534723146
8.23019414085,144001.206694493
5.09626798926,-10088.3011974682
2.58356501844,-14237.1817722429
5.28022629534,-12632.6578584859
4.10500974125,-17362.2852412402
8.0899336998,-10559.512051199
4.43819055729,3266595341.22229
3.91596072871,-12886.7811809823
4.36866313138,-9159.33947142632
5.53405973311,-13739.3793466215
7.44190057322,-13645.5072839877
6.44482529176,-10783.0320564442
8.13048210493,-10884.0505772098
7.11488410301,-11359.2012865302
4.17978159206,-10473.0224157657
4.35229582466,-6686.76482917844
4.84860393492,-12339.1389207172
7.72629243541,-10849.7441013067
2.70720643385,-11026.5945252073
4.82645411978,-16164.9274895461
7.02460194273,-9619.23952392661
5.0550632384,-9877.94247952742
7.27872082172,1990.30744254227
7.87740071732,-10660.449010505
7.62062745438,102669.930761681
3.24487883219,-15139.9777378381
5.85841375442,-12750.0176432347
4.0137291688,-12351.8362977171
7.36843214509,-12655.0039556628
3.31285481492,-10086.7703944255
7.46110777525,-12183.152887178
6.24964710871,-12180.1194741181
7.89339910734,-12182.0153878394
7.8148874554,-12535.8796423663
3.66765889568,-10590.0674152281
3.07454531393,-10054.7271833553
7.88621758872,-10096.7981139305
3.4321962056,9602018897.19681
5.67162527957,-14756.2435531133
4.97608276361,-14052.9746335278
4.22363489933,-13045.29862876
5.88259719738,-9676.5142718981
8.04992287345,-10348.0663873195
8.08637257091,-10583.9340818123
7.63625155842,-15701.2092922528
6.02416226496,-14334.8008974407
4.31382561959,-10266.0870053284
7.99909566368,-11588.4305135396
3.59401753201,-11427.0713890107
5.79865575285,-10012.89278077
5.36223552136,-14750.9074804036
7.87362620845,-12517.0138342582
4.41761523255,-10595.330100722
7.20257514315,-10307.9325526538
7.90679902135,-13534.8973901381
7.35970473119,-10964.2312628149
7.9628736149,-10374.8705093475
6.6027664682,-8130.86395328174
8.25862476816,-10755.8208499595
3.94083231636,-5310.13448646145
7.77971013741,-12002.2170030292
5.01247455672,-13395.7004558683
7.50270577763,-13017.7442169592
7.87079404506,-13062.2627134868
4.41537456322,-11178.6546719182
7.56351624035,-14078.1027762254
3.49821426192,-11321.3241472398
3.50111370193,-11708.0306390245
8.02023626446,-11273.0702422061
3.73828491532,-11480.982280543
4.57288442462,-8877.5236991978
7.76516947866,-13225.7699275928
7.10113976526,-9971.57689463403
8.00821905421,-14822.0483620721
4.86277480293,-10515.5938238103
7.74901690528,-13248.4140377007
3.14508578247,-13402.611427274
7.6490210641,-13485.2609932631
5.53199009898,-11271.1356657484
7.67224085827,-11693.3596753785
3.25210208419,-12002.9276440826
4.38042631488,3547910.87306105
6.46168798589,-14358.9906710067
4.25849989564,-6288.80039130926
3.13823330861,-11149.1405187339
8.31307748114,-11413.0369669571
3.15812478984,-13439.4259742013
5.58865531622,1.04507524688982e+20
5.25834476305,-9359.85287821548
8.24611812972,-13195.1877922531
4.96895477118,-11498.4420651177
3.1126518023,-14742.449671052
7.97404889305,-11869.1120914695
5.51819569202,-12768.0093602144
5.54476878758,-9838.9292750763
6.34755274234,-10954.4012197777
3.42282385864,-11775.9936935148
7.69357450354,-15258.2836077805
3.49862250099,-14000.7554310403
7.4036472648,-9502.24240858513
7.69424618566,-11196.5375915082
8.19117632892,-11526.8087939135
5.36164376448,-11770.5879517622
8.11595917186,-8487.81887228917
4.5543897646,-10291.870429239
7.65178319988,-4521.42857726547
7.99519312122,-7697.99899142888
5.27863072415,-11973.4343141195
5.90657689325,-16345.604968276
2.89374886814,-13767.2641483283
7.54415174651,-13432.4743922707
8.27302740033,-12679.0697175102
6.4307470486,-9489.56896658228
4.21420952819,-10474.8673554815
7.92734028197,-9564.12041755382
5.41232568862,-9406.43524492501
3.63518001726,48152.8510714905
7.98485424845,-9328.63915650946
5.75979518045,-10443.5121597569
7.95431210702,-11243.0374651698
8.02468131437,-12536.9770219924
7.41374897795,-13990.6501682213
3.33411518629,-15426.2160065722
3.845504837,-14619.5379919384
5.36309005218,-14710.5217256005
3.87659130743,-11917.0097876558
7.85188919062,-10434.4289016096
7.75114489296,-13014.9514425699
6.59053547132,-15335.7455986748
7.26912987284,-11747.7181500019
5.59095133398,-9894.72284780536
7.66038652222,-11361.9946818533
6.70606411322,-12312.0462726843
7.89693630154,-9916.05409886368
7.36311021646,-8593.47532100603
5.34549905459,-10229.3619429524
4.06594629225,-10879.467843353
5.14047557807,-9539.85786981549
5.2719308566,-10202.8083603235
7.24693771534,-9769.74872935648
3.55889336837,-12845.9750514779
2.9657787961,-10980.4830879913
4.52363004795,-14589.7283335042
4.52720683218,-13203.6690965244
4.97353329519,-11480.052563177
7.36546716056,-9597.03594438552
3.75335517469,-15452.242833851
4.38154180445,-12349.2841567185
4.49254395044,-11633.4156650411
5.37820182887,-9294.97231562212
8.27548929916,-7553.51923555851
3.7348802565,-12948.9409525418
4.10926718269,-9856.62579943362
7.82407112595,-9464.94300924129
7.9967051685,-12541.829341229
4.08970129978,-12475.0832233829
7.19736556779,-16854.8525866183
7.92933604198,-11898.6909106226
3.44251616349,-9388.74994516081
5.89591206061,-11029.3150283716
7.81954213805,-10108.5358543663
3.98834872931,-8306.95191469541
7.47875846619,-14561.6379370738
5.87702551354,-13250.6168152567
7.16525775602,-16407.7483631691
8.30963016669,-14865.7573492243
4.37756796022,933389053.470391
3.37554305414,-11655.6310723813
3.66394339532,-11966.6043141205
6.16940332146,-11345.3387835311
4.82066611415,3812.1011534604
4.03159745606,-8437.46113965795
7.28482972341,-9918.87060161029
5.13355593935,-9899.76289517987
8.09988175017,-10578.2612239421
6.12287428605,-12197.5543096207
6.44265604586,-11583.1606355092
7.74395642737,-9873.50977241675
6.96919474416,-12153.6701655666
3.84782224249,-11049.7606594858
8.24465004985,-9377.17905655235
6.21601692661,-11394.9958239203
4.12139583078,-11977.3390241608
6.0559820932,-7164.46692978037
7.81017564235,-11840.7542393895
5.39033631493,-9621.40834723844
5.50588069778,34784945.7878632
7.67314009423,-12443.4553219617
4.04044329007,-9255.19805316541
4.21783139955,-11890.9841592507
5.0012060341,-14039.7426727184
7.51437372695,-10136.1319676915
6.98644416069,-11243.9629329636
7.36744484126,-10889.4566978592
5.38071826952,-14170.3912646919
6.428407755,-9255.27427041486
8.12835569341,-14529.884025388
4.02276396657,-11883.5262136486
8.09259872666,-10717.5181409458
4.00677212037,-9839.71283145718
6.93830996993,-14359.7770695774
5.35834245376,-9042.96586250937
7.81910389504,-15949.2045221392
4.3819532208,-13106.430495494
6.57381410234,-10692.810702334
4.11311644198,-12041.2679812937
7.26571947963,19478858.1934732
5.93743713294,-10573.6170033439
7.47473069909,-9653.69230293333
3.59627572763,-12170.4890909816
4.64479802537,-7585.69809339628
8.11337409698,-8808.34141243121
7.92613113511,-11222.8681383666
5.02747427913,4448.87174369601
3.69369235863,-12781.836563445
3.36203538334,-10433.860973522
7.09392185128,-10042.1026583555
7.96641694796,-16493.7300647889
6.60166171311,-11422.9241382222
7.96527355771,-13410.0625369596
4.71963459858,-12060.2261493442
7.52350098704,-13338.1427079865
5.05251844444,6991.86591986782
4.55839704599,-10140.68863975
4.0996048164,-11599.0347184029
7.70185460706,-11968.9661845412
4.63606469413,-8050.24401835806
4.1430904015,-10835.0967889341
7.73881500462,-15266.1417519167
8.07659646463,-9410.95204305094
7.26154009306,-13257.3090107736
7.69234398709,-11767.2130812728
3.18757698185,-14266.1161098922
5.87589094079,-8389.43553927456
8.19496351057,-10233.8066938045
5.17447835183,-8819.2081586082
7.95832106838,-12912.637424037
8.05078223606,-11245.5522409814
8.28394022254,-9907.18915939784
8.05453783711,-9619.81865814008
3.47014416121,-14930.9698977034
7.81161404099,-12128.7859707125
8.20444492272,-10807.154038447
7.91469715687,-10610.3559472389
5.88756352193,-8805.76689362619
7.34790146248,-12000.0984889474
7.84659011421,-12163.8239280325
3.36304713083,-12542.3279188385
3.7084244424,-10900.0039659175
8.34600106952,-12469.545508033
6.04525200836,6888303692276.95
7.58610673479,-15301.6538228322
7.65010284861,57485.4544639256
7.78985569887,19573.5265607709
4.69540823518,-9015.56466215438
7.35707534369,-9105.04782364784
7.75759330725,-12493.6408882782
7.42353543046,-7038.50448622158
4.38962509002,-13842.7063001092
6.14312812721,-10307.0509538009
7.93144842733,11142859.2619164
5.17869809077,-11690.0418958919
5.66070849208,-13969.4120707476
3.6408351472,-11882.579602581
8.37381572985,-11825.8727557225
4.93043145665,-11724.0757353277
5.7312441431,-14932.9234734548
5.44567226331,-12351.6011851483
7.98574913091,37735937.5729903
6.40470965952,-6620.0104618938
4.88587003528,-11104.4025341873
4.15418414568,-13607.2664323312
3.45343078726,-9519.99278051851
3.88345139518,-11609.7322388624
3.25324489647,-9394.36163785696
7.86273552447,-11602.9113765655
7.94607360861,-12313.5190137369
4.37785286805,-10746.1872689528
3.19513545716,-11190.203046507
7.48833581741,-11129.1199127057
3.56672400091,-9157.31627224123
4.3531648648,-1346.77174766149
6.37434599096,-9096.59410155956
2.71128316019,-9991.32886940036
4.17214723046,-15935.036329399
7.61489288466,-13678.1588557721
4.36512183412,-13077.8762420081
8.03821665812,-12019.6532585266
7.96462293583,-10369.8449336582
8.45596215319,-11834.0143248804
4.7661503473,-9074.11905307011
7.59256957146,-12150.6672027578
4.1352135089,-10119.3831618803
3.10826765476,-12084.7767015953
5.08491825056,-14095.9719194699
6.42008616828,-12219.8684646216
3.21995563718,25325528.4429498
5.45090936954,-9936.02729832691
8.41653030316,-14989.1198528313
8.11091125206,-11529.503597128
7.60516525172,-14935.8797230303
4.34975315593,-12350.6505558396
8.16096010091,-10985.2505178438
8.01526746093,-10233.2577518528
4.35583005852,-11056.424239785
7.2972875027,-12103.6939439988
3.35040859083,-12246.0469031242
8.30994750323,-7040.54059720662
8.05783383862,-12990.4194058096
7.69365981208,274494386550.509
3.92347228589,6.38867361087869e+19
3.38620420761,-13683.8303413485
7.87747796093,-13658.2278954037
6.37412412875,-9724.92933557017
7.89278750312,-10952.5048571807
7.61677228954,-12519.5036714624
7.9760375999,854276.525164143
7.76924082162,-9035.56795283933
7.91496503921,-12111.9198808958
4.52613990893,-13058.0293580557
7.75950348295,7127.9326101794
8.35001664814,-2937.52013040896
8.3257057308,-9500.56567666009
3.77622768149,-12894.7305503403
6.67177417669,-12199.7600925685
3.53432980688,-6577.96084016384
7.8388010713,-12090.3299075206
5.39148813059,-14217.2977056187
3.65991514834,-8921.24748417611
8.24244736063,-14486.0995732854
4.69534404445,-9470.33343309408
5.53250486325,-11973.2103915669
8.19904635458,-9338.00134585222
4.9676701859,-10653.6511198637
4.08147014116,-6361.96518849547
2.96295016211,-8198.41611816182
8.47069026985,-15389.8347874974
8.00307890509,-9551.58302854106
7.90929955283,-11207.9941429614
2.80354219179,-16979.0113695342
2.88837683546,-16698.0701140316
3.48360559732,-14835.7135592033
7.900535768,-8405.44686343704
8.28431001946,-13064.7816716814
6.22486336906,-12744.5631294172
4.57354809989,-7036.38266119153
7.85351853435,-11722.1254613043
7.6707659193,-10309.3534417421
8.20748524524,-11208.7742030739
7.48642665998,-12179.5540961325
4.96934265873,-9253.84286894426
5.12764514497,-12097.5506859478
3.16523801935,-13328.4922545689
7.69594070081,-12245.7308959483
7.78966764379,-9186.0347582543
5.31087697472,-11750.8995026877
5.27180710689,-10364.8085915533
6.08211297329,-13073.2478222443
7.71855296849,-10722.4317343066
4.41576254137,-14294.0286887089
3.04533619178,-4501.78027470616
4.44775372382,-11739.4273476527
8.16235880554,-10076.0358129661
3.45743852821,-13882.8742133148
6.80353257839,-12484.4010307321
5.22145565776,-12527.990613023
8.14128095248,-13084.3938483113
8.2452071222,114309659.504351
4.79138320236,-12317.4202609807
7.45995210412,-13742.025523213
4.40646988923,95.9188598246001
7.53146714937,-12035.325994682
7.16465518857,2476586.36682524
7.81972682897,-9198.38714505616
6.56180427243,-13371.0211260427
4.18235499474,-10920.6159830013
6.63238477777,-13148.2033162996
3.27250189181,-11748.41941638
5.6081824632,-10635.1468759445
5.07618859905,-10902.6771737612
7.6577378869,-11706.0539470155
7.78251999044,-13998.3197966672
7.4724031512,-12385.3377153554
4.57156200402,-11893.3979717432
4.55938862735,-9147.50597468872
3.76584966373,-11014.0044275918
7.13795748852,-13902.9753374208
7.61197768667,-11288.5909354339
7.33430439136,-13600.9416396324
4.51213935967,-8798.25281049144
7.37800119251,-14333.4912626491
4.98639680403,4.99998502721945e+22
4.42056346441,10215.1559009028
6.57702517086,-9317.33230713376
4.5267891108,-7319.34052039952
6.64770756826,131154.313677684
7.74379834129,-12752.8720194998
4.1076231299,-8105.9523815988305
4.4703236707,-12693.3422081184
4.73459481516,-16864.8856239449
8.02115929066,-8573.31914928145
2.48397211742,-9539.03113712276
3.49451925864,-10908.6626957268
3.46175198623,86177661.8673029
7.95900737535,-14720.1384303461
8.49880150375,-10070.3726826537
3.5282598163,-14073.5717743464
7.83166798492,-15017.5374574352
5.16948826517,-11862.2353963984
6.28326903299,-13552.3219453933
4.07414734421,-11149.8490388817
3.27195964776,1299.27195305581
7.54471571079,-7507.57070720991
8.6212752483,-10611.8660681271
5.69692593955,-9475.56163922604
4.34662615071,733.293261172919
7.10947840178,-13709.661972998
3.69684270384,-11294.2556779784
5.24439316876,-14653.6700452715
8.40651884823,-16551.5168144832
4.8079313799,-7752.97766218147
7.56209518505,4685444.00515003
4.41519806608,-13817.5892299918
5.14420853353,-17843.6665537358
5.20845176069,-9966.23023609645
4.09737193636,-13415.1426435701
3.82946562744,-11918.3740650397
7.29798446318,-10152.495103265
8.2807426614,-10935.0729774763
8.17367888964,-10233.420832649
4.22133921921,-7707.27417398161
4.22998865852,-9013.98219429252
7.9105179629,-9796.86340887209
7.94943320016,-10955.5340395017
5.86387970011,-15846.8486428229
8.21733764329,-11661.814325913
8.52431402252,-11732.9384519525
3.75482373436,-12228.9824274289
3.67495248373,-12692.240302383
8.17664701517,-7718.2485365371
7.83642589999,-8282.22719296128
4.85949704553,-13993.0200717988
7.44360488826,-9993.312001098
5.02080329112,-13140.7684890495
5.04927370957,-11459.2101476782
3.92700530956,-11957.4721374234
6.95856323603,-8264.95291231799
5.35871503666,-10210.867859744
7.08604309938,23552989.3185158
8.04512954185,-10892.2633689964
3.24875396847,-8560.30836608166
7.7959807895,-10535.8152286791
7.27225340579,-12904.397359836
8.20782281144,-7697.13785281005
7.64447039373,-13264.3100717197
7.61759267019,-15158.5356987618
3.56169818924,-13637.3267851676
8.01978213443,-9189.04603292082
6.7241755933,484198743250.202
4.87457181677,-7740.99012895053
3.48180414366,-6890.37575242986
7.75971974324,-13288.334924508
7.86254276477,-13512.2101721335
8.14975809326,-10416.7665785648
8.23295361448,-13987.119979371
7.74255574108,-16682.6780631914
7.54732353709,13257410.0900493
5.94585328379,-9938.73156251321
8.02526886258,-18860.2251180108
4.19591384882,-14283.8675844926
3.38021536062,-10304.5706739195
7.63420181233,-9372.28485010288
7.76231721568,-10321.7623615647
7.99239513104,-3727.35177309688
3.35583295163,-4101.70326969601
4.68555696379,-7857.17156792768
7.33032164818,1344281.39823644
7.99692883751,-319.65588110697
8.01447411418,-11837.594477437
4.19319560129,-12595.8983083198
6.86036321027,-14770.315286363
7.56579307323,-13458.0648859971
7.22377097031,-15410.1244311188
7.82255737255,-13839.5565084763
2.37619521328,167915.40260427
4.94223572309,-9226.10381058157
7.68938270227,-10423.2487530725
5.45544022407,-15273.717570033
3.7385646099,-12098.8273826563
4.6734183494,-13160.8475217485
5.24162289069,-10058.1426242437
4.63994513582,-10659.6285562534
6.30824746382,-14170.2404791377
4.45028300115,-13154.6157226932
4.98894187955,-13724.355322735
8.05402052479,-15454.0743165462
2.97795988837,-11495.8618465411
7.56363844641,-12033.3200045401
5.51667971656,-13290.5982294964
4.01706619869,-13281.8059487041
4.57094660484,-8716.07970470523
8.02495898047,-11180.7042676934
4.22747092442,-9523.45794723211
7.92765466222,-13112.3230474786
4.81352839167,-13535.0662418202
8.23881362423,-11314.1771408736
7.73791244471,9505100.90289146
7.51911204897,-8865.85148750418
2.86449609758,-13517.3933023027
4.1047099034,-9852.02188448559
7.53572224504,-12934.636624542
8.16439526785,-7840.3590532892
7.89603305488,-10370.6509543275
8.23805418672,-10441.999340006
7.392059478,-16290.8453734614
3.39258283718,-12914.1632328336
4.39946753143,-15675.588095239
5.06529856158,-8730.69618582709
8.05200888424,-10038.6536046612
3.68379464456,-9806.78438967935
2.86657219075,-11119.0897305594
7.8977447102,-9972.40634776021
7.895202749,-15682.8035372736
7.8052039198,-13417.9771698888
7.3562658729,-9450.3644158133
6.87890055362,-14212.1020234048
3.6357467131,-13994.9696531624
7.34266403081,-9980.12422355904
8.13658053134,-11220.2446453372
5.52260144987,-711.717700923937
5.17885422666,-8324.02622299837
8.09776158359,-13894.8563963318
4.67563597271,-9313.22026562083
7.82494992357,-14702.1766570782
5.63380093969,-12919.432771165
3.87915088095,-14631.7794510695
7.61772819912,-1883.51660941553
3.99991682686,-8345.28239841926
5.62533261838,-14735.8379077147
8.20395569945,-8967.43607590094
4.76730136922,-11428.0965590104
5.10373001764,-7037.36888611144
2.92438331978,-9232.83276949643
7.90999662254,-8141.01205042336
3.96950162555,-11042.7838303809
7.7108193936,-11345.2021302145
6.13630101238,-12895.5658322588
5.24642015729,-13739.7377808917
7.63621055869,-12173.2031859253
7.51482328968,-11164.6856756009
6.44702719558,1891351.85243047
5.95439584968,-5530.80689842036
7.73093852655,-10760.9841853454
8.37240523667,-11873.2347536208
7.84972009788,-13640.0611499521
3.9515770897,-8736.96478497151
7.47899432456,-12292.6788878114
4.34951430345,-7505.0638576501
3.41981613255,-8654.44789830109
7.46780901472,-11460.8897143011
5.34514067779,-9119.45597502403
7.5866027201,127598412254.532
4.37133131147,-10025.6542597381
4.69720411637,57281904.8104141
2.74067618698,-10964.7406583179
3.55334535814,-11126.7303222149
8.15539974085,-6899.77677805776
8.32249326426,-9737.75702595753
6.8698380597,-14783.8137399234
6.60592697628,-12545.3191151116
5.70898415666,-10099.5481481568
7.44456550391,-14055.2906429331
8.10338177628,-11688.0588906422
4.68183838265,-9019.12956236385
8.12786347556,-10391.0100499209
8.06573207715,-11292.4411255538
8.2508925744,-15831.0937305413
4.59715078353,-10188.4004280992
8.12269624142,-12321.9463212176
7.60224002659,-12839.7262964827
7.69889771292,-17205.4800985838
3.81186800286,-17726.3056678047
3.2763869027,-12038.0328981823
8.34402895969,-11521.7472093926
8.22237284628,-9520.01296882623
4.57672378535,-12400.7495173521
8.33812538372,-13082.8840900381
3.31652981111,-11788.2429950405
8.31346923069,-9031.05271705952
8.37114446656,-14451.2228446512
4.84182056958,-9212.95469714072
4.81976954857,-6135.48664365289
8.2599416782,-15974.8499631866
4.46261874284,-13983.8047829068
7.94662457684,-12455.316022459
4.96431060149,-12050.6591855303
8.03627464422,-8748.49961610729
4.83291001901,-7582.81960907544
3.8442471564,-6475.12345557838
8.11403389461,-12749.0602346144
8.45062553416,-10771.4410461112
4.22423895806,-2094.284766137
3.30643175957,4934.91898187031
2.61614379399,-9772.43063758213
5.87409296939,-11373.8532119785
5.03991636996,-13146.1084671976
7.98925280603,-12310.4484698831
3.67346652641,-12763.073509525
3.75253881792,-14637.1548341243
6.23849532574,-14179.8329012377
8.15277346443,-13269.9042987979
4.16345731693,-15804.3153225704
8.19176223635,-8874.30753457442
7.59931801614,-9916.19284560634
6.85200274207,-11631.757260436
7.45028688979,-11202.1339806526
3.10928691025,-11023.7410182034
3.78711041491,-11658.4644594962
5.81449257776,-11296.620025347
7.96215622116,-12088.2613804104
2.88226194222,-12857.4711056644
7.18473658045,-12146.1368942375
3.19640383549,-11281.6693442921
3.84583110802,-12619.4778285533
5.696050327,-9974.05876293045
7.60497588273,-14771.5422046471
8.00943213445,-7665.29899821252
4.46524412546,-12774.754399568
5.1272928886,7179.65728911979
7.91547412732,8937753.88252549
7.94325273213,-10422.9588209633
5.59807052012,-16607.8798795262
3.05712649543,-10085.7281955685
2.95478130683,-10965.3378520802
8.38177300294,-13084.0306821678
7.97456777286,-10693.0442242616
7.64486653048,-15579.8965745392
3.22250846825,-14356.2941944755
8.2379253284,-8882.40966330098
7.46115784591,-10483.2398935134
3.31294297629,-11327.0660326914
5.39187431485,-7827.9784204083
7.15740403818,-10281.2791102008
7.80344490575,-12462.8764051415
3.13306952789,-11893.5971637648
6.13260040944,-10029.3829933676
5.43688766718,-11718.273492977
3.17755409789,-13302.3050401316
4.28921727725,-10505.117637147
6.84120563396,-11249.043520253
3.53439571887,-10313.2583921133
4.06571293704,-13351.6063048322
8.14585568823,-9955.59096543329
3.35353750807,-14216.0785559564
8.35823581132,-12392.2058676074
8.10557886043,-11057.7173099042
4.31419112778,-15156.380547304
4.18552940651,-10759.4245790913
7.82778599368,-11405.100412577
7.50352698483,-14544.0815549414
3.50825710993,-10955.6865963617
7.8234327797,-6529.30365666473
2.9931670465,-9207.33831392581
8.03221289707,-12695.907784875
7.89979122932,-13725.2677305144
8.32057504273,-12983.000909855
4.9933309617,-2476.22920964447
6.37932847761,43519.6078878474
4.20037815986,-12742.2549489679
3.88522593756,-10371.176350698
3.59317703365,-8027.4391310413
7.70696414454,-13641.6250847531
3.45469155696,-1313.52978028531
6.18266802874,-11217.7896821404
3.96747880326,-11259.4178085087
5.9316393971,-15773.6788037043
7.49511662257,-15857.0286491439
2.50183885252,-9882.38045155067
8.56565182454,-14042.822504088
4.263306157,-8484.70721052257
7.37744370162,-10713.8008459586
6.77602636769,-9241.38672375069
8.13202623086,-9732.95736048168
8.09759239811,-11344.0243577346
4.25844669808,-13744.8808515122
6.05824251304,-13503.9764615782
7.84820128295,-13315.7213654646
5.41889996061,-10048.0100443314
6.60908089581,-16767.3488263675
3.36482976151,-5348.49846854123
5.86220661448,-13615.9255657204
6.18208457596,-13164.9377977784
5.17339081708,-9453.73836331715
7.84018789369,10174.2789319578
8.30359552745,-14600.305098465
7.55918574734,-14020.7573787054
3.58458084459,-5861.267066557
4.38835361681,-14237.6060353333
7.50652420206,-9687.77864235544
4.03576337293,-11392.5337179776
7.58466331031,-10778.4489885009
3.84067522892,-13364.4444106754
4.3102681516,-14968.8439664154
7.54144893969,-9699.68324487133
3.34322919645,-7415.65463837984
4.82590069586,-11847.2714380732
7.10495727942,-8446.79118311632
8.19710314222,-10024.2599874862
3.90124783213,-8659.3670589742
7.58829375774,-10164.1202164295
4.80859171147,-14298.5606442703
3.94053434579,-11616.7647974576
7.37511383843,-13808.025535952
4.74401252701,-12316.1400822001
8.38208975925,-11565.1089611828
7.82924743811,-11323.0651385658
7.72127440476,-10237.250194238
7.8006493419,-12207.4526736268
7.36329380369,-15574.0521818916
7.65447228181,-11928.5758592538
8.13436513996,7285.36854392452
7.07371049231,-14400.5023888179
4.34232398868,-11661.8528846314
3.38996646462,-12109.9698850854
7.20509968181,-12438.5765078476
8.19266079786,-13983.7413464595
4.52912501207,-12108.7752510194
4.83720653156,-14334.0646433354
2.52750383593,-11174.5507632927
7.07967225895,-9194.28714598808
6.68926797366,-11750.3097079478
7.65875141132,-13137.2941331431
4.92863497544,-9302.26279693874
8.09512387735,-10059.0931320991
8.065914608,-10311.3283685828
4.8088957122,-13146.0085296884
7.91568280506,-11227.5721001378
4.28144004288,-13289.9650009229
8.24471764991,-7792.22737663665
7.10792769982,-13296.8157109718
5.73714666398,-9802.48993753943
4.10166702155,-8618.34765185717
4.77156067928,-10862.7014726191
6.65780207613,-11347.9699885161
7.63110901905,-14595.9144701389
5.59581704609,-11415.7110787273
3.11268145268,-12492.9486607907
7.92558448634,-10176.3492191956
7.90579620192,-7265.46265601336
7.27892737313,-11839.0690772064
3.99412622811,-11573.2130276731
3.79155084766,-14644.978077128
7.61343342217,-14230.4306933869
7.37049267952,-13776.6152673437
7.64440578212,-12276.5058000304
3.93709729713,-10486.1649946075
7.94175324484,-13791.3709115353
7.9115585754,-13258.7209613427
6.32529702727,3465.52721603161
7.31686392598,-13049.100625783
8.20056881466,-15042.4347264192
4.72971269454,-12618.469867862
7.98117282611,-10747.5779182793
5.58150997795,-8626.93723136756
4.62487577947,4076733.0414148895
8.15223200379,-11455.9637084364
5.6941960223,-14476.5404763737
3.80744123216,-10038.5041347063
2.69419563677,-8358.79843336665
3.42616301778,-16118.5752274614
7.87780681102,-10254.1083392272
8.01284255927,-9853.32725451409
8.03274588849,-11574.7586078722
4.23671048061,-13968.0956215768
8.40896583774,-11588.7602917935
8.07018695021,-9509.93422082849
7.92863345158,-9572.7170975009
5.71912026631,-9378.57464512032
6.22516326181,-13135.434170089
3.31838272395,-11220.1064434108
3.53532834114,-8195.8077341582
3.06980880282,-12251.2716457564
3.04484865182,-11392.173013988
4.69648297452,-14269.0424069213
7.9418890373,-11423.492763681
7.64044186571,1687755.07627034
8.38615061911,-14432.5575067141
3.34360068806,-14008.5659479802
5.60859839916,111570.062727313
4.36203551824,-15861.6934087245
7.26963048144,-13460.0321357562
7.12874139329,-10002.4377699508
5.13567775953,-12000.0084813264
7.38421359399,-10421.1636998227
4.82324431976,-8391.57451069995
5.22632513497,-13809.3537956334
5.96722045144,-13282.3009498092
3.57485095577,-11862.8182100374
4.12690639496,-8954.48229655299
3.24874474375,1838.95644377416
5.54922337613,3564.37452753505
4.46926996855,10391204909.483
6.9538660573,-10494.3664404806
6.94129174697,-12894.1929060271
7.45058241007,-10955.0725670542
8.33213950428,-12075.5148258184
3.0943215376,-15997.4078831493
4.01345639006,1715725846.32279
8.11271179774,-13220.626610635
8.37529653802,-8631.76974731209
3.9155003503,-11278.875990526
6.76874739222,-9273.56388219161
4.47252619779,-13094.4170321353
3.16070268274,-8803.89479715274
3.6900890838,-14415.3471114581
7.97791093372,-8303.98255928695
7.24106022996,-14156.1464052895
8.2420163261,-12016.5309441204
4.72234074837,-7391.918175274
4.90870464902,-12718.7456681448
3.30101550163,5854771911716.89
8.07365742484,-9952.95324378161
8.22274398805,-9142.23828380954
7.73328170981,-9810.39923666342
4.40487716945,-10979.4263203757
6.4150744947,-12151.4674466874
3.63739258546,-8363.82260767934
3.54261503364,-8271.83314639297
7.40338705581,-13263.5771350433
5.56756383033,-14137.0924759086
7.64320137426,-12677.8078347697
7.42967515425,-15627.3233599398
7.72978602488,-14178.8132534839
7.95306431333,-14115.3819586262
3.11978821744,-9555.93242195439
4.19614697871,-9960.44676222863
4.93082532158,-11530.8856613594
4.95119810339,-14118.8668425462
5.21779443699,-11154.2382759506
3.77424904647,-15935.5778937444
3.53254964999,-14132.776720133
7.67753286443,-7631.208613442221
7.614105572,-17187.0231357401
3.59856507949,-8592.09495503387
8.40005613763,-7683.2854645473
3.15211162638,-10529.314973525
4.40692771497,-14726.725668357
7.5887251221,-12917.572130478
6.74117046207,-16617.4318180906
7.59008660651,-12554.2945953055
7.99723223803,-13546.5598667203
6.55193595763,-8488.41306660298
7.08954914201,-13130.7413294129
3.98426316537,-14733.2019246893
7.9094427611,-10927.9198081265
5.06153584571,8416904.02025987
8.04646760727,-6886.36894565223
6.26448466442,-10596.8772877629
7.53707753287,-5838.1380729433
5.99881732,672787033.133473
7.90184405469,-16157.0218932647
7.44316451191,-17339.8114916035
5.42439076126,-13228.715012069
6.91539894413,-17157.717183446
6.98834183357,-11790.6412482654
8.7800845976,-7581.10138706369
8.03026162472,6951582.36015848
4.54702700728,-9830.55403522729
7.73973609991,-10160.3253112739
6.95664966728,-10782.7177846803
5.9194584714,-14207.3515125253
4.01747386418,-7847.48081313571
5.93387397135,-11072.2301046327
6.82793536294,-11156.7962245257
4.39407078399,13325419.1868383
4.38579172372,19313.9543734094
8.02627961956,-11603.7964112923
6.98159131001,-13973.7762027069
6.74797722391,-12511.0616639969
2.98614369309,-10895.1270942471
7.02882923484,-11284.6005818047
7.65548026183,-8198.74173383621
8.28636709625,-7592.61983208419
3.49386821514,-11785.3897252354
8.21513581208,-8887.11139478906
4.6886828339,-10582.732274685
5.54935216345,-9570.77876474184
8.06462651116,-8215.32577867614
4.61858302982,-10457.3132012982
4.78384786653,-14950.306258402
7.40676939431,-14269.810826117
7.62603602138,-13074.7188833527
7.83123601925,-14003.789530637
5.25742841581,-14968.7769848592
5.57803588029,-10521.9801723055
7.39607067134,-14127.1262967481
7.72124716973,-15082.8482086147
6.60931474453,-12850.9824591781
8.46972353272,-11559.2497294485
7.82396258498,-9443.95807482853
8.07005712178,-9414.74009110672
5.20557350022,458061656.344552
6.94532898609,-13377.6189323407
7.93065530713,-11614.8516126023
4.51822665538,-10748.4242696791
4.98609815458,-12225.1719819109
2.78940827281,-13014.0658801095
8.15210350042,-10326.1707085982
7.62581866217,-8965.71357636615
8.20662761379,-14133.6878931872
8.32342104168,-7626.45306129641
7.88802212627,-10868.1736918462
3.56978279696,-10551.1070050093
3.70559949751,-9831.05915322131
3.95612193709,-13595.3746833331
3.49348234227,3352906321908.1
7.90762795393,2.31417940557207e+17
7.18678420188,-12955.9661019569
6.98996709389,-9008.05529475507
5.699870829,-10285.3408728379
7.53173904166,-17236.7374814341
7.63926730894,-11350.1071923289
7.29410578894,-12579.4459685207
7.55840460219,-15784.4349033836
7.4147747252,-12595.1546265467
5.19774324652,-14901.0877038622
7.8983267876,-15220.7990909712
4.71505605954,-8048.00776055972
7.62030661032,-10356.0052224362
8.07617271748,-9559.33318553431
7.50749864109,-12126.5594155281
5.86297698193,-10246.3552670646
7.42872275888,-12816.1251363549
8.05719831533,-8704.58209442041
5.21555155719,-12657.010029908
6.46915512543,15935.8593234092
7.47697036495,-13393.5505215669
4.8258553492,-9060.57241631633
4.40536289665,-14239.380489044
3.23427975554,-13614.3318807319
4.70765233987,-15514.026646484
6.98766210797,-14847.3884074609
7.7512555717,-13906.7383706015
5.31025267513,-14185.3788205352
8.09777203356,-12161.0637020336
3.36052794625,-8561.15881719173
7.24784151818,-11848.6598329009
4.66892687617,-16070.3148163575
7.61670350694,-10473.7469298626
4.05157442419,-13940.1742763196
4.45387392248,-13113.3657727216
4.46660606676,-13529.6226595671
4.84040948765,-13862.0602728687
8.11387950104,-9050.25871442243
6.886890646,-9935.05091005224
8.16814027843,-10455.8987516021
7.97376648611,-11514.3470327989
7.79179607056,-10980.9051310808
7.68624334532,-10605.0607855284
8.32556213955,-13512.4380755699
3.30674637711,234711956.465275
8.05068272505,-14821.6714028948
3.32218629725,-19660.81637056
4.27469909779,-10683.2629657105
6.21646245,-9836.49354948904
7.55051424594,-12812.3870622013
3.49613489668,-15753.0925072044
7.51924580305,-11740.5364489793
3.70181522865,-10331.5012882712
6.81417986783,-16491.4626775842
4.02291710001,-10194.2846825731
4.80419581663,24684071.3049179
2.65034925083,-12978.6763227038
7.72164973809,-11953.367089243
6.70782668221,-11194.9874948448
4.41228487918,11938501433.8336
3.76805538588,-12042.2867695891
5.44037646648,-12967.2877014415
7.90258839673,-9940.23256029912
4.30072410719,-13730.614764111
3.06748987842,133255543816.79
6.30509660013,7223430622630154.0
6.16278480927,-12010.6802180396
6.81779399428,-12550.6121460241
2.93734197641,-12653.6619374576
5.35439476128,-8023.05816909881
7.64226050478,-12925.85105288
4.85584826332,-15476.3456597974
8.04160175071,-14960.8590965273
5.25865249684,-11495.7826285456
4.74511958703,-9952.50074663884
7.22255147435,-10096.2780623121
6.63220770785,-10941.1554469164
3.10813642241,-12201.1715703787
6.17702322118,-8774.88462848502
6.04198201985,-9716.34522627158
4.28088159752,-9521.13367854592
3.03349364301,-12626.6826192452
5.28547648271,-10861.3363119003
6.1159889969,-12732.3426725516
8.0498597511,-10778.5002490892
3.15824002429,-15425.7256652385
4.67979710241,-12712.6125721823
7.27365216293,-13887.9719297156
4.12854325391,-15875.9689645412
8.08823454302,-14312.4902918399
8.5485888981,-13868.561306879
3.15918134576,-12198.6231034653
3.81601496113,-9870.64121577834
7.94789341235,-12088.1453502166
7.54605028475,-8556.34603898881
8.0073951108,-12353.7835090667
4.08936246281,-13016.9808628474
4.36845253042,-13874.9667717093
3.6363717423,-10713.2278733435
7.83819561625,-12058.8615342755
7.47781817379,-13445.5268715622
7.34723736419,-9108.874112013
7.92431155797,-8026.86795334965
7.28663537246,-11470.6905801588
4.85746897299,-11801.0477727118
4.41120418414,-10343.6967591335
7.66250672803,20758.351469672
7.71572651008,-13123.3231795791
3.72893341313,-16157.6396647968
4.20356068257,-10897.7836134525
7.87796606464,-11124.4603199886
3.6214792073,-9505.2898345227
2.96067745097,-11222.4645428764
7.40660316683,-10343.6063981572
4.10174959366,-12048.3304672078
6.16768616467,-9444.24984844058
5.21528861591,-12131.1169938255
7.40163357104,-12060.2085894554
7.60552270164,-15599.6643449893
7.62131315664,1747.35296018266
7.76279523075,-11618.3271205872
3.77735072502,-12319.6375578278
7.86718934232,-10742.6536384977
5.42069216105,-11800.1431107618
3.44821278787,35733.225390071
3.13196909122,-9767.28275706244
3.7807692892,-10645.0196563801
7.70471914121,-8716.43057242062
7.88210556249,-12573.6078261115
2.68462313189,-13942.6639648883
6.82237980533,-11139.9279067454
6.93005842634,-10783.0597359236
7.80379494838,-13822.9224772296
4.33770621004,-14429.8533221052
6.90684748959,-12192.1198172063
8.34747735643,-11752.6710035413
3.52248408062,-8105.3138048882
8.06995997689,17147.6717483391
7.63800283479,-12175.9964317712
3.94083296814,-12736.3093008693
3.84749212589,-12049.5183252414
7.86560099106,-8020.10344586927
2.95576210336,-11075.6206575644
7.68049028289,-1894.69627844265
3.37157077492,-15156.7902617139
7.59708344449,-12051.0590061718
8.19100201428,-10429.6513876398
8.32473662067,-11164.6200802206
3.17840382881,-5194.79074264941
7.7307974122,-7689.61049843963
3.10781792782,-11536.9306427615
4.90026287084,-12588.983655239
8.1279346154,-12191.9889630051
2.53507394092,-11775.3560875428
7.28994293409,-12020.7123493897
6.14461741182,-14497.9384397838
8.32189450745,-13428.8459937931
8.05931137662,-12972.0564207987
5.1845853115,-12349.5123061692
7.98951804888,-11718.5714324334
8.03709001386,-8951.7891152885
7.86238343495,-10660.8901816099
6.93397734283,-11233.1335083188
5.10490962244,-10892.837355172
5.62619351201,-11652.5446471781
8.06413786871,-12894.7541389391
4.19710333542,-10181.2549304302
3.20854889464,-15075.7378543086
6.22674241676,-14033.9063503558
3.29483876384,-8066.80524360654
8.36730596864,-12931.0618274537
3.30399341554,-14772.1306823182
4.52616889561,-11421.5626608546
5.05590869699,-9662.08188660066
7.94171348933,-9973.06988882934
8.17352155036,-11324.3389451748
5.76439425933,-11278.6732408837
7.51528241168,-2768.17280837133
4.09917184338,35501834286738.0
7.88927803673,-10746.3092786512
2.67738323667,-10535.367710646
2.77664383916,-13296.9007891632
7.66247209645,-12769.4136895085
7.58496215309,-16457.3816291218
3.74926288849,-11715.6182113061
2.47333844834,-14364.4199814734
8.08887582452,-4123.9457752119
5.78778685462,-6036.8366187468
7.99100300217,-12561.9123437646
3.13884196641,-9052.19294015552
3.73265100218,-11795.5516474161
5.15256924263,-11539.8314162567
7.77084324447,-12877.2684111847
6.67401964887,-11970.3207860939
4.9588034188,-10952.3351885225
3.2602090244,-15524.3651585705
4.83547401547,70917014123124.4
3.73499780144,-9768.11948785296
4.88114822144,-9989.55930639002
7.09781397769,-14645.8600567616
3.50174786349,-10402.125917107
2.51362030189,-12179.4095188593
7.10513304064,-14553.7880038373
8.2729508816,-10691.5773347941
6.09577045509,-8387.62236855869
4.15594127111,-10106.6485333664
6.74018855142,-10044.4122037289
7.56824860379,-13360.4768406384
7.62915286148,-14391.8050064015
3.28749821035,-14640.6020714888
6.89757273868,-13424.1832306571
6.79688616597,-7623.95164842901
7.6969873257,-12958.5424359884
7.26443903224,-10860.6684779994
8.0355277009,-11785.7724469728
3.38615867589,-16500.6673177804
7.66259191063,-12937.9347520213
4.94905190899,-14442.2431503665
3.42570796571,-11271.6202634754
6.24125555475,-8854.85918874994
7.86712701299,-14601.3134275018
6.177187157,-10251.15507069
7.13533081282,-13663.0324214569
8.40932821305,-12512.840312682
3.34165896262,-13570.0841439851
8.27451380247,-13890.2374352894
3.97721047558,-10679.3431772029
4.64497268824,-12802.692721749
3.55719031335,-13124.2817300317
7.05707709951,240382.661390751
4.06840583215,-13335.9609233758
3.7946892543,-10540.9721068644
8.11735914363,-10916.1943566154
7.59283877151,-10426.0907987531
3.87949978659,190911.146230091
5.34712286658,-11262.9969245915
7.16149610445,-15023.3307991227
7.73841207698,-11869.0673173748
3.54689978355,-13273.7466996167
5.81068675706,-9271.90126174956
7.05057064402,-10977.4129758067
3.67865414545,-11283.5520730328
7.72673242709,-12335.7579965944
3.95527408415,-11004.2635444987
7.22562535061,-13657.2718665
4.03813070848,-10272.8615106564
7.96056011131,1110168460.91951
8.23385831407,-7947.14342565866
7.6572878906,-11195.0536343722
4.5538955891,66714.0687496721
7.04871086342,-14586.8010186882
8.11255896396,-10235.8502344072
3.75436573257,-15855.9071960861
8.14618018882,-7374.17103033962
5.70646892759,-8953.82270953559
4.19173450994,3191.41614336272
4.66750166854,-14118.211632266
7.98857290874,-11803.8261138323
5.28809766673,-11646.6662020377
7.92033558837,-9819.46824937496
3.2688092277,-12900.3568137145
3.27074673968,-14293.2816645215
7.95383415776,-13507.6557804629
4.87306976064,-10868.6865708021
5.94009641907,-10058.289600677
7.90908571461,-11334.1947064586
8.35527513087,-10447.9283213158
5.0096759543,-7604.71493645115
3.04019045673,-10734.2203039936
8.16575700152,-38.5206845820649
7.9106703699,-15697.5982238408
3.08170403498,-9154.50514145339
3.85799995074,10902522.2291832
4.11995285609,-13657.1606929761
5.27008521338,-11417.6048708181
6.97376508692,-9433.29227916487
4.76581809686,-12615.6599365157
6.64773980925,-3948.37388755684
6.77036329095,-11103.6736163709
7.5651864524,-12609.5879312715
7.55855235464,-10462.6598031148
7.83784336706,-16857.4053096008
4.18601174349,-11955.3838141893
3.71539303851,-9797.83437058496
4.94653925191,-10953.7569423583
4.10891302898,-9019.81986644575
8.28303983886,-9517.77469461666
3.74258104587,-13267.1131448002
3.92249714462,-14582.1224694142
8.35286882726,-8407.26832644662
3.58464162508,-12106.9276192878
8.2643247038,-11315.847625872
7.68442652377,-13965.9435499248
4.15856353305,-12156.4012813658
3.33903763367,-11680.4705357589
7.71687847267,-9398.21672933483
3.28405091324,-11902.16514007
6.61411640989,-12283.4019558199
7.78463288645,-12244.3216891757
8.37071624825,-10655.6267744195
7.70978094042,-872.977614712376
3.28835203887,7662.5935155424
2.66484075004,-13281.4806278749
6.92769819721,-13119.6341612559
4.94423196062,-10027.9878410392
8.11461197802,-13967.9864522131
7.89944675874,-12235.6919549005
7.36779719286,-11560.4048261044
7.76445442764,-16479.0347708633
7.43546308795,-13510.0909070837
8.0480744826,-9530.85657254842
7.46790725659,-10859.2346790828
2.88178767494,-11300.095811933
7.82024714666,-8421.63611104266
3.20362721512,-15249.4016705715
7.4183111768,-8900.50094019288
5.50741763708,-10872.2409586843
2.43041998831,-17661.7037769713
3.01908986893,-12826.3215036649
3.48576121237,135124811357.872
3.9214911899,5552.79404473113
4.83993622298,-7764.58845709664
8.5563198623,-12104.3544837724
7.83698460884,-12145.7371247951
7.86230459607,-11473.4356135089
7.96808029133,-11307.1910021604
7.43263874433,-11286.1364433273
4.6320988637,-13616.279561828
3.37160847971,-17190.4511200522
5.41097049476,-14019.265646637
7.8183967378,-14649.5235254228
3.74596663057,-10376.374510733
8.03715820399,-10670.2305856526
5.17858541385,-14593.3892823658
4.26340754522,-8668.59808176188
3.4188963214,37498.3482437793
3.1984034748,1804267040.0141
7.01806054222,-11034.6359695531
7.23800878512,507793938.28068095
8.21732445522,-12021.8377872908
4.67838524965,-12677.8573730352
7.97627472932,-11752.645295592
4.90557034374,-15921.3640063928
6.13455469229,-13259.1401151529
5.24850945817,-10093.6840879982
8.01904119352,59527104.7590562
7.32509301834,20634.250361683
7.88000807616,-10910.2176164621
6.03048975275,-13671.0358482876
5.75032191789,-10513.1662173168
7.18699127183,-11733.9361669385
7.53137330054,-13732.0752777561
7.81811500051,-9957.66696191436
4.17045371437,-9083.92694126846
7.94714963905,-9318.57920363379
4.67306048137,-11209.9453470364
5.53522826718,-10781.5414441602
5.24825355802,-10725.2937994649
7.94875099751,-12488.8557972868
3.07232035615,-8604.68134344577
6.66493473681,-13560.0930287461
3.69528762828,4646779.73728928
7.8269931758,-10744.6265514081
7.58534176366,-10709.1355670365
4.71457613214,-13433.6497757586
7.93349797572,-10301.9490509942
7.99146331558,-11846.0093426688
3.63036703659,19894447.3044498
2.98105719219,-9972.28885409329
3.64420319002,-11748.6297512777
7.94348386454,-10231.1235355379
8.46596783577,-9160.63639826467
3.19059037652,-12428.3116515568
5.17058640109,-9399.24152685829
3.99498724835,-9198.94272227259
5.30164257041,-12264.8297830507
8.07110827086,-15616.923073645
8.05089867966,-10107.009152273
7.76058029783,-15184.660041489
3.69483173266,-10928.6141757372
7.56311885787,-12008.000543289
4.41107932464,-13179.6804255335
5.78037440443,-1512.88634035383
3.39622106003,-11230.1597025831
7.15645796495,-12638.397260063
3.14593784443,-13847.1413064539
7.54048164316,-11848.2417519872
3.65443590195,-10786.4409968636
7.39481210718,-11612.3533493758
4.1557448861,-9270.74008449631
4.77258781807,-8588.13319266279
7.66879940458,-12054.7399148596
4.92281957689,-17169.7193843251
3.17523278821,-11216.0639284772
6.47414362118,-9011.64224963319
6.88408697897,-10753.8463843301
3.6587563959,-7422.51667928478
4.55159966744,-7356.14652527527
4.33480827188,-15714.7644719535
6.08047082927,-12534.9829101267
7.22556516171,-15757.9606238793
8.10959016002,-10015.1316955373
3.59772041969,-11120.3076089361
3.96996313994,-12992.5496944947
3.81517176918,-9528.84045926018
6.53338303385,-13518.701622532
7.43613134799,-11947.9864951388
8.05359376774,-12890.638405439
6.31759553886,-11888.2365823081
6.68218954592,-8792.0159735838
3.87019136261,118193.497272254
7.2307033974,-12406.7476611267
8.22764242773,7748.20033143031
2.95380680689,-15438.5851961118
4.60850209166,-10548.0031458138
3.75130006587,-11745.6193350326
8.11374001785,-11288.8418427398
8.17589337492,-10661.1513725165
6.19883371389,-9796.91573793016
4.95595917352,-10668.1476443365
8.42552632015,-8674.07700351495
6.81399521734,-11620.0196749964
5.44312851109,-12886.0070240456
8.03752023841,-12009.5449963741
7.93213557258,-11656.7690916256
5.65452200117,-10729.8048460454
3.84732798323,-16096.7025607932
7.62280032704,-12350.3921469556
4.18147458079,-13782.1667077216
4.27380024092,-7637.63424674589
7.83010511183,-13626.0920146934
8.10652027952,-8378.88213246077
4.86250647166,-16624.1040585067
3.37487502383,-10639.3128655608
4.32321243417,-13969.815716385
7.65278534806,-13061.1718008231
7.83781240461,-13262.5978091696
7.6611460266,-8143.37698302319
7.74690313716,-3014.3526123493
7.36846519138,-12804.1519955948
7.71670899652,-12384.266243357
3.74964539295,-10493.0911608969
7.96881438439,-9029.04620507299
5.12029490869,-12696.0022301354
4.32143173355,-12610.562305544
8.28194220907,-13081.1791607029
7.4478909381,-12386.4689127409
4.19228277727,-15844.5849530524
3.30934311589,2143025.60754544
7.72188680126,-9142.85939915932
2.80908321773,-12731.2128504536
7.48765499739,-13325.3478087447
7.31005318378,-15690.741430541
4.79140574156,1250987.09404661
5.02893830034,-12605.4798065448
7.46591312705,-10674.2850383026
6.74121676628,-8907.5980231256
3.32855026068,-11901.7846844443
3.23953752627,-10549.390429825
6.25117521282,-16267.0385266992
3.34218621223,-13643.6317129666
5.86660878964,-10737.8487203244
8.02161366649,-10086.049206563
7.20681903402,-11470.8294233685
7.12936304504,-10089.5384783338
5.9498638536,31199272.0639378
5.29708361341,-9537.88180422947
4.02703625374,-12270.7601911917
3.155466171,-14737.0132349187
3.21163181453,-9754.96499015245
4.4119053585,-11800.2715090267
4.30868497791,-13876.3532453102
8.31510552348,-12875.2692260802
3.49624200212,-10856.81885295
7.97030500419,-11082.8546464528
4.01773370147,-10488.6578018792
2.83811376658,-11234.9873287524
5.08896431789,-13610.2765610277
7.23718999309,-16379.8319567517
8.15196750128,-10939.9964124341
7.61621416931,-12665.5625087456
4.29518748168,275129174.661077
5.77006326795,-9678.48188736078
4.67127846374,-11170.610356346
7.15544981256,-11832.8869566579
2.94628874932,-13152.5277147704
4.56587108503,-9164.87501702646
6.87927909155,-12322.6499099286
7.9023961376,-9972.58027380539
5.37004123257,-12556.0447784067
4.58655793395,-10512.2204535022
7.80830587511,-10174.5475495091
5.00534133487,-10034.2851732736
7.37654795484,-9112.55164675477
8.12643755266,-13149.4705311654
7.95797426694,-12355.0535156945
7.67405649599,-10926.0270598804
4.18359551178,-9862.909366066
7.46265573739,-11079.6461162081
7.93358869467,-14517.8669695287
7.8738552889,-9451.27824369799
3.42929686688,-12028.7047779194
4.22010994021,-12558.9242523799
4.78996088046,-10351.8941677026
7.1413486475,-8391.57210640787
5.05421658384,-11327.2867670459
5.95316833849,-9824.92276758246
7.97206239152,-7625.40362762304
2.86911677969,-11556.1132800087
7.76805523388,-10590.8598028125
3.7057873158,-12513.8748356085
8.61375705427,-11132.6319817613
3.05020515202,-13340.3124622019
3.51271663737,-12526.3754603671
7.85768269454,-8156.0265575042
5.25175304746,-14595.4348763594
5.14736246759,-15297.2811787538
5.15651748275,89169.7772947167
3.86666339166,-15617.7601443494
3.72474320167,-11293.4065549604
3.77203749227,-12462.2383397811
3.48910358663,-12949.9888192546
6.57955903312,-11022.4278987495
3.52857865718,-11410.3103347186
4.37400386596,104707680.966597
7.55107083691,-12645.0478510611
3.91312494148,-7057.38854231361
7.94722561217,15538269.7187155
8.53208443729,-3999.35291665123
7.86649702176,-11017.6496315703
3.5470837975,-9794.65164094631
3.49612650257,-12022.5580120666
4.9569348068,-16248.710922377
8.03317217182,34566215983636.1
8.15228646475,-10174.5905533241
7.79433003781,-13770.4182433732
7.68655926244,-14498.0077825479
5.59218365522,-6816.33235519115
8.01540864924,-9469.99979111534
4.35826308593,-8582.45872399367
4.44559721495,-11148.9847167275
5.7836623266,-14924.1803046464
7.55311981655,-10232.483574208
7.10009204041,-10509.8082848345
5.25810332171,-10193.6270782395
3.00221656392,-9826.12234133795
3.60626106256,-12345.5553235292
2.8205337899,-17748.5855843022
6.14684074916,-10503.6715988215
5.18815484657,-1857.54156636184
6.5574187461,-11298.4994356737
4.31724020061,-10250.4334768623
7.89230795167,-9756.46603932097
7.25071873983,-9572.2344298205
4.55304729437,-11599.5333169898
7.14954070094,-10919.4025834366
5.31160824418,-14507.6489733138
6.71635515063,-10019.6173528987
3.08550479397,-13908.5595511472
6.12978064496,-12399.9618578736
8.04995477871,-10680.884904885
5.2112940772,3.64218423802301e+16
4.10891600003,-8947.03115481277
7.1758891093,-13884.6642305261
3.02689713303,-12919.3850303444
7.41013907498,-14849.9118231824
3.61285200857,-11065.7503207141
6.55468755692,-11599.711302177
3.89022568862,-7890.50517829384
4.79272644352,-11689.1569254707
7.52488449595,-12033.031974311
7.43400648761,-12658.3691169152
6.51888456344,-12421.6344310803
5.63450244928,-9415.19570245151
6.41070651326,-17020.1005201559
7.80990678481,-9536.61125336212
7.52918951139,-10169.4202177561
5.35772836836,-11545.5046736967
7.99726122958,-10730.7836587468
3.17991489558,-13863.4991696442
8.10830502876,-10243.3884252839
3.67938035303,-14426.3893599815
8.27084753492,-10227.6888609636
8.23919572895,-9791.6121112582
4.38574892877,-13790.034705822
7.89550222535,-11858.9245671663
8.03287980981,-5862.03327131275
3.57493291562,-6528.85463571419
3.86117448194,-14451.2338762528
7.65804204027,-8865.60932524901
6.98457817493,-13889.9915782713
6.98637166497,-10373.1090137054
7.1419068737,-12404.4898207628
5.19443079895,-12957.00216149
2.89805610068,-11233.5376562544
7.6687925272,-11779.2935937813
7.60924975387,-11211.3317397379
7.98633516104,-9337.22796951096
7.84881702589,-10417.4294169685
4.46112967788,-13055.7592377122
5.32374054863,-8146.45399234177
4.25988343821,-10155.5599288041
7.09197113921,-10009.0017103607
8.01495594886,-13631.7536139546
4.06111066796,-11388.4084089603
8.09873169628,-7544.112788640621
5.65930342909,-12325.2249826812
7.73749106272,-11603.1702481084
3.95219132824,-10885.4463690654
3.93584597887,-8815.54149295836
4.37401689664,-11796.9941886879
7.9990967501,-11711.2151487514
4.90296445042,-13835.067195611
7.68690051566,22467.1112831145
3.5860914857,-11651.854637169
7.99515324343,-10305.7013938579
8.23160076225,-6223.93784343696
3.67502234529,-12229.0145773314
6.5319337302,-9236.45822459181
7.90501206222,-10694.767871616
4.96973110306,-10996.9181096362
3.94795082912,-9901.31686780074
7.62623492009,206064.124007229
4.00136792223,-9822.3278720716
5.31964849662,-11454.336447342
5.46325631171,-9951.48955713122
7.29125180102,-13224.0239387429
8.42444955324,-13789.8154081977
7.36651351602,-12268.2355248391
4.41667190715,-12908.6638988242
8.00186378656,-14596.2103707807
5.18928574712,-11671.3308274056
4.19112201045,-13824.5442874409
7.05578985311,-10604.4002195145
6.83550684272,-10536.3452203142
7.1276845566,-11430.0557386914
3.71466109815,-14537.5261952249
5.66408469306,17501.9029152952
2.60672301878,-10773.0898156551
5.32198641859,-9507.32818252475
3.40755918085,-12499.6278603484
5.41334674904,-6258.99258730089
4.20982965181,-12505.8749851083
4.50455142293,-8164.83450312328
4.09868923971,-15251.1840607475
5.00045206696,-8447.82485841923
7.44580471348,-10173.4694542073
7.33204228357,6479.38658091052
4.59451101238,-12651.3321351098
8.53774893448,-10591.0229405988
8.0727683096,-10152.594730448
7.80521965154,-11496.1704829518
4.70951531775,-6170.86087569752
7.03535721741,-10942.075376197
7.22473151411,-11007.1071187797
3.80389130974,-6238.02225696435
4.14138255281,-7878.0375303187
3.49654824235,-14824.9605599232
5.1394930603,-9256.26395072519
3.60935860016,-10931.4291856646
7.90178948444,-10875.5896395011
8.25844997606,-9674.19895165604
5.58482336373,-13364.6699561707
2.89922631067,-8853.61770536886
3.73594240917,-13240.9571978254
7.89026954701,-13088.983622205
7.23779772678,-14238.2663011313
8.08517829157,-15937.2846520374
8.24784374097,-9839.93841202164
8.53763955408,-14511.0479221072
3.80787820698,-10269.8407623481
5.28800997949,-11708.2838194795
6.11070721232,-10918.879796121
3.58618742502,-11825.2875039064
7.69669323997,-11503.2962171638
7.18233259275,-6661.1648171073
4.1329256086,-6728.22274631158
7.38332657179,-11613.5405839752
4.25567445282,-17330.4568649866
3.76283831193,-11047.3912917299
7.76091800871,-13843.5514632029
5.07923839249,-11545.6307990117
2.66193774397,-17530.7348076374
4.54440130513,-8245.9128371667
7.94260226317,-10548.4735841427
7.84788383624,-8553.15093755046
3.75469830718,-8145.36441309032
3.8241397122,-16059.9365398586
7.71964416565,-11606.8167752773
8.08209302669,-18300.9397422488
4.34003876683,-10351.8416413714
5.68596319346,-9495.61451204863
4.70952844608,-9852.30420322163
4.22444407381,-10480.9481986513
8.36823778663,-17023.0127437094
4.06699607026,-10671.3620765204
7.93476181854,-12444.8326789164
7.47019049173,-10840.3782381516
7.76270463333,-10260.7900439962
5.71092399555,-10195.7069970996
8.25428464765,-13512.9557270177
3.04456190183,-10806.237215512
7.70748951727,-13325.9927454884
3.28042137418,-7100.83700219119
7.75471360755,-14681.5159202199
8.15561215135,-11135.909990104
7.90729761721,-10500.5038461288
8.16705593644,-9348.31418776606
7.97767952112,-9535.79428574056
5.43284103575,-17060.6053326857
6.29301695977,-11051.2248914044
5.57870329588,-11227.0753486354
5.61351582313,-12828.5803455869
8.22787576332,-12954.1507338988
3.52442253886,-11897.2949333356
4.66705511356,-11671.5990441923
5.11861145191,-9625.7653331393
2.87166379244,-13377.0141102453
6.11503316764,-8071.19826806682
5.88989811562,-12650.495909536
5.00614897658,-10858.5460316543
7.38623827692,-12846.994279365
8.13605890649,7426.70036718016
7.98180661578,5425.94810840461
5.59374202891,-9344.73908569833
3.69935830261,-10691.6000542387
4.3025612453,-8194.59759201298
4.46607478129,-9614.53177560283
7.80437218863,-10558.8509088451
4.06922021884,-11073.3100410633
7.97658932843,-14460.2359504604
5.08775586322,-11213.4967277553
5.81375570844,-10757.5300102669
5.4318970664,-12066.7006774346
3.98242783386,-12585.7537035125
4.31290963347,-14350.4339990912
7.91970844636,-7417.09352297366
4.94127023964,-9683.52428746412
8.31476893955,-7789.90877055165
8.05717748736,-14663.2605495593
7.83388767602,17320.2433674093
8.18749295469,-15287.4755986511
4.35837653395,-11383.7962892889
6.01018324901,-14149.8354980218
5.47083651523,-10484.5704528564
8.26696701368,822573412626.143
7.65351650954,-13416.1553673527
7.84604792222,-11522.5962670511
6.96284110121,-13842.4377557913
7.96227687021,-9902.89013614443
4.29264300696,-13394.3779198995
8.03456828262,-10952.1098299182
8.16252641743,-14828.1522535475
4.97442599634,-10349.2491748712
8.18568179434,-14058.3010916217
8.16781427562,-14420.0062133308
8.06186935779,-10952.425496751
3.41092311753,-10472.9592608298
8.14645567359,-12735.8010906984
6.98577646429,-9991.30404590688
8.12201335551,-9144.29007629919
4.12463347598,-9571.67987652353
8.035292772,-7438.84862414059
5.132754575,-15730.0690849245
7.99461783199,-15142.011464492
4.42608962769,-15803.2468652338
8.05113917786,964896750413.133
6.12492174944,-11920.9452194655
7.91976077874,-11386.6835897863
2.92343281709,-7949.32643613619
8.10268088079,-9803.36143377173
3.32649339132,34259.7190177435
5.29246750208,-6750.64589212092
4.67431953084,-9573.19855929835
5.50583663372,-10127.2175604872
8.03372298474,-8908.70160073949
8.19150017316,-7239.14110216676
4.59604340077,-10300.5409044885
4.81672639849,-11825.0741876846
7.42117490061,-16035.981088155
5.64087327509,-10114.2251793263
5.1420942042,-9910.6987189316
8.26879188629,-15659.6819510499
3.99649466983,-14310.5238525678
8.01613838659,-12493.9781626576
6.94629528685,-13614.1573095504
4.84270329916,-13093.549118917
3.00068342384,-15768.6751665568
3.1043903321,-10065.2808575807
4.75829865472,-9866.86413177268
4.68191334633,-17289.5876155915
4.28808332503,-11829.7747786886
6.11341733025,-9967.17728453721
5.34725304875,-11840.5819685296
6.33802789123,-11414.6041733409
2.41380757252,-14387.1738189032
7.49980344194,-9081.09443095856
5.93342140894,3739217555917.3
8.11840585723,-11760.3970603177
4.82370208297,-14361.1401548014
6.6919331877,-9390.22124982225
3.98729606628,-7654.35850461355
7.74637059349,-12306.1167852253
4.75039577715,-12677.7347898963
3.45904215352,-11090.600034696
6.22838774107,5659.12490324448
7.68603944824,-13419.9770677416
8.58333058469,-11907.5359379606
7.65983467532,-8054.11255165582
5.30571506028,-10467.6150440976
7.55606505245,-15306.8382736957
7.20497452625,-12342.5207204569
3.45494021795,-12367.7177199665
6.2732140913,87158863.0132397
5.47634216421,-10006.8093934699
7.61217053235,-12901.3348100049
8.13477459133,22838164472.0448
4.43292413377,-13518.5690864346
5.38259913339,-14692.2179053393
4.50368165615,-10873.1307970312
7.44320527224,-10967.1564823097
7.74532773,-10327.0070138679
5.40006087403,-12810.2611881336
6.69656883909,-14242.7271317126
2.60612202333,-14709.4457712635
7.72047090528,-13640.625214747
5.43153845071,-14737.8970077893
4.64390888929,-15376.1801572579
3.95586876391,-11694.2248445715
6.13714853506,-12272.0906287847
7.26998589237,14560.3160919102
7.84948227978,-13969.3621084813
7.53613035908,-13300.2102135728
8.19554006431,-10181.5006249197
5.24519308447,-13368.4952492659
8.0082271358,-10896.8128459655
7.96539258441,-8826.73662760487
7.74960980781,-8658.92599324497
8.21117354871,-14791.6599806517
3.36795518205,-11995.9168024733
4.11814958667,-18583.0365235765
6.70300983427,-14615.3241794607
7.73495693077,-9965.41461708407
7.16249681507,-9903.19308434663
6.46898469396,-9857.70693156404
7.94803151767,-8837.70807110409
7.41384801656,-11561.8948733363
7.92533778144,-15010.7069913104
3.28128363944,-12934.5173900647
8.32313550551,-15515.8765288961
7.54611628908,-13309.1354313366
4.56811583396,-10746.8638032969
8.24032700087,-12438.7521938689
3.19227724446,-16873.063153283
3.76484602663,-8530.16113049456
4.53470112541,-13048.9404423024
3.0836058289,-12975.5901734803
3.7943401453,-13855.2363806807
7.29507118697,-12723.6146456893
4.36663965995,-9629.70903518133
3.14487755901,5638892279.00569
4.68906717461,-9184.88146889282
5.63622430949,-13629.4095302168
4.57925057588,-10805.3960520331
3.9117524945,-9880.2324475727
8.04433213135,-13696.152790405
5.89618660564,-11405.5429543707
7.64875695419,-11746.3931877528
7.31315773476,-10413.9323501617
3.67543379985,-9251.97522959365
7.84770585025,-13713.6561954117
8.18770753016,-10578.3544852672
2.9314494996,-18846.3453177489
4.18877336305,-9763.68655621209
5.33381508702,-8856.78668155935
8.02050143166,-16445.7481129771
6.5975301988,-11082.2104543702
8.50840478047,-6455.67958922617
3.13226959813,-16425.1815845126
3.42775392185,-9812.9506174379
4.57223401523,-12408.012719579
8.15827515271,-11724.1813807392
4.00938060469,-14124.4756926923
7.67557865675,-13280.3059730845
4.28369519434,-10769.7664280678
8.41495431687,-7842.02030578888
7.41434616701,-13546.7714952213
8.61565482821,-5116.95345843585
4.52567806939,-12650.0605190146
8.19095947907,-7243.25210909996
7.71887796448,-11200.6703049829
7.35122632711,-11126.8196996744
8.14499604077,-15094.8538154661
7.75563069832,-10405.8144285802
7.72578232242,-11620.3830780839
7.68632046603,-11602.4225603855
3.24821542662,-9817.49048317297
5.60267259476,-9271.16928019087
5.91415070898,-9281.13808396503
4.36886797198,-9153.85102476618
6.715469122,-13891.5281566075
5.21217268338,-10352.455425068
4.24860022212,15124896.912164
3.20303823802,-15253.2185467189
3.27736601055,-12888.4591118799
5.74857759573,-11289.0339872607
8.13589690042,-10499.1386127507
7.85409540131,-16102.1359409321
7.25461043156,-11321.6346136102
7.91165460161,-12285.3070590529
6.03795594421,-10218.9269430603
7.89759055653,-11948.1509866679
5.06285540728,-3550.8978914877
7.86888528305,-10508.8545900551
3.45658296757,-10137.7978350121
8.01809237803,508589484.81189
5.07871684049,-11690.7012243725
7.26008551251,-12071.8978524561
3.79529917055,-10310.1979026532
7.4601716447,-13539.3878955525
4.20871568226,-9552.93301800818
4.20773676479,-11885.7975864204
4.46365295637,-11829.8439563787
6.11232667994,-8119.95820813419
4.75314180026,-13542.500457877
4.30125111351,87446786.0855689
6.68208794268,-14099.9223475024
5.44833407543,-10697.4815255176
3.68293465671,1022447889.18861
5.83259315904,-13899.1726562094
7.21549048942,-15294.0622798372
4.85057331779,-9901.48632537382
4.03587519115,-11759.3926221379
7.20212604737,-12131.066743208
3.29489221057,-6520.75998899986
7.76914701789,-10997.4799413386
5.05411321139,-10790.0737591026
4.30942081012,-12802.9639660734
5.38676678999,-8856.40658770772
3.60740077742,-12365.7364265429
7.66687216727,-10160.5018109014
7.83527507843,-11195.1415548195
8.04314731743,-8255.63188577318
6.21965355651,-10278.3027328375
3.79219783703,-11780.2327034723
3.33909156918,-11456.659203682
4.83006247113,-10981.5789274729
5.21244376572,134462.13779322
5.33017969308,-10308.0574795229
4.61742158017,-10372.6469439914
8.05603262621,6109354.06544667
3.07438838963,-10683.7832417721
3.59444149886,-11469.5487231895
6.1253852971,-14550.1485894695
4.61975669391,-9844.83786315362
4.00694632223,-11872.6012455042
3.96813560916,-9493.38398102488
4.21995424144,-4289.83152817605
7.85494559621,-16846.0588915517
8.01186763959,-12311.7039663969
7.44202087794,-9139.98556598867
8.238092016,-16648.6533688754
4.17490925209,-12053.3100529547
4.39690176058,-9524.95218359504
8.26215537171,-14376.4228937648
4.84312777573,-7354.82578288712
7.49695197331,-11620.2029879101
6.94868714656,-19191.6003378012
6.8866810877,-14421.5263802631
7.27447541908,-11894.7758243869
4.31567325105,-8242.69914461631
8.06347234239,-10207.3107728988
7.21563489445,-13356.6754677648
7.51576478713,-11458.412999151
7.98655494121,-11528.7542326533
4.46999146923,-13393.6829365101
8.05618075667,-12990.8201921521
3.1010330569,-10050.8774878544
3.29676079619,-10603.4045621456
7.39403640745,-14284.3585410828
7.95547442029,-11963.8097849205
7.53643757554,-7722.01374526989
5.97928869072,-14504.7167982942
4.83343341266,-9711.25828790739
4.8390384488,-14911.197038051
6.81750315729,-11271.5096714775
6.33614021449,-10729.0730966141
5.28461723249,-12579.9383167054
4.0272424276,-12090.8198685933
4.47830970919,-7462.36350165923
5.38518639888,212023690.526774
3.04285603317,-8662.36141391865
8.16013848377,-12324.031740092
6.69600894339,-13175.4003565225
3.26093352159,-11536.0460008665
7.85258913792,-13917.0405556306
7.91195781842,-12432.912149651
8.13082539198,-9681.38268780515
4.76078787346,-8994.07766026856
7.41394055257,-10061.6108432341
8.10920480247,-13469.0962487873
3.87048829557,-12247.5521858472
7.11235537214,-13022.9388361149
3.47096454184,-14039.0801698648
7.14566730043,-11787.1283445414
3.19454901663,-14546.124938526
7.58579053842,-10327.6849638002
3.6615914388,-10971.4478585606
7.50894372613,-16478.9030724638
3.57426047053,-15327.8734127375
5.37921395436,-10140.2691525098
7.94329123661,-10643.6509684033
4.94366312149,-11478.9076521105
7.95509920744,-14713.8425262069
8.14818282473,-10321.0786509688
7.79196049265,-650.644947898172
7.79076391462,-14011.4894573718
7.65867040697,-8142.27240933199
4.07259539799,-13332.9069427406
4.016015495,-12147.9333750642
8.36918968053,-10349.3282389661
5.77220339481,-7200.78030161419
3.48892719556,-11375.8088804346
7.52775793094,-10679.5740707994
5.31191605392,-12598.5171615707
3.53074073575,-14391.4131313343
7.34230312278,-10923.2809348196
8.21251666928,-10191.2857833866
4.40128524443,-12736.8184860206
3.22072740642,-11676.5437007706
4.43499829726,-12407.2962634531
7.39318702964,-10114.6162190234
7.71568351796,-10583.8797939622
8.19540784211,-10592.096311965
5.02419089583,-11703.4112571493
6.0225641335,-10650.3804665919
7.71753146985,-12746.4186428839
7.74946664512,-13665.7680237221
7.93778116065,-11681.360162971
5.66615503618,-6526.77972906255
5.69385907537,-11190.9355721393
6.95036260491,-15895.9435209849
8.1377686604,36783.1585668469
3.11854655306,-12025.4162756744
3.32683422618,-9988.23154555178
6.60414758443,-9697.00861696692
6.81641421012,-15254.8870471896
8.00457504591,-12222.5338809976
7.86360463567,-13181.1104114303
8.07548520205,-12240.1803621282
8.09177533453,85.7973685177676
5.86639432999,-11028.8277144375
4.81411281586,-13642.9351454731
7.99330545269,-12029.6372156633
4.35855746204,-17317.9256869585
8.00845664384,-11445.8808843819
7.57337750929,-17580.2768804047
3.31404051774,-9401.34344807244
7.55921460622,-12245.7183511446
7.48755220438,-11406.9185438381
8.02993935937,-15611.70045771
8.29939008605,-11351.9031940135
7.19996649171,-10339.7766575121
5.71205271725,-12247.9498821347
7.37752543957,-10990.779930927
3.25594533548,-9105.02377440623
7.4970992211,-13868.3535832106
7.09916966608,-15379.7919329813
7.47317177774,-11526.6276297194
6.6695046148,-9275.33775683477
7.72141681415,-15506.4438025153
7.28956075364,-10780.5717760606
3.19394165601,-13644.8971142838
7.88206742402,-12662.7333754521
6.30838590225,-9444.55405574719
5.59003684068,-11273.1875350997
7.56448775895,-8926.94247787851
4.34425072464,-10219.6118151348
7.6326050729,-13735.4049455627
7.04333926386,-10236.4189484884
6.12306373406,-13854.1716275664
4.20974156817,12174525511.3552
8.16488829084,9053265.85394291
7.82988621627,-7432.30221176013
6.94813570743,-10360.8584134524
4.57032930894,-11757.3901219112
4.41170966821,-9968.92049357027
7.82950945486,-9150.60461561097
7.61603975362,-14569.4541688001
4.76456766327,-12509.0812215926
5.41711888251,-7946.86327395072
4.31002047745,-11265.8371015498
5.04770684544,-9345.91199377973
5.8315759067,-11972.1578947032
7.74585578901,-10751.847965132
7.40089995328,-12631.7603997564
5.50517083238,-15033.6793667442
4.20932981843,-11446.8289541101
5.58825072808,-12361.0445251398
7.57271692229,-13528.7186867072
7.5700409256,-11824.1210790909
7.8230868653,-13266.8650098398
7.90793192184,-9666.91951811759
7.66833229948,-8701.45115754154
4.72073238296,88203.6318706061
4.65724427576,-10699.9931337623
7.7530299315,-12564.3416552322
2.95617793806,-16493.2496137761
6.0550939719,-8649.77055989829
6.94660180492,-10447.5018887653
4.95901647198,-12967.3976200512
7.60246204826,-13104.7933219855
7.46042560169,-14341.5349778642
5.61032662176,-14931.6747970788
7.83982715803,-9827.97864717172
5.48370647174,-12418.2898282397
7.45763987183,-13898.6641749481
7.95392894363,-11435.8106708568
7.37291967941,-9577.97138555207
3.84271221847,25175800.208098
7.22724338073,-16573.6157518924
6.38090986044,-12026.2021250567
3.47830843743,-13073.4456813814
6.73657183753,3686724053948.86
3.52511463589,-10704.3989391803
7.31056048836,-9601.18286878892
5.28505215481,-3684.39545533324
8.13269239011,-7059.96241787815
6.93455025444,-9553.66993631239
8.0465549654,-10380.877434173
7.2694468052,-10431.7043360659
8.09959150271,-9434.69868426873
4.96849026474,-8893.37715317223
3.31078951824,-12445.9552343058
3.83806000891,-10411.330618258
5.38245366591,-12066.3433328023
5.57987772835,-12980.991284546
7.17983302194,-13564.8280558831
3.95446494724,192123.174092223
7.63796709903,-13257.5564301465
8.24882514421,-10122.7121093211
4.34056617791,-13284.4427940912
8.07867378381,-13836.7337079952
3.95226097153,-12292.4244966064
4.66115880517,-14675.3461628
7.34598980231,-12075.3355451281
4.17487938189,-16994.2392135632
5.81783813688,-10339.9271497349
7.74207326923,-12046.7624542819
2.7263420049,-14367.7699399893
7.66843739707,1412459185.11878
4.27613022737,2769853908639.2
7.71357780175,-14835.8733768817
7.997620127,-10917.6125128931
7.76212968897,-10511.9741478598
3.02255833221,-12209.6165182923
5.89846120827,-10485.5389841129
7.70063587672,26054720.8347619
7.597014344,-9633.99595126958
7.94618369664,75919027.4175974
5.13283500927,-10527.8004099821
8.14740832142,-13417.1691011367
7.92281418973,-10780.288681359
3.59878311639,-11419.0292785054
5.31380622058,-9944.66650626125
5.3850097409,-12151.2627108751
7.87067946516,-11979.5632748825
5.63181250661,-8549.12924139548
3.91351447885,-10585.2386459156
4.48876865556,-13642.0308117366
4.41545293707,-11195.7828858991
7.33976370929,-12593.6008061529
3.96073750895,-9891.52440865328
3.17412237705,-11958.54069116
3.75592734804,848018.275273404
6.48442439404,-10519.0878903781
7.95887719705,-7614.13237537059
2.62279260884,-11275.8815441386
3.65435283959,-10852.3484349243
5.30222146712,84781868.039552
7.3714444256,-11137.8924324625
4.39114840759,-8134.11111936896
8.29020231125,-9362.87387490112
7.32449680036,-10507.2871749007
7.44503679263,-11771.8197923377
4.51441769175,-13416.0342965294
7.74263373941,-12968.3415170683
4.28983777693,-16512.502944129
7.66566769803,-12274.6501910313
8.44401198905,-7418.30773768348
3.85075171907,-12422.7813743812
7.99207381802,-10380.6793917554
5.92639516552,-12267.5735644521
5.19034619261,-9717.18142816399
8.28593104624,-6338.2980051095
7.9482016771,-14501.3109399596
7.79983736257,-12959.7819035338
4.53823413433,-12611.7420761721
7.59798424148,-16028.9538336243
6.41258035019,-11537.9893253269
6.79342341612,-12148.6271075052
4.65618429508,-15269.8322357683
7.31089257439,-11336.9115772356
2.85044224591,-15880.0686991176
7.65299009783,-11761.1990937321
8.29887023192,-10818.4563875757
3.82415750267,-12887.1564262271
2.89849129495,60589952.3645008
8.06501299555,9014.09697429065
4.9505335969,15243129343.8642
3.64152526375,-12791.5282842927
8.16791962961,-11162.1445038247
7.68569785413,-7643.31597697095
7.75581900712,-11910.0444123037
5.6848730183,-11991.961242223
8.23282378951,-14941.1253514442
8.54885093615,-13981.5293724383
7.68116373788,-13484.5369016173
3.96710351759,-13477.2521407922
8.37259641631,-7161.09687423949
3.12977540476,-6897.63471351129
3.41809691113,-5526.47990861565
7.95350027263,-8762.9910652256
7.95157965876,-5748.46471221299
8.21420415545,-11725.2527406855
3.32471576987,-8950.49126870964
5.31852093975,-10692.0432170704
6.68505887259,-13882.8100244259
7.84475490236,6689.30475575635
7.76645679464,-10921.1138875937
8.03932941314,-12050.4958042509
7.66161913281,-12580.6840499525
4.22921187233,-12426.7865140407
4.06394606109,-13748.649632554
5.79530501666,-9523.11066653317
5.24420003414,-8365.45847682837
6.74642795969,-9313.51140510279
4.97877128728,-12871.5411424229
6.48463663303,-11218.6300343688
7.28600653913,-12657.8118610409
6.357845827,-12992.3625176379
4.38370336696,-10592.9014251062
4.17148072415,-11653.4137243597
7.56052757146,-14027.9582430227
5.06853754739,-11907.4975893363
3.71913449446,16509568.95677
8.56554891748,22582041394.3495
4.50603364623,-11969.8944080424
7.84599459452,-10698.0065430465
4.12034198896,-13652.1123021438
2.86202935478,3.84001210611413e+17
7.3336990966,-2037.89326574762
4.48986393148,-9007.12423069579
7.71202173262,-16448.6845082144
4.13688151807,-11927.2656622792
3.10296766707,-13523.2903435007
3.68323060663,2.25884177078148e+16
7.89002132302,-10392.5376245517
3.41533535555,-10405.3888263068
8.05194450253,-10911.3987121167
7.58357016873,-9253.93249931206
6.80823516476,-11941.2573773551
7.64611039769,-8480.49671658236
3.11767538392,-6973.90104832691
6.66288882912,-18953.4314560449
7.82778935759,-8487.3250127911
7.61827005986,-8938.21853917513
6.93459042162,374706603.524771
3.19235605185,-14019.8387114489
5.20618567974,-10911.6584832383
7.58466117991,-12632.9053111673
7.78276401582,-13557.4995043809
7.91262258633,-11058.9921587548
6.96406366992,-16578.5211474677
7.66039528359,-14294.795962899
5.59676189158,-11871.4436316957
2.5246771404,77156.2128928274
7.14490139853,-12864.5650025687
7.51450154389,-11400.8086911761
7.91436281013,-12587.9396506505
8.07724186963,-6930.14293138222
7.70901873693,-14734.1087704302
3.29255440732,-10651.2967875817
7.83590381527,-13536.0378459075
8.14104265369,-10276.9027728874
4.99350021715,-12334.0165660668
8.0279092305,-9412.29349677042
6.35849101356,-7956.20781548857
5.43433033947,-8781.30376611279
7.6459235056,-11503.6624597123
2.94175122784,-14055.9462473314
6.87602666291,-13938.1718356421
8.09484414581,-9944.60974856189
3.46118543293,-12737.5112683465
4.17862643066,-10099.4465723341
2.89172725092,-12535.2627775938
8.32171551228,-12589.5425443777
4.45227305689,-14685.2171278474
6.69085283046,-13907.5272709861
4.72787666478,-10075.0265264513
8.66973975955,-11158.0028293052
8.09543553593,-13714.1547933538
4.28917537177,-12875.171944343
5.71349738041,-16716.8435927618
4.71984584086,-9181.98653282891
3.49686840481,-9044.32572411647
3.52359501564,-12090.578181517
3.61311666244,-7263.40976313586
3.39317375553,-11223.7918362972
7.43328063499,-15779.4109019087
2.97288068043,-12095.6993100076
4.40285408551,-16714.3690094633
3.76410227941,-8956.94671324987
4.99458785809,-12974.7352348467
5.39868956954,-12749.5420575135
5.19771723429,-12476.2524307414
4.45127044269,-13140.6200110155
5.86234089792,-17380.2222507313
7.78439294732,23132126324.0446
8.04181064626,-12433.5298144246
6.0681924575,-8280.65185862763
6.42997578845,-12992.273341752
8.05838786379,-11331.8786032494
4.75516091874,-11408.4652930225
4.91468927652,-11468.1941717207
3.89988640379,-16228.8608614984
5.8871205107,-16051.3557683365
5.73163143456,-13417.8839010905
5.47620940031,-14256.8311794662
3.88494589146,-12787.4831472537
7.07116055639,-14769.9297743047
5.13825953659,398122.695185523
3.91642285998,-14595.4686122272
7.00128704624,-11935.0034907199
8.11367622042,-10122.6978485021
8.30311214047,-11943.3833240021
4.29772883034,-10603.8605834112
7.90083197182,-12030.9540128459
4.71590906793,-13601.456795805
7.1560694173,-12034.2225966994
5.76074257553,-5609.69735704798
3.86446262404,-276.927453108978
6.82539926909,-15049.0706058088
5.36520015741,-10861.2978256166
7.13741193228,-10654.9028321434
8.12488999854,-14028.9035813583
2.53797997225,-10600.1908918702
6.4991236215,-13021.3629472922
6.05074187911,-10236.2348109429
4.63847437741,-10908.9052899644
2.86259243292,-13009.9272244567
7.82798270739,-11206.6236096174
7.94859338291,-12658.3270747688
5.00863859444,-8041.76564331321
5.95144784903,-10176.2782355929
3.07390470719,-7753.54148116496
6.40756311567,-10979.2603510805
7.03216837067,-14334.207302159
7.63775720391,-12783.2305060533
3.60392488531,-11605.0173966375
4.46929611825,-13937.284382393
4.58076914309,-773.545015505717
4.83544403587,-12721.7068121568
8.28648484277,-12731.2570777469
3.12316383596,-8820.21633802233
7.99201626987,-12524.4913769322
8.04662850195,-15595.1284247572
7.12644009659,-15317.8678439746
7.78219730764,-12924.9739997637
7.97651370921,-12743.6401520235
6.39607071021,-14673.857406687
4.45366240272,-8012.22107890715
5.46889785924,-15169.3330147847
6.35459548344,-11976.1888643593
7.75603227826,-15331.9641331358
6.2221226721,-12934.4677975471
7.64706760234,-10029.6771366574
8.13175729841,-9114.72340648353
3.77608418444,-11277.181753255
7.16790288171,-2593.0188676691
8.02191339282,7625497.12934036
3.7812065906,-10467.0257079813
6.62850905776,-14987.6093299554
8.21439345799,-5994.96451930195
6.15760291733,-12621.9502047521
7.79689548689,-8412.30309962642
7.33337775259,-11285.1107370123
5.28925798004,-10105.8813679863
7.22306970665,-11567.0972165886
4.6500977467,-7464.62849270151
2.93846877273,-11114.5255849955
3.76600661019,-10246.139676153
8.21941612078,-5755.07907285386
3.48672476356,-12973.4123463246
5.62457131914,-13658.2806819916
3.94462756426,-14193.7373052893
3.68696223988,-11846.3826966683
8.08713028971,-8545.86018460178
7.68501582512,-11578.5748898134
3.89293365525,-13197.7183605236
3.25369348317,-10388.069274737
5.90708677771,-9264.96765741445
7.95481059617,-10028.3880229653
7.83115590909,-14862.2583975788
7.57824731093,-17066.4260616862
7.84679836241,-12839.9044704514
3.44793673281,-9781.95265464361
7.46706631007,-16993.3394475035
7.77695602015,-11528.4647989028
5.10428452344,8935.40205676128
7.90418080731,-11373.8176027175
8.12233958386,-11225.0824355266
7.62670916364,-9607.18586493483
8.00982411135,-11721.7461469184
5.70603326103,-8683.41681883328
3.82707758502,-9349.31073895
8.02273371563,-12831.0490403745
6.61599371964,-11964.7145790995
4.13396590346,-7953.35743966086
7.80610218593,-11730.7824096448
3.20257598734,-11117.5024317807
7.44428874836,-10453.8666030584
8.10450065854,-9181.29368230661
7.92144948906,-8005.19500160317
4.30080788186,-8796.58819847398
7.69998018856,-10200.8717278431
4.71536502146,-15052.5352687916
7.99926262541,-19776.6839845951
3.05643586615,-12845.1008779198
7.12459135148,-13250.9189758387
4.56024776828,-12466.8561349898
5.24656062667,-2084.12947091398
5.12664025656,-15419.7705963548
7.83876249688,-18418.1965345867
4.26369169224,-11850.8374520635
3.82320592774,-7032.91983669169
4.73963042882,-15298.2953997187
7.87261507259,-14971.3169592009
8.10636450147,-13809.7789546899
3.51812355471,-12983.394134927
5.30301866791,-14631.6031532475
3.80659285944,-10712.3404464055
5.31146780746,-9139.68464516258
7.3509046696,-8699.71381075265
4.13610431922,-8269.7574362294
6.86655243798,-13796.3041602158
4.32434771337,-11758.2594582687
7.47641816091,-8101.6038256954
4.91519306819,-11457.8046056598
3.57240045813,-9681.97797448408
4.20633753526,-14058.3181144673
8.15248884284,-11183.6027810119
7.56236373259,-8478.14540995
7.99483698186,-16247.5106271462
7.91819553866,-11487.5887420865
7.6938906124,-14306.1477338237
5.17214051061,-12734.2030635659
5.51766626062,-14579.6238204792
3.54847982523,-14059.7949299737
7.87985640704,-11736.2152955752
6.19391569643,-7334.58597643694
8.1084225263,-8659.22332304538
8.00439014878,-10491.6422674231
4.64705521601,-13901.3134152091
5.63364383572,-13081.5221230667
8.54163538114,-12448.8873670382
5.04205069976,-16511.3541852891
7.61098968876,-12191.6989471449
7.8746961221,-11195.9208139594
7.93657838858,9472383.06846006
8.06237143125,-11759.0653577108
8.39287986215,-9929.64578636758
7.9870483245,-7156.27726674806
3.91421299564,-11154.7087073633
5.73957058841,-14919.2324241221
4.27787204639,-13077.0916929912
5.14065267706,-8474.98604088213
7.67340706797,-12538.659871177
8.53585971024,-4263.27169035506
8.32711882275,-12852.9027362226
5.2646159475,-16503.3242258911
7.67392201206,-8880.05324499963
7.99203824282,-11148.5839538065
3.76980479867,-13813.4668191382
2.84738486606,-9040.31215170824
6.88983006244,-14654.1902025272
7.32386573884,-11108.7591824192
4.32200569976,-13336.9269827803
7.66549742084,-13016.1831024842
8.18505990103,-12412.8484724555
8.16698261856,-13706.8072748494
3.09471095856,-14269.0939214475
4.63728955484,-17082.5160824172
3.0592585814,-16235.2307303984
7.95733976629,-1696.09174838565
8.22525252675,-9075.97651320112
6.16980341148,-9355.95626871008
7.22041766086,-12336.0225262813
8.37321232301,-12100.9514527615
5.85229683086,-13984.7833212078
5.32549241767,-12961.4213366188
3.62914229783,-12511.3256400094
8.07189658428,-8323.85131173147
7.90096259965,-10255.5627234526
3.42354858381,-9819.12698902629
2.86214167329,-9277.16830166326
7.99850147092,-13206.8153740661
7.75289786545,-8633.92230351153
7.79388729855,-10588.9329740949
5.11272282292,-10313.108197047
4.40801631437,-13102.0468684627
7.88315370183,-15988.6556873118
7.82447292861,-13048.7362405079
7.88807585507,-13518.725990221
7.99664940307,-11191.1303494419
6.52054488592,-12587.0845445257
2.88143349713,-10736.5656987321
7.16795738351,-13006.4258972533
6.22892735539,-12421.9982795711
8.21355997147,-8441.05021513404
4.01402890318,-9842.06589278317
5.24536691289,-11527.3834677815
4.81523903637,-11085.8581398636
3.21425664249,-16928.4752065155
7.12210654868,-15299.7335919311
5.54721308313,-11533.8978131507
3.18035319467,-9770.00678385049
7.24708953178,-9598.12769415
7.62496183017,-9075.3305921936
4.63000413873,420931.092386252
8.13977908596,-9604.87413638395
7.04107787409,-14525.238127772
4.47000354227,-12821.694410974
7.93845826859,-16104.302614243
7.91979011185,3948807.9897581
5.50179816372,-11675.1910248264
7.66252865075,-14030.5296747877
7.08124582335,53072414612.8536
8.0081746687,-10841.0660130998
7.87462439321,-9497.04294081825
4.04096806756,-11884.9561571192
7.7692298839,-9180.86021628721
4.20095097479,-12187.2781887227
6.34525646333,-13775.6132263515
4.00204280159,-10522.9606418736
5.65570530206,-9271.93933783426
8.04140691082,-11235.898118429
7.98445685494,-9596.30305606932
8.21684880257,-8972.20771352363
7.8334087454,-10123.1293138371
7.77582342074,-11507.2829964728
6.9086824647,-12927.9424743824
4.28843638465,-10710.4701854785
6.18483575623,-16522.0001087291
4.75683628761,-14430.702565984
3.14461595495,-12511.8359350807
7.94504477308,-10334.3046255194
7.29478615136,-14333.4657607322
8.15946707915,-10023.9070025902
8.31367989902,-8824.63681457598
8.26271932078,-8746.66759314068
8.01221178384,-10378.7316022839
4.36950448066,-11458.8769515246
6.71193925534,-5312.49997869379
7.77135256556,-11786.1794648816
5.10647239354,-8557.33800136647
3.21881125112,408.168224155688
3.82094900188,-8833.26654106135
7.99997169968,-8886.04233865647
7.69576276817,-14036.1552237101
5.22457396148,-7723.88739133041
5.28232973574,-9257.85519656118
7.49321251249,-12202.3592676537
5.7967619615,-14764.51071203
4.70744632271,-9643.94660078623
7.94385284621,-11361.8464506014
7.5136208398,-12062.9545084894
7.23805763216,-14644.0264906801
8.51804320845,-10894.1895913992
7.85385028799,-10915.2640114676
4.06613024472,-18311.6683507214
8.23113261395,-11708.7143096733
5.08701737713,-11536.3033114713
7.64065809276,-11997.2001767748
6.80511180069,-8951.80378428275
3.05341959806,-9153.04066328544
3.66667637662,-12666.3033993505
5.48642055459,-10666.3133364118
7.82185463836,-9707.04279312576
4.43803658507,-15859.5591522652
4.58152646219,-11325.2381820165
6.35907500953,-11591.1299380694
5.96660353453,-6995.91325015093
4.06318320616,-16293.639592098
3.59123243265,-14024.9728849434
4.52087273012,-10380.361839322
8.59696353831,20329.1819900837
6.77775149291,-12156.9620891451
4.54465592562,-9766.04127215105
7.00605238724,-13377.21628525
8.35120769946,-8160.8991704666205
8.25721752705,-12458.066461212
8.13840514953,-12169.2836446538
5.41330727187,-13598.6895939278
5.17199324308,14538628.3972173
3.80291677042,-11507.3507586024
7.85223561688,-7777.44413507775
6.99377150931,-14091.8698993502
4.59815444371,-11213.2622228067
5.05944429624,-17113.9672046634
3.39836293753,-11805.9001021936
7.88776523937,-8887.89139173788
5.0368951653,-10043.3831763048
2.64462218267,-14044.458892729
3.8077090559,-14996.0352286704
7.23379520279,-13142.6865606864
8.21665189328,-12243.8784406617
3.19382734716,-10663.1962995212
4.23979512555,-11257.3804251184
7.90081888183,-11192.3251988291
7.80979688067,-10547.9360250208
3.80049144294,7417.07479275136
7.7325489151,-14419.4785528938
7.70462391967,-14909.8008851179
7.79678244156,-13806.5660507351
5.83644646196,-10846.9368202399
6.61268018701,-16470.3413160413
4.01176157328,-9416.83071980897
4.47709738746,-3695.8681711958898
8.14614116706,-11435.1962785422
5.64363357283,-12448.580769349
4.19546843753,-7265.10258481264
7.81491162771,-13565.438183458
4.76808125952,-9823.95266181893
3.84530633305,-11950.8925483928
4.59866561824,-11013.5734023329
4.22139884191,-8766.19071758479
7.50805164681,-10533.2893255636
7.28137497999,-12188.7845310067
3.3535073392,-12222.8368609429
3.77076986454,-9421.1937648856
6.0893348696,-3848.10280792396
3.96476076516,-11692.660750558
8.37927565,-11096.6176737127
8.29757150272,-10325.3230982888
3.28042062655,-11936.675173461
4.83870052443,-12415.3442775853
7.28714506098,-13510.8643096604
8.259003864,-12337.6503000164
7.56852288209,25156.8114441441
4.13301337385,-12937.1429139356
4.16794570626,-19122.2590441918
4.4031204175,-10436.5485420257
3.15933389125,-12070.3638301562
7.40641240342,-11260.6513863687
8.04447057906,-9270.99811775556
7.67692334912,-12497.91753041
8.19948692812,-12769.408159165
7.44396160058,-11920.3606344262
5.43531347782,-12050.2435639483
4.60315037837,-12141.7155112637
6.79695163211,-11292.2472023049
4.45407866399,-10484.7584537147
4.34309859981,-12396.9293398384
6.48891876831,-15004.7314300665
8.29839530105,10674.2496516564
6.08120807825,-9832.41221884105
7.79024496063,-11100.9232462023
6.25246924877,-13878.448080366
3.31511202732,-9755.12701405991
3.81168534697,-12105.3449485256
7.82747556922,-12373.8029426159
4.12537465235,-9409.11993126627
7.67824040389,-11209.2511338131
7.25099749279,-14101.7144921937
4.14996119785,-12914.0939212883
4.58496350156,-9036.86672778572
3.77959504477,5238.14772739267
8.39098023366,-8840.77277312591
8.47516803641,-13599.6925902998
7.39000486097,-13693.1221661641
4.52399860157,-9549.13045406503
7.89996338055,-9340.42280904475
7.39975068848,-14307.587112978
7.38860427245,-12357.0224474352
8.06214952923,-11176.880112658
7.59607842985,-11477.7456536754
5.48781940813,-8270.53105082482
7.47379824452,-15521.3286439372
7.68576084703,-12025.4647880536
4.31744791188,-10134.0039420393
7.84611029698,34611189774.4523
3.62811546198,-13738.4247398881
3.61405432204,-13023.2400655059
4.94506535353,-11972.8971286804
8.07317405635,-11944.1682910479
5.6211833469,-8765.28013332722
7.75558328981,-15286.7584083507
8.31192241637,-10829.8565193783
8.07996928174,-12677.3989071998
2.68484374899,-5981.06528464682
7.98116615181,-7047.3301075917
7.75838496066,-9889.96924946009
2.9250303712,-9440.56671914485
7.688799651,-11286.9848051881
7.28191071233,-8193.08451426799
4.62863614055,-12521.2931142202
7.87332881268,3577291336.71493
4.90487250538,-12676.2105520909
4.13561804652,-10275.9714356943
6.12639210582,-7229.09057569274
7.70904195284,448977881787.044
4.63009277678,-15011.4796324188
4.65376109256,-10725.511197117
5.56395868178,-10040.1704239796
4.52368691759,-9740.6414464161
3.73952646067,-10820.7460980053
7.79945001023,4430258006181661.0
7.71956411521,-9650.88418220569
8.12507961491,-17930.8206726932
3.54095756036,181061027.340301
5.66284589348,-9321.3982575593
6.41783759333,-12809.2366994269
3.05827845513,6.33905177184088e+18
7.90076439175,-12632.2944683055
4.14123023722,-13490.2575700501
5.93585540945,-11354.3086774508
8.34259174172,-10375.7124808739
2.94058294356,-14357.6132875386
7.99072969574,-10468.3219622837
7.65608158613,-10542.6560304052
4.75031134526,-9231.5870261687
8.40412269033,-13609.7810455273
4.39004591785,-9068.45308223376
7.47222127935,-13484.4465777119
7.94358449614,-9796.28791968115
7.72751589541,-11514.3162815496
3.22442049547,-9022.86919212528
7.12164533798,-12157.5896670787
8.07376953506,-8733.96145947489
7.77775400634,-12693.3638356198
7.90929604762,-10775.4907401954
3.60155743864,-10859.3392978331
7.76428436943,-9224.37624918276
4.37569317487,583209.220267803
4.60186809253,-9268.42284047561
6.54731362945,-6853.58982911042
8.12821007912,-10562.7181897702
4.61265129667,-14279.8995897514
5.59738941544,-12138.6175145881
3.65308505616,-10500.4702748547
8.36924178816,-8721.96093893012
6.00147297743,-9498.47648303486
4.78300974497,-11751.7901162021
8.05220893176,-10738.5063135043
4.9680100581,-7243.5826633107
7.23275036581,-10115.639700624
5.13950738704,5950533.07012747
4.04664806088,-11600.7121373961
5.14051964521,-11469.6101798501
5.13936780279,-12228.7659632686
7.24417104454,-12149.1551196428
4.85360292812,-11467.1186350813
7.11271920831,-10912.7828737883
8.41387008531,-13724.9341329627
8.42510114747,-10404.6141880367
6.7635594042,-7566.46545953113
4.94127087898,-10902.881613864
7.82963793216,-9256.09472802316
4.31607337935,-10279.4210882198
3.7014469813,-12383.7804744391
4.55514336861,-13865.1525172735
7.51005231952,-12352.5001784897
3.81128406866,-8661.95043755092
7.91780901928,-12087.7929145394
5.06217568163,-11647.5716747759
7.90798741823,-13285.4099392881
8.23567131796,-12942.093591994
3.70432083749,-5298.43005811882
7.79993919944,-11439.5818389623
8.15235693703,-12922.6038593213
4.8745364284,-9696.19008656994
3.52638224451,952670.555734545
7.00854599841,-14296.1283002386
8.12520591182,-10809.1400359589
4.08764442304,-11656.4386206847
6.97408226263,-15904.8340753659
7.63026833231,-11036.4383609486
7.81492053967,-10982.384414562
7.83911277384,-11109.5928845518
4.57160667601,-15363.859150333
5.50790032566,-10984.6002376524
4.30580562931,-15435.057826995
7.71118731448,-14805.2526485917
7.60862021359,-9916.09599135133
3.97863871467,-16326.571454402
6.05598240519,-10472.817826799
4.47655151628,-6856.68806011046
3.26769753108,-10541.9636441495
3.5528190443,-11015.8380757067
3.43515955863,-8893.88263083565
5.27169527376,57095420273592.2
3.84412241527,-12855.0919304297
4.35229766726,-14109.7104004918
3.82570966355,-9409.04054191386
7.9863251294,-18378.3164091574
5.09164201438,-11793.0181190109
5.02129635635,-13510.8535597991
7.77304875738,600918.900014926
3.33104941362,-12694.7853451442
8.00314089403,-9113.16787005815
4.6270026777,-10285.6099521145
3.72217965618,-14775.3462637779
3.16732884817,-11624.9941591693
3.90467330423,-11116.4989683049
7.61072542994,-7701.15134645064
7.15056582521,-9674.17271632497
7.70827351415,67474848.0806823
8.22699474937,-9872.15763016877
7.33182463125,-13547.0757545083
6.41285867369,-11313.7269759319
3.36259057805,-13365.9898315732
7.95078616197,-12195.7572394724
7.94032945247,-13660.7916748945
7.87314821357,-11062.1945519485
4.06136454624,-13853.2145280372
3.89351560134,167601760.990118
6.88868851559,-9419.94439879883
8.21063301998,-8257.14292570547
2.75954354066,-12862.0514587667
8.33986008811,-8710.02687655788
7.55852338524,3.9984729500993104
7.68815578309,-12690.3430811835
7.52299575149,-11821.9655978185
7.96894910736,-13958.3259412041
7.78546100873,-10729.3814659441
3.15515000043,-9599.37466269351
8.36309131154,-11969.502547403
4.76876990769,-12033.1713197766
3.51346527826,-9760.69203042985
5.17447978437,-12125.0562961267
2.9865157078,-12761.6103063832
3.01834167752,-11786.1596887029
3.89355796098,-9389.57416705758
8.35863760727,-13375.6424126214
7.45726310542,-10027.5163916288
8.32949573053,-6712.07607425975
7.7781993229,-11184.9216575296
3.65201992063,-8500.14651881751
7.49824507373,-11163.6783894128
5.08955812799,-7973.53006323228
7.51928684148,-16964.1817910569
3.1797434199,-11400.6037966761
8.16298133542,-13146.0840381343
7.21028352509,-6873.35922976064
8.20167107957,-10784.749324399
8.30036315281,-11114.0199787661
7.48659531571,-11387.1801696392
4.81153375822,411981.410283781
3.30306366566,-11024.9476381938
7.62096554811,-11313.9027672603
7.59806188344,-8959.2778509164
8.12259196146,-11794.3270309876
7.57916094149,-13742.1462232465
7.73196278707,-3395.65293144188
7.93398602923,-10680.7780374286
8.41163608151,-14556.337777909
6.45377117999,-9895.16688351923
7.23291673881,-12456.4489237473
3.96886231077,-11368.9651361202
4.35302622917,-11795.1271383359
7.75701742119,-9230.80051839631
4.09139340582,58033230.4361852
7.67106343719,-12736.0037377719
7.03295413058,-11687.1480428255
8.04579615789,-12386.5851997956
4.5438864636,-9958.64799012699
7.48151312141,7.82411443608213e+16
7.10602572269,-10563.8162096548
4.77729316412,-11158.3793091506
6.38892721961,-9270.02364721921
7.00227730963,-9409.91581090146
4.41885450733,-12194.4328465703
5.35748754007,-11312.6733107369
3.72949394853,-16968.0566418654
7.72853296774,1377013.02852288
4.88957679776,-8040.42371781437
7.59162289631,-10910.3545745418
5.60527412086,-11053.7096630099
8.06938855033,-11320.2143004897
7.09498128165,-11214.0424305894
7.23165662684,-11386.2626508344
5.54869792762,-12277.3748132046
4.8788538746,-7701.46408797315
4.12188419456,-8145.00143718628
7.63677437078,-11199.8198754439
7.91837144947,-11176.3798737747
8.07508907239,-10757.1570318097
7.74984545661,-9510.14202509642
8.58163649226,-11569.6907470094
7.55234197779,4259413524.01205
6.11121968505,-13860.3213922452
7.6359548481,-9505.29296088397
3.54243816494,-14710.6869008055
3.9039941477,6817.91853716254
3.69112044758,-12165.8140685354
7.72656313798,-11727.3088833646
7.50957438304,-13496.0040136415
6.92623785621,-10312.6287445289
3.58838662063,-10889.7324453581
5.18852190273,-12614.1806663794
7.85069039714,-12815.1930211534
3.67790347513,-8293.40034113182
5.07601160933,-13554.6229187856
5.17032044189,-8822.27513079339
8.04837979459,-8419.76280703693
7.3136746718,-10981.5782336038
8.03136573376,-14472.656771805
6.88366569227,-2040.04933100417
4.05452356334,-13143.1718893504
4.63394590048,-11664.1639273805
7.82500443934,-11599.6518215727
7.84189631707,-12180.2959603139
5.54942796972,-11059.3574835454
8.34122450506,-13152.6472733064
6.99571403853,-9903.52758823053
8.13570305639,3.12791108076152e+16
4.77431096087,-10263.7285038498
7.88534294914,-12595.3167113781
8.33206007415,-10586.0855400592
4.83515705393,-10690.9339581216
4.72748641398,-10432.5551241695
3.43075460702,-13172.2119876315
4.38529640691,-12103.3912168998
3.45466102827,-14512.7445677921
7.99147223493,1.35917614274365e+19
7.62027535953,-12107.7272354073
6.92108273667,-10288.7698843115
7.09596287444,-13630.3693973582
4.89766061127,-9038.14157864533
3.91533135061,-12059.8395851653
4.15441610536,-9728.58796007168
4.72299936484,293186.330460089
7.78935212108,-10679.2029635628
3.52532545377,-6994.62099055472
4.87047141101,-10714.7542071196
5.6530078205,-15333.1099774929
2.6901742443,-10098.6556863166
7.62482780041,-16485.6624207696
5.16850320486,-10104.3977287752
5.16744205924,-7178.55234351659
8.03246680955,-16087.7330151133
8.24469464532,-9529.14799856395
5.21269966963,-10810.991172477
8.14881576112,-11606.9506558988
4.2877793889,-12207.6404459632
4.51986879857,-9829.0539688894
4.17532658508,-12088.3897287112
6.42701660929,-13694.2664712314
8.09517807223,-12350.8943922827
7.75478513636,-14591.218456005
7.49565634514,-10824.9573749419
3.95897265987,-15066.8928310407
4.98603213387,-4178.94548111084
5.93782932027,-13943.8615814475
5.25762893868,-14468.8585246645
7.41760930168,-13632.6954188357
7.908639712,-12055.0809600794
4.49421228327,-13888.8042519026
7.6443407978,-14664.5479253823
7.09060898731,-12961.6695243197
7.98758785201,-13778.5118502819
7.62795133359,-15798.5011415168
6.3183195588,-10905.3625117804
4.79979035503,-10484.1809256823
5.01852572784,-8094.779277724941
7.57432348515,-11639.8070936882
7.79620711209,236297868.741071
7.32515750263,-11891.435390876
7.85852210789,2138.75951639372
7.02863578576,-10430.2977979799
7.62730027287,-12274.8825460162
8.04333643003,-6588.24278501181
5.57328870222,-12145.335340529
3.11413146075,16125585.5447543
7.36821185664,-10360.2202365202
8.10738451685,-9348.27001416398
2.91836820994,895.032613202013
6.8907755412,-14552.173231091
3.56435153119,131584.91698749
2.83249930762,-9696.15644710338
4.37118282841,-15452.678197341
3.24204268165,-10731.4410946002
4.08566635615,-9816.29831424344
7.97660056653,-10879.5448187299
8.63857209133,-14841.0632096074
5.40177626456,-7962.8040432177
7.29517622913,-12718.9417541863
7.70264197095,-10024.1888341617
3.32609391598,-11978.0759571408
5.60262681816,-14668.6615793063
3.8146530824,-13917.0193052353
4.76535097006,-9910.91074899606
3.79587018566,-11174.9399202957
5.63518675316,5911.21673255669
4.67602663063,-9968.1101803626
4.60373804188,-8368.19457488724
6.53241482999,-13530.7497775813
8.03481551968,-9695.25897276703
5.10460308935,-11391.8035643166
7.85158667826,-14841.3388018656
3.59602604213,-10835.9538966759
2.5340608829,-10457.2128970757
4.26312856263,-10239.2495180092
7.59990615592,-13512.6733525075
3.88881205528,-13156.4484623508
7.93368814022,-12541.5566683059
3.68422903917,-11550.4973693099
3.50661898609,-7763.19978287811
7.94156834226,-13212.4604415188
7.23355816945,-13293.8000957501
5.95950091919,-11904.2691648866
5.30296051876,-11148.5456960011
7.87309360941,-15398.6346466951
8.12908396417,-11400.3294043145
7.93005285962,-13487.9789624923
8.06628874398,-9682.6554387544
7.78198470873,-16174.2485543819
4.5109511596,-9852.95086018777
7.02579606321,-11957.0608850155
5.78962740299,-9619.69611768546
7.08305884593,-15440.6495255557
8.3879726221,-11453.7213949154
8.03860583064,-11139.9298047786
7.64472365861,-11398.4651382535
7.42394748713,-11161.6285223855
7.48170629962,-8301.09936459052
5.3389484403,-14706.8106692092
7.72293604115,-9931.41064896537
6.47745353054,-10879.9322680768
7.71682893547,-10065.1103308873
5.30125431674,-12637.3191326461
8.09880860609,-9536.98275584217
8.18053421651,291097534.723643
8.10618880107,-4266.01213454413
8.16543776938,-10115.4724408075
4.29939185099,-9537.7593499654
2.55885471158,-11414.5057117487
7.95845053569,-8633.91845657454
4.43275761458,-10914.1017229253
8.15832851435,-16945.6055692849
6.00575195137,-12527.3934550559
4.4487335667,-2870.37613470329
7.09152169524,-11719.6375529869
8.20325825652,-7518.69592993768
7.7116974525,-12493.9293337984
4.38413306989,-10138.3227988847
8.62718218851,-13576.435207424
3.78134825411,-9788.93680959873
7.75480105003,-16555.2825841213
3.54428361911,-14360.0816272322
8.28318307861,-9634.38571311883
4.06620645365,-9722.93086258736
5.1586563881,-12677.9142965701
7.93257488625,-11575.1314315856
6.32404924018,-8068.45258996816
4.25313944948,-9274.5114792682
6.75564149376,-16103.2544551878
5.1997559574,1278191844.50773
6.29094383669,-16852.6814241646
7.89521403319,-13365.5867174089
6.86847241315,-16186.3968565195
8.18604934975,-12192.8104587301
3.21206117672,-12189.9353220147
8.10350559977,-9983.17440000377
3.36208503952,-10549.3288084214
3.33429493148,-11907.1336739963
7.9000348336,-16172.7115240856
4.43286870833,-10234.6954358088
7.80803942398,-14033.7063951432
7.87770577461,-14381.1668300015
4.51748220799,-11942.6514928441
6.4640958764,-12431.2059958086
3.58669909241,6066177893.26142
7.911906117,-12502.2710724998
3.22625415202,-15577.777635662
7.79089831615,-8981.63691782352
4.79766057021,-8683.32617717469
7.95852679731,-8351.89188101291
3.22804077332,-12043.5668965787
7.72124179179,-11888.7745264418
8.09820327424,-11681.8262383371
3.84594151989,-12454.7617634936
4.36210557665,-9409.30047595868
3.24830060362,-14816.7515212633
4.6912690221,-13387.6200868002
3.52541331234,-13007.695736912
4.28846576846,-8561.27360061885
5.15911901862,-15713.1621173416
7.93383310314,-10615.3023725531
4.73479154483,-10148.7893475303
4.19913986385,-12853.7135455328
7.58057208189,-9165.22446837084
7.949257614,-10434.9299431804
4.11121851641,353367774.687439
3.81595590463,-13163.7025398049
5.82482610546,-10374.0285855181
4.41113977596,-9298.69486164223
7.94687411521,-15874.7794828327
5.74652383908,31469.0085953565
8.04368670341,-8734.10141880085
3.22099860652,-14200.4147684829
2.78342214284,-12424.2453868169
6.94401323426,-16416.6549792675
4.79984482782,-11200.2145607632
7.87951659203,13147148324300.8
7.17171389518,-7641.10730323255
5.95471600241,-11713.0809337648
7.91542427064,-11790.9436668571
7.64886826534,-13672.3645837981
7.74685057502,-11655.1377701412
7.20803614929,-8401.25597709074
5.19885775848,-13882.8107826485
7.14156414444,-13502.0642423206
2.96998378522,-12298.3751822974
3.53118181108,-15448.215810598
3.33234861978,-13100.203884872
7.905000176,-8970.0080773631
4.98699396392,-11088.0713490621
8.15404539788,-7716.84227626161
8.14997169379,-13291.0709217496
3.6048354837,-11344.7126582732
3.97294322425,228424.004092925
4.12745457104,-12454.4876542748
3.77785684868,-9271.82981201053
8.01194941834,31541929.5828159
2.88393341287,-10479.1668911503
4.03313537331,-17148.1394796205
8.2946603545,-10750.4499650823
3.83358798101,-8562.61781855726
7.09166907684,-12810.5655735503
6.5751980501,-10492.9502083637
3.88309871859,-14424.3242003473
4.04176867418,-14151.319781779
4.97583289152,-10108.6466353622
4.24892809922,-10158.9675912072
7.36083597047,-13037.0292082724
5.36483532832,-10053.7233743314
5.07949363821,-9277.75074566387
8.44138079539,-10650.8087087899
7.37253064031,-9683.81555257749
7.15384638658,-14766.5092021094
5.62023873993,-11177.1829808857
4.37397096702,-9094.96115390671
7.41503631498,-16792.6178066171
7.95661525012,-9421.28684424538
7.97788045266,-9384.34679952911
3.93228320808,-12912.9839307526
7.41209865519,-14442.3342441952
7.62470391378,-10356.7547241571
7.35699294835,-7264.14733555904
6.43738375977,-13821.4979360849
7.53341198564,-12367.1511404513
3.79010200767,-12295.0848582155
8.09939449263,-14104.1134972162
8.13037975001,-10121.5844934164
5.67953779662,-11738.6739041347
5.06252361648,-13971.1532572523
7.38275337164,-11400.9344750559
8.13744235616,-11961.5492614031
4.40036075583,-14664.2893143015
7.75069476015,-12722.0784540591
4.44442807274,-12272.5803322136
4.17263372424,-9186.11140315436
8.39873173424,-7779.63929531977
8.16168996615,10624.1561284835
3.94388763024,-9976.85167539129
4.89863485321,-8503.60391161016
5.97505862063,-8868.76031508902
8.17359115092,-10227.525815931
5.83223459475,-12581.5518747714
7.72488348066,-10957.8893617453
8.42024395258,-10346.2256260072
3.60376036451,-9864.54351364038
4.50048575556,-11657.1154923345
7.52325837291,-11493.8196822732
3.43462056278,-5901.1358004761
6.54058108373,-13884.2672483133
5.59228892655,-12897.7886702712
4.39712438805,-13192.703481781
5.38319852232,-14543.5751621576
8.08898430885,-9837.13427616548
7.44706002539,-11080.4643377065
6.59092200312,-3599.44147810943
7.76256565316,-12257.041699706
5.91388229226,-11074.5793690553
4.84120921589,-14726.4822854028
5.13536446243,-8878.27886336496
7.96126663048,-12328.1684424523
8.05586766659,-12452.8212638472
5.79999194283,-13570.7838423297
4.00935427092,-11760.2110257334
6.79132626865,-10674.6563722108
3.28671550457,-4594.34124408408
8.22060225364,-9608.93751682384
4.39155232702,-13863.2996715638
4.22743833793,-12744.4449647099
8.06163545967,-11728.2320239642
8.3698620395,-10819.701579195
3.67256315281,-8252.8618039429
5.81089956744,-15790.8918549051
8.04163210835,-12981.9838418427
4.81604664765,-9367.59070015882
8.23196898339,-8696.01494104588
7.78412962599,-14715.82417944
5.113310462,-11226.3383140556
4.20240707429,-10300.6804196836
8.03799226762,-12651.9073076574
8.02596459609,-9133.97513978715
7.23337041576,-11254.0507158844
7.38626536729,4421198437333.29
3.21058596098,-12222.901430927
7.0383008243,-11804.2701071875
4.4945701721,316112.973657094
3.48842089111,-12935.7179035461
3.7313626841,-14320.2174732859
4.24518920138,-9546.91448137949
4.31888362278,-8891.5538914147
3.73761174522,-14702.1387252597
7.37509095251,-10468.8122094282
8.10279181517,-11631.609752241
7.60718952427,-15052.1716551525
7.61697837836,-14155.5883124304
7.88391203716,-13976.6311924792
7.20511387231,-14042.864522754
3.17973267127,-9130.9880090669
4.51929707537,-11273.296691874
7.43913373261,-11700.262045104
7.73199453294,-10404.9449455109
5.19764328148,-12368.4515420679
4.45931325064,-10250.8100219271
7.57638476742,-15218.1462408163
7.51705599619,-9202.83307287421
7.79560678814,-11112.2697800367
3.91235682773,-13285.4332494947
7.81897366897,-11182.8502910484
4.71467584489,7450087.01583136
4.88966517708,-6305.87251828117
7.67299389794,-12370.2467018651
2.56360679936,-9539.76446212915
7.91823353721,-3422.26555856147
4.63096110288,-8867.02147195753
4.12437166204,-14676.9142434578
7.96834801896,-10211.1803632688
8.3767797379,-11202.9478507431
7.71233557384,-11395.363445016
7.82721620952,-15844.3662244396
4.04025783942,-10199.7119769136
7.89923687565,-10688.1822531008
7.32808102028,-13989.5176906128
7.99688217864,-8645.06392475147
4.32312710287,-9440.99269009069
8.13471474811,-13347.1456064972
7.878336864,-10844.7930453188
7.74806175458,-14112.6476546941
5.57432169506,-10486.1808191416
7.55136356522,-8139.64238021554
7.99606240678,-13200.1220336169
3.67032269649,-13828.4003531831
3.75520354501,-13339.9694360937
3.49399957529,-10896.0039485888
3.77801328427,-15551.6074323433
8.06361643365,-12078.2038744896
8.01478231934,-12756.5346632526
5.2934465033,-12391.5924400267
6.22381703452,-4461.92522404227
5.25592258588,-12516.2751326872
4.08499468378,-9251.87223040859
3.67015726522,-12150.3837225592
8.16919626809,-11351.0490554279
7.69592779552,-14085.3808501847
3.81409923336,-11922.3694205863
3.29834416506,731.395622421414
7.47826572579,-13559.8082039091
7.70198771305,-11491.5996158133
7.63307795838,-12437.4349990142
4.87092322569,69422811281560.09
7.0600778244,-14518.7982308703
7.6368685597,-15123.2030260332
4.34668550347,-12314.7310347549
8.16282834472,-15512.3307839711
8.16344055868,-1553.84058029023
8.59451709836,-12539.5995486313
7.78844781902,812594662.777279
4.09684958074,-11096.655695341
4.67110717862,-14302.4327028674
7.61290017174,-14279.6005957236
7.85853032026,-8634.13626803189
6.79587308183,-10574.2172650545
5.12952005646,-10234.7236214876
2.98879792648,-9588.78165728911
6.90079716964,-9800.68275931072
5.89723125637,-12925.9488028784
3.76895858673,-12060.2394143819
7.68212383839,-15040.7470008609
3.04325567521,-8760.40053282205
7.35925088608,-14180.1054455377
6.13102558283,-10664.6249012607
4.91690905404,-13027.2196963132
5.14262124007,-15730.5689832369
4.49306585438,-13241.658705757
5.42949174659,-13721.4312264422
4.73897660149,-9708.17786730646
7.24483999419,-14270.6431434928
7.51110024666,-10557.2031458753
5.6790888934,-10471.8124346497
3.59406140243,-11453.2797770024
4.39002389074,-10855.8582762492
6.27630993494,-10292.9310856562
4.07145370989,-12646.5592535209
7.92617954717,-8232.58189294131
7.68713134622,-12726.5647156611
4.57067451481,-12276.9916438198
7.66463791723,-10890.033664556
4.66761701314,-10948.5689441688
4.84653359169,-9708.80537309602
6.70879797101,-14080.9976011086
3.42212382681,-8631.75306946561
5.16241365099,-12881.8231981222
3.62218437319,-12525.7636577275
8.14648649131,-11748.9973481812
7.89223679142,-9938.69539822074
3.62866896543,-9884.48672140668
5.65943752383,-11553.6786309629
4.76778618569,-11998.9344737949
8.31814735723,-9686.84608536984
5.10572192823,-11355.8057031484
7.79542664505,-10906.9153345859
6.24009047765,-15437.0876700598
5.68727822025,-11575.9060538058
3.07808174365,-9403.39773635228
7.76189477748,-12384.9677912874
8.2371540798,-12961.5255840015
3.54875333968,-11642.4531014852
7.88778609406,-10788.42358863
7.82855007608,-10391.6810819591
5.22345916903,-9819.3524940243
7.97390002851,-7795.40117981093
7.63591187186,-13017.0835609034
5.88415622574,-15276.420337568
8.03350111052,-11788.12740548
4.70223492764,-14647.4948106347
3.14818194233,-9732.08930660543
5.9706155624,-8628.48503156321
7.2592619415,-11954.174897971
5.10167058288,-10929.2589986149
3.90252305547,-9273.52162982417
3.39346319881,-13710.6142986619
7.9521044984,-12542.3036751352
5.21672219086,224812.10322183
4.49487552129,-11338.8494171557
7.89413795031,-15185.9913871193
7.11314501014,-9817.99379734871
2.74223771579,-10634.9277089074
4.86163315151,-10389.2063448205
8.48928106726,-12478.9300540151
4.84474477958,-10842.9321393774
4.32801539593,-9240.90211031196
7.60433418724,-12778.7653153584
7.50620310329,-9617.06530084911
8.23834551789,-8667.44938163263
5.086602713,-13094.7646444984
4.92592006627,-13083.3193234138
3.55515232424,-11978.3390848588
7.99586794897,-12349.8323944145
6.47956116994,-15342.4128158336
4.1254393567,-15671.7711754373
7.45002391966,-11396.4930231477
7.21571759711,-14513.4014389251
4.88599396175,-9754.55439295363
4.06858250977,-14332.1358568332
7.492106812,-12499.4762042602
4.2977816529,6616956.70411481
6.7425439238,-12364.9034439777
4.66555957459,-12418.4579772448
4.79024997944,-13105.7613148745
3.17318106536,-12765.0371871236
4.57344583602,-5420.5786773477
3.45689187636,-12701.6167782404
4.70146988645,-10467.8635269677
5.46628578491,-8512.86387253458
4.36660979607,-11468.5518994955
5.1047679195,-11488.6299233926
7.22991196906,-14158.4152064783
8.1635247122,-14354.701837163
7.7856508641,-12990.7957327049
7.25404921797,-14786.8365607019
4.33897263905,-10614.4885014052
5.38071273609,-13276.2021861631
7.32059295341,-14778.2450474585
4.46710305167,-12557.7704030791
7.86533948283,-12129.5739507819
6.29494171907,-12451.1212594477
3.16451807259,-11169.7309791377
7.5063185417,8940.73101428281
7.81606275562,-10551.8264585339
3.538865997,-11102.8425804176
7.96978565161,-9374.39906811857
4.51854312516,-11356.9387891018
5.53696830329,-13148.631300084
8.01946926416,-13197.0154297426
2.78776320658,-10419.36750065
8.11116819597,-12285.763231188
5.22411882122,-8591.43600199226
3.13542533923,-9097.43512602098
5.43647954636,-13222.3272949584
7.33507794808,-8870.72268404721
3.4829801448,-14074.7237577898
4.49256038427,-12878.9694930511
4.61139964208,-8759.05207666919
7.65801645015,-12172.5185472273
6.18318500815,-9501.75140567596
7.46684137185,-10187.5942875881
3.51990147396,-10842.2524648399
4.02320029633,-9061.93250611726
7.04375034891,-13331.2274875732
6.88050669564,-12557.1157854158
5.0251403511,-10427.9540014271
4.16413533266,-15891.9531575269
7.83653987608,-14639.6411319862
7.16113502305,-8743.51311973424
8.01934484517,-13451.6515817341
7.89820395052,-10913.3933506711
3.3976732602,-9012.36816351857
5.1128068973,-10024.3545078881
8.05117289139,-9255.864030993
7.77316384353,-13612.8144352169
2.96343642814,-18422.0856511224
8.08626317343,-9442.47142183468
4.27836128887,-9935.4561883857
5.38117452922,-8418.59667489219
5.38951294704,-13544.3451230922
2.91991465059,-7989.51401388827
5.38455045025,-15233.9026512453
7.52949163738,-12200.8181917644
6.19705439064,-12139.5033653937
7.36310251465,-11550.1563180697
7.53934428151,-8545.7544455807
4.88626241218,-9084.19189299458
7.82240728117,-12179.5735914526
7.40380660202,-12325.6926639615
7.74233669172,-8611.39944588622
7.51552310266,-14893.2501342551
7.5252689054,-15504.272551849
3.07968046249,-9827.50443659991
8.08892605777,-8559.37885070265
7.55668926019,-9440.07029626796
6.49138144715,-7060.0759575162
7.9591646445,-11836.1455794888
7.34100806536,-13000.5175743302
6.20980713859,-18423.2272519523
7.82203796899,-12722.6400063721
7.82426101711,-10621.7900826144
6.91074241035,-11870.3201743725
6.91197194516,208.679803118315
7.5145097931,-15510.9909447802
6.25712835742,-10411.9218137724
7.79013311231,-12433.1381006283
6.91264673527,-7501.52534172155
3.18250601287,-10181.8680895583
8.04305284018,-10757.3788174981
7.73249784628,-12985.9869264375
6.25606331514,-8729.47184689213
2.96619879721,-14626.9700212885
7.99681154132,-4021.72972488068
8.20570381171,-13163.2169226176
8.20282666777,-8799.7221058745
3.28516527522,-10914.3527716463
7.48432351139,-11751.3509768702
6.05081603679,-14366.6707640717
7.91674599319,-16175.6846909334
7.85594700588,-12765.4003795853
3.94205931451,-8414.4262106145
3.77516774887,-6378.13261785154
3.38671564596,-18508.2704080783
6.44003375804,-12606.6082587678
6.16468211294,-10116.593659706
8.2374370365,-13201.0074919544
7.04367963777,-11819.2344862849
7.82474970432,-15207.0379461317
7.65416444077,-15395.5049230679
7.96864585333,-10810.0909590608
8.09779421662,-10490.223642622
3.7658412006,-9985.54031922622
7.76044622234,-16956.4730213683
3.73194196311,-10651.9057919323
8.30681886057,-11394.64490017
4.11007508683,-9029.53359823083
7.82445910726,-13043.2543796492
4.00488664914,-12622.2932365091
7.05089943068,-13736.7553210436
8.0813469369,-7956.38214199252
3.06849275861,-13747.4714780434
3.20148623167,-12630.0881823465
4.22908204,-15346.2791339935
3.91050642221,-8247.99108455336
4.66051081775,-9964.94414159706
7.90421593858,752580661.740562
7.53503124872,5237665737340.38
5.67065890256,-10337.3339171452
5.26300870194,-5177.75875830704
7.41931717345,-12680.6832709585
3.6356130215,-10827.5794457869
2.96881113707,-14085.1140131339
4.0187681962,-5400.89923675036
3.06174275241,-10016.0553100519
5.6003885034,-7457.14436318874
7.39559988959,-9832.84827556715
7.74415168292,-11808.1128866708
3.38618743352,-8028.79707439696
8.01808506874,-9869.86583534772
7.8554939828,-11811.768404211
7.71484254026,-11711.8182765072
4.97351853319,-9326.94583726165
3.74416171962,-12736.7479022465
5.10729397392,-12301.6973212673
8.0008569558,-10522.5700351725
4.17332616909,-12133.1071668639
7.11052338608,-12333.8109155663
5.24040204628,-8110.11345381508
4.32725149542,-11696.0583713497
3.97493184542,-9585.52730328887
7.52511282778,-12328.3068928959
8.42998202371,-8567.9655968331
3.53085396192,-10488.3472452958
7.87620122049,-12628.0656011048
8.1247313602,-12129.3454091897
2.93231372952,-12337.5423299668
4.2007676651,-13722.2355230364
7.63429156708,-8047.413798246
6.31212811535,319540.231928177
8.01597470694,-11763.7663285495
6.25440783603,-13121.2387126188
8.4728351262,-8384.09876668431
4.22263442229,90214.9996669012
3.59135180345,-6147.70016894217
5.61753148373,354276413.338021
5.72117536195,-10347.6463372807
6.68667834211,-12885.3249253316
3.86181102698,-13422.6209653647
6.81395731464,-7674.64672101651
3.83330717159,-15433.7207668977
6.81318591868,-15879.9775547204
3.4032577307,-16601.4789444564
7.63674943205,-8435.94936971569
7.51733732713,-14666.3762786248
8.19447172536,-12054.1824553301
7.96049900132,-14708.8753565716
7.79350473278,-13802.8440073998
7.18389866037,-11038.6456380256
7.91336606628,-13143.2791384364
7.60941732121,-11803.4360505413
4.40241193717,-12641.4191642732
5.03836675785,-14860.97851241
7.80921184008,-12440.5624757235
7.68294537887,-9820.97417337615
4.64118700817,-15262.3554703289
6.1094891257,-15563.8601287507
7.67229731749,-11867.9516029752
3.68234927817,-13471.9105122572
3.50537706988,-11555.0609032471
4.61674578879,-12463.5635510659
7.69148092193,-12096.0268432095
6.73569579799,681124.099568732
8.24823993622,-10810.5844374372
6.98713046055,-11584.6935027801
4.30945593937,-10808.2357790596
6.41657172938,-17139.0400361207
4.068195796,-11761.9239717781
8.28403119408,-10722.6890826932
8.25124668156,-9858.70569722403
6.01327152934,-7277.65325597867
7.92575594326,-14815.1858693438
3.49707847296,-12163.6896459405
4.58269853319,-13020.8248449933
6.1961103803,-9181.09473571568
6.79438497134,-11196.0859753166
7.31661461893,-11060.0782000901
5.87466006857,-14989.6395806145
6.12372077279,-12763.5731731703
4.4046824665,-10715.6685935425
8.18122803583,-9749.96031244499
7.8903142873,-12152.4777059667
4.39768004405,-12515.3289468827
4.63426376106,-8675.06496814147
7.42502696613,-11257.629819533
5.86318138489,-5937.66393911597
7.39992294819,-10140.7597074654
6.21729823885,-11205.3342599084
4.89901031908,4.03145215712386e+16
4.00886079033,-7276.07867242935
3.09357865136,-14078.66069748
7.76182498909,-10209.7483118963
7.5237778148,-12267.924652093
7.38049018034,-12792.2717995557
7.72176499025,-14789.0130424629
4.83054758127,-10167.8331520296
8.12650472029,-7745.25608453368
7.93818375946,-11695.8891494114
3.69785878393,-7068.99705078089
7.43143890447,-13847.8660869664
3.57939761801,-7848.10346822775
7.98336876811,-12271.7595777357
6.28638337434,-13338.5676724337
7.79569716524,-9477.58113902853
5.92359877592,-8646.40803012775
4.75241608757,-7816.40625954359
7.95274219234,-9466.13337345515
7.84964281826,23072.2302685185
5.73584984519,-13498.0178345274
7.69263196568,92792.7454463221
8.0674769306,-11132.6420118472
4.56318867698,391783.002952353
6.74970762526,-10630.1156021796
7.73339551821,116192.901335708
7.37173443285,-13105.0450654544
4.59216355905,-10750.5816750407
7.29144542983,-10741.0206941223
4.41363802899,-10849.8351226617
6.44963930662,-11312.1544167305
3.73346137641,-12061.1542640327
3.99129967816,-11654.9865550587
4.05766895689,-12161.9877852116
5.24628318092,-12721.0180425977
7.22000254229,-11677.9757488636
3.83073675767,-10662.4157082636
4.45951896514,67528.4482819906
7.86509064395,-8084.25112008778
3.24651830822,-8462.35037562254
7.5414843131,-17035.7860185801
5.30421160028,-12194.9883324737
3.28638421224,-9099.28929060396
3.35253012053,-15250.3521649052
6.07087276952,-12427.4011760192
7.6546648233,-14119.0809742539
7.45878544764,-10821.2486881134
3.2345397124,-10605.9034236626
5.5739568353,-10666.3060740585
7.47585992621,-10407.5427309363
3.99551727394,-4838.6483944582
4.31719051587,-9203.56514261682
3.07807832244,-7575.89253883026
3.30048246942,2610.92033254029
3.14696144716,-9033.92602072339
7.3144788364,-17634.974263245
5.09704961328,-11329.3147832256
7.14207417358,349249.227775518
6.16137938,-14459.4486232682
7.196382483,-15321.2511754933
3.34034016843,999060672524.511
4.30454522127,-12501.8416332478
7.9032495689,-14924.3782450725
7.12773632727,-12880.6729403125
3.88612037989,-9505.25479284558
4.7391967835,-11062.8918306748
7.77468559017,-13004.7472747569
7.6668327999,-9678.87609663193
3.89579588302,-11924.3286058952
7.53028148545,-2730.88840673609
7.33456892335,-9693.98641988986
5.18219967885,-5863.24692411942
6.24395593289,-10050.6841761934
8.12592107217,-8426.30732056066
3.98651356679,-12218.1057564302
7.34945827842,-10404.6913815165
5.94522387797,-16108.4793572388
7.40002281041,-13327.6543358502
7.4658923029,-13077.0784704038
4.70682050408,-11391.7394669675
6.84269679679,-10544.7031330504
7.13577824283,-10811.8105598089
3.02261992995,-16911.7141471439
3.24577694564,-10762.9057499133
5.34570394153,-11103.9756233021
5.11543735427,-10118.7675944229
3.546420207,-13964.3484938136
4.63591399593,-11999.8098634723
7.82119551602,-9806.47792372163
3.8717412572,-11436.7551506923
7.67312715751,-11793.2208091116
7.82726969849,-13391.2826961302
7.00197415377,-12885.742103285
4.77808909767,-12822.0717337797
4.571182801,81826.709927622
4.60022879672,-11000.8151370061
7.38607194437,-9917.26011372345
7.53560542685,14915.1905837165
3.68170907848,-14281.611996586
5.16628675533,-13404.8843060892
7.22272297379,-12101.7097290368
4.20650933485,-8142.80702685834
4.94601932048,-9682.8539515194
3.41410590111,-10254.5600907575
8.13615838416,-11439.736704522
7.78040863282,-11758.4190427023
5.53464214137,-13466.1473889474
4.97745844514,-12308.0683024808
2.51155885158,-8875.75103638021
8.31224863472,-10519.1150179103
7.45996844516,-11082.3094447312
7.21540684609,-9691.99360775214
7.28553249411,-9716.41071956682
3.96250697512,-10556.6622087113
7.13387246524,-14038.9532516969
6.01852989138,-11684.44111998
3.5189186327,-14213.0047466919
3.75612912745,-10389.0899497441
7.62211572594,-9549.0428836269
7.74457436695,-9683.13530425722
7.17188802542,-14056.8919619821
7.77733162068,-11720.4006177509
4.43767824794,-5925.50458245337
4.554124353,20539.2034207811
4.86270885049,-15125.2561701746
3.62620068445,-12559.2953578377
8.20981468969,-10850.5604945645
4.36105630295,-9175.45382302079
6.84636799017,-15033.456657668
4.13380743565,-10358.7761669981
8.04015642324,-14143.5814192386
4.89459902267,-10798.1893254508
4.81500624387,-13831.4085820185
5.05301095443,-8998.9236185117
8.11826809344,-6321.72572872019
6.11205842772,-12528.7041098736
7.42399829741,-11829.7923447699
6.49001489845,-9376.10309412245
6.58844166566,-11688.9280987501
7.77663601263,-10426.3823153688
6.766408192,-9380.39335196274
4.34611447606,-12231.114395044
4.57629170045,-13480.758799743
4.87304238908,-9753.69156276021
4.88983252206,-12851.3972517947
8.52299135743,-8030.12000037857
8.15581247596,-10461.0472836337
4.44853659637,-8269.68122014577
7.50353518827,-10808.2860207514
3.34177662524,-13494.0535128227
4.74878019678,-12121.8183250561
4.60201818127,-9602.84704956165
7.76641419348,-13632.812534421
4.59735584807,-12554.3261190905
5.08580224354,-13818.8895790841
3.67752308611,5132618270.19468
7.62808124025,-10986.6012533252
5.65750449852,-9586.33140449343
8.63043952842,-13478.2823624493
3.97194875868,-12657.7999507789
6.78771565299,-12695.1696276113
8.13422126446,-10761.0922278078
6.14306360752,-13402.7932128762
7.76106686711,-15445.4976136704
3.96840535642,-10983.9762414229
7.55347221891,-12174.3235826336
3.99803978326,-18024.5521771557
7.76839014618,-14813.5591265084
8.10920778995,-4347.67646159155
7.93462741965,-8632.93157793416
7.61611303399,-10579.6802474846
7.51004012204,-11786.6383021446
6.72119949277,-12175.0492446839
8.24891439734,-8499.82505319748
6.00457715423,-7278.97589175796
5.69687552273,-8576.64048701279
4.5287323098,-6123.91978969876
6.16828501208,-11375.6093039781
8.18058127333,-11021.5514126983
3.79256028371,-11336.7897021766
7.84166735952,-8969.42294886276
7.71451410904,-14220.5254717856
7.06290717715,-14403.4149062699
2.88238947909,-10320.2564450303
4.23703854976,-19743.5750636052
5.35402216035,-15751.2691115446
4.76062185871,-8923.12212542747
4.39065381274,-10766.3423074967
6.64803993527,-10492.2421245965
7.55693225499,-12922.0052911961
7.47415366762,-13770.6310207719
8.15749766218,-13690.2839198797
7.92490089698,-12204.2411378399
6.27960570008,-8829.40592638442
8.20317601506,-10430.8614005197
5.2469989634,-11902.4102460282
6.15153002019,-11051.6783838393
6.07350583569,-9682.53035068748
4.70740394799,-10454.1765962211
4.7291543749,-8402.41501000397
7.58213497823,-11300.6549324573
7.7523625358,-12731.5214541219
5.2843309375,-4673.93486530822
4.22590840725,-16445.5429687357
7.33980366413,-11333.6124029899
7.539254245,-11417.8187133176
4.04068952984,-12811.0835110113
4.60892460983,-11204.5258199223
7.24691398354,-13906.0553189703
7.9666183327,-9952.96305494254
4.37040547936,-9374.80484545442
4.72351253942,-12226.1055000804
5.08999356396,-10828.3059520271
3.68505451414,-9248.48781531517
5.51036418719,-13045.7147595217
6.81694990941,-11796.4603637252
8.10382009475,-9394.95364866719
6.9464828866,-14030.2649820789
7.79194603897,-12480.3583555076
4.72461107321,-10864.1985589484
3.23348289223,-1779.59373595419
8.19871520119,-11939.5107085059
4.65350085345,-8406.83431393072
6.21810088178,-14165.7418855212
7.62936168837,-13241.2561357658
7.47237616082,-9727.05417634521
6.01179098334,-10810.6658912633
6.21924636852,-13766.6070946839
5.96550013735,-7680.12857347564
5.80207710605,-9175.16209748802
5.4974338162,-10573.0546775265
6.68801439038,-11791.1684562319
5.92489734557,-9911.10110420117
7.87509585241,-9221.47744128465
3.24349471055,-13346.7441035878
4.45348813383,-10257.8852735716
6.39954328857,-10398.1797250992
8.17011239953,-10421.5832643327
3.31736549735,-9716.69746629018
7.31775463424,-11817.779646431
7.38426787393,-16035.8607034762
7.86541963848,-11429.5171902215
4.32918191485,-9743.62154889303
5.92489494053,-9092.2456184734
8.32947367908,-8340.76054591723
7.24257215844,-11967.5792883624
7.65052618946,-14898.2898617277
8.02789824627,-15090.7881599856
7.9077804211,-13251.987727605
7.85840161098,-8530.11976564809
3.77722122034,-14550.0348944622
4.13677866918,-6603.89204101235
6.56255005696,-9558.87429921025
3.3203810404,-9614.38347119026
3.40296432152,-10899.9826152937
8.32366254627,-13929.9219902899
4.9040764823,-13492.5773054535
6.7161238286,-11890.6506831333
7.48837079614,-15674.4473773122
8.19929747182,-11294.8387725478
6.76638757089,-9915.49281456599
8.57801885044,8713.95591408562
6.07572992599,-11725.119990712
5.21021370483,-11386.2594841618
3.63228247898,-16289.7578096023
4.24443067135,-10529.1136916553
3.10113605733,-10322.6301061626
6.24330056194,-12458.4241094133
7.53938345025,-14266.9356863423
6.83943361722,-11503.3755011748
3.2918128579,-12729.8789090137
8.08491841788,-8508.63368972367
7.77611773934,-10952.4271958981
6.24305964673,-7907.4375126622
5.04019436925,-8274.53655536291
4.12229610241,-9010.63385439716
6.17841150095,-13759.8074188375
7.36192010147,-11798.9005248825
7.63834964853,-13314.4126607959
7.30787815307,9532878.11193997
3.87527469867,-12523.4761256368
8.09344475587,-11827.0102438767
8.03087500118,-10168.1367149732
5.6569395032,346763.521624946
7.9302683031,-14078.5823159127
5.39255194228,-13934.9258583931
8.13082537449,-8549.57841387112
4.50479141626,18994545.7692722
8.3661356938,-11484.455515557
4.00556561398,-9680.06557605912
7.63198220122,-11335.4802097591
4.46991739679,-10942.3141331942
4.80304678716,-11551.3072217043
3.74719028454,-13883.3141045497
5.2556738157,-11035.013433525
7.80576439019,-8272.02939694849
7.60577503583,-13114.6181834566
8.19971265555,-9582.95689542334
8.29820416397,-10981.0301897407
2.94599553823,-11230.8577476106
8.30024660215,-9723.65667367874
2.99131988107,-11609.1747488472
3.99510319261,-11452.5381022015
4.89578703891,-7231.22307414595
4.0690022667,-3005.62996422483
4.56159762462,-12992.8831061126
2.72071239667,-9278.99993636295
4.20823098722,228409.616557294
8.4522155731,-12596.4185189331
8.34037574685,-13867.0552469684
8.18534039617,-10667.5001558424
4.58944754734,-11785.50268989
8.17935168549,-11075.0571478066
3.80546707176,-14711.3192832322
8.16290007483,-13255.2530951899
4.36334037526,-6963.16854685377
7.67795218938,-12286.2909648712
7.39660905898,-10157.076871781
5.52925923028,-19089.4171985426
4.31959182196,-10889.8510339607
8.07673658958,-13823.4675369703
5.70942121672,-13835.1527816271
7.63980875528,-15084.3991591402
7.26225888766,-13922.1532533267
4.95164368674,-9626.75911873218
5.47172563538,-12485.7292119805
7.33450038735,-19863.91987113
8.17086643397,-9617.34882840389
2.77876975392,-14229.9427344147
3.48683553455,-10800.847588282
7.91373236958,-16876.8041296778
3.61756658466,-12830.2702696765
5.31929767437,-8657.1201040619
5.53316774389,-11160.4582544154
8.04994437241,-10324.9047988032
7.95154092382,-9757.13410515866
7.56019755217,-12871.1534311541
7.88334454228,-10402.8177656989
8.1877235703,-10898.0954676035
5.3982298597,-12680.6564078898
3.31130977373,-10267.6724076752
7.62358958371,-11545.0426543812
8.00193466143,-12687.2352246556
3.33751079796,-10440.8792780072
4.19562995578,-15626.4010654739
4.07354241842,-12514.4425533397
7.9360797375,-11336.3386296545
5.5182938175,-10934.5387950456
4.96856824419,-15560.5591329768
5.62769285431,-11148.2078426524
8.00308342083,-8105.6126597001
4.27044537346,-18127.3065813676
3.95814736759,-10977.0132801463
8.08076999631,-9933.08103715009
7.60097605982,-11279.7627525146
3.56677034418,-15205.2563380875
6.30118746457,-10622.6633039927
5.3473091607,-9842.22550832173
8.17876060096,303197881.84559
7.76574888817,-12301.0393922367
3.35325340319,-14670.7879004926
7.84331441092,-13336.3649954753
3.00540657264,-8677.05857588745
7.99636836814,-10564.9533648523
5.04913797752,-12198.9880666194
4.51471923489,-10790.9571188573
7.84336631678,-12622.3613708918
6.66906274855,-10641.9895642305
4.87040772585,-12826.700913764
3.34839604093,-7449.16220640037
7.83181349213,-14571.6147262193
5.64742324384,-14374.5758802361
7.9846923257,-12101.4595517055
3.34062787745,-11056.359872293
7.92805277059,-9728.23776205867
2.92755116682,-17416.8443021988
3.68871394977,-11748.5971796695
7.17279001695,-15639.3062611413
6.90755388844,-13077.0589851742
7.80922663647,-11243.0104671657
8.37242057538,-11532.9055775668
3.52404135925,-10123.5802582158
5.36379637867,-14930.3141209275
6.74512415961,-4322.94222918109
2.75039846473,-16352.5951018633
3.82939056955,-14977.3006998989
8.29073024546,41566.4775898233
7.9041941024,-8604.1212780571
7.89918227415,605900505.379028
7.53891748228,-11585.6093168203
3.99002668325,-12286.5111011002
7.41221529627,-13732.4076255942
4.02538523193,-18410.1152690574
7.41263775897,-13448.2522775183
6.38856467661,-2046.81532549806
6.34573830166,-8625.54989524559
7.54384492899,-12497.1371681974
7.69881000231,-12135.1549870136
4.98539388324,-13143.0430052837
4.40052199317,-11720.7433480713
4.66613424585,-15952.4401770869
7.26640934811,-10203.9852655041
8.06505262473,-14522.0565383326
4.28148191346,-10821.4732798527
4.29675365307,33837470.065438
8.34908578983,-8602.01104255622
4.57321633592,-9895.08106926055
7.60992856348,-9439.651468879
7.90686344155,-15829.2986857402
7.65274009899,-713.032765867898
8.18296173687,-16714.0543660709
7.96232876072,-15422.2120672194
6.39448829878,2292859.96146419
8.18559230702,-8136.85339930914
4.85013617297,-14071.942779088
8.09160564932,-9109.44728340494
7.48239638634,-10867.0632551607
6.39999827672,-8379.42261948224
7.96345182574,-10743.7703824482
8.00176048476,-12947.5316304123
8.11805852728,-10886.1394680512
8.36996067335,-11945.4585485065
7.09205425143,-12661.3564930618
7.19497473556,-9248.40101308195
4.75098609072,-10281.0678049192
8.02085773355,-11817.748211185
7.16500011588,-11676.2953735423
3.93419320326,-8539.50158943223
3.35545932647,-10454.9356317336
8.20423229075,-8027.56000855781
5.66552698671,237382375336.418
5.36460044535,-11666.8105961144
3.20229133114,-12675.7360991621
4.53705351266,-10038.3531442432
2.8707996797,-10876.8804499338
4.16718368663,-9281.88658577321
4.95285530346,-9548.81221040594
6.95672112396,-9733.66784721727
7.7015124926,-10391.6045960262
3.13431722236,-14996.5803271943
4.00618269184,-9250.18603223529
7.39534399019,-12870.706485269
7.67188359805,-16323.8025107371
5.67848911469,-8537.3306126726
2.89466246454,-8652.76719777484
7.72697065993,-13509.0591993302
5.1669006814,-10875.7741416296
5.86035987939,-9496.28798129203
5.68393476313,-11668.0320934761
4.79699873314,336362.523223538
4.48712791506,1481087.51800406
4.80301144973,-18249.9369016268
7.6315521768,-9392.12503008931
3.56809956774,-12778.9467321814
3.34589523335,-12313.0547238897
5.90457645403,-8276.83986763168
3.78274168817,-12119.8452359973
5.52257492285,-10733.5645126959
7.07529440922,-12126.9079030673
4.80116788283,-13660.5063699476
8.08735890185,2.73876207876826e+20
4.73683417427,-13990.0838917223
7.99692249622,-11628.1524916636
8.04466234105,-10156.6491437375
7.20109854746,-16174.7364130456
3.60232346515,-12167.3912030503
6.95907535694,-12222.53291198
4.72724993367,-12055.4766232553
4.47748386292,-14508.5155317099
5.64851306058,-8935.81554393417
2.58605100111,-11193.4510708716
4.40233484027,-12577.5621739633
2.91382017755,-9852.3823005544
7.72226927961,-13212.1629132239
4.07984854448,-15000.2797907828
5.83282107869,-11148.0153289577
5.26067238019,-11188.3617136058
4.07822003468,-9453.26523918868
8.16973656342,-10621.0890910363
5.97415682712,-15576.3503691898
5.11115223532,-7795.74897624536
4.70440267521,-15526.2836876347
5.19316166271,-10318.3762854459
7.56994007052,-8799.27943494803
5.65635962909,18946.7866496615
4.83324984017,-10376.6636226248
4.34188972132,-12352.8629140019
5.88990113268,-12682.7094967066
6.56025280646,-12612.515113444
7.81554941093,-7459.43763604938
7.82665767512,-12077.8854215357
4.55537677867,-11409.5028591013
3.2319311396,-13534.9249584336
3.86988983284,-8686.56290185093
7.85658246574,-11528.5656773035
7.69844070097,-13768.282261912
6.46630011327,-10243.0403145352
8.14162631501,-9166.58818831094
5.01237848222,-12393.8238282007
5.83893013633,-11069.1280567711
3.96784794704,-9858.3172579356
8.23737028225,-6782.11838995137
7.86798207129,-14612.6516134374
7.86440812679,-11617.36194
5.03292552097,-10797.55661
4.75697221718,-7727.362464
3.43550291609,-9799.166214
7.89491257511,-11412.3157
8.17265968688,-9651.283884
7.65727171,-10174.41922
8.15916490939,-10649.80404
7.77595232586,-12713.86931
6.33343646481,-14831.67552
4.25060534187,-13657.5743
7.84974200826,-11264.05935
7.99814108173,-9481.158732
5.51339996798,-14240.49902
7.82565393947,-10503.0961
4.09032722171,-10813.54483
6.88677424949,-13931.13946
3.549458178,-10539.12191
7.85836862588,384319522.8
8.05123545355,-9451.290682
8.26290864908,-10858.70155
7.88240538243,-6561.023846
4.60137056878,-9318.200782
4.51093976711,-8948.410245
6.97325378071,59222.85955
8.14251924721,-8357.913553
4.65570518047,-9572.508989
7.86451223259,-2318.94328
3.42658455963,293990.8487
7.79232971368,187454891364.0
8.1056671884,-9295.301045
7.99031888955,-11393.023
7.99377549422,-10976.66508
4.85769529477,-13089.70349
5.47243769403,-9842.018982
4.56423091399,-13370.26572
8.05107756573,-11207.47885
6.67481461077,30390092664.0
4.63635547885,-10630.88273
7.76931223584,-16660.64871
3.10425847644,-10767.07225
4.77372166316,-13595.07539
7.70906496885,-11524.70268
7.19208864745,-8550.14024
8.03406268151,-11572.91332
4.44119817357,-14551.39049
6.02595708728,-9773.081553
7.38780751398,-12959.31795
8.02510083944,-9380.572199
8.00279766359,-7677.882572
4.34307330106,-10819.72198
8.05780512441,-12995.68073
3.93240562056,-3302.5767
6.30519698557,-9478.816755
3.7198740997,-12210.09801
7.82923665388,-7437.307572
3.4684597704,-13844.24778
4.09036561016,-12021.25116
3.43643427055,-11611.58623
8.23841244799,-13537.59245
7.26495501724,89977652.53
6.4020807,-10350.91384
3.86867253815,-14006.92143
7.44593650242,-9391.25672
7.82858973092,-11642.51167
4.49290628421,-9163.547114
4.14672423828,-15140.33224
8.17623160894,-10731.06722
4.8547976577,-12529.87832
5.47084188205,-12730.09826
7.9440860673,-10461.08438
6.39828146754,-11309.2117
5.15239877375,-9768.861353
4.24882559465,-9553.075953
7.46596966012,-11923.31081
7.99475922966,-13339.24273
3.10896715237,-9927.146959
4.07492733805,-9814.064025
8.18579477764,-8542.415076
7.01758649079,-10833.19691
7.1194784137,-11802.56091
3.92629985992,-9780.882651
7.30479262374,-11626.83742
8.09285801509,-5762.503585
6.36823256853,-13379.42439
3.04250732619,3459320.053
4.29245499564,-12068.46012
3.21490379415,-11166.3205
6.07683618711,-7934.758775
3.92413059532,-7910.812041
4.10451946141,-10107.53565
5.23939886452,-10869.87155
4.28866737433,-8977.263826
7.68359939735,-11615.11391
2.6986627086,-12950.73752
4.68332180466,-9989.877969
3.3734484958,-11081.3149
7.74080787746,-12475.09077
7.73457514347,-16698.23746
7.42445830864,-12696.62349
6.72196989426,-12024.20571
7.3549124545,-8872.161192
4.08922075848,-9408.442123
7.76496189211,-12688.26636
8.0831485736,-12925.31356
3.43454163686,317858012695.0
7.87872504237,-5509.104719
7.86088485501,-11469.7158
4.26561361564,-12101.66688
6.68966369899,-14801.27504
7.27106371065,-15509.05698
5.66103484709,-15223.79581
8.38664851801,-9641.684201
6.56055039969,-11356.58475
3.42948491606,-18323.74455
7.78368950012,-10546.27214
7.14768468695,-11889.21795
7.64001908269,-13161.86652
6.92058815652,-7438.151137
3.34488541247,-16695.9813
4.08013680377,-11418.37698
3.11154046787,-12660.4601
8.14939127501,-11116.12893
4.33024174958,-7946.732881
6.32823091337,-11132.33723
6.48410037255,-10684.86441
4.40020963189,61380.96526
3.58380520382,-9892.777164
5.17760017387,-12007.2263735833
8.12714077193,-9260.86957230847
5.45345232312,-10340.2469361218
8.54169050941,-7942.10765462938
3.79533503855,-11067.1245519864
7.49634884674,-11385.1920991105
7.68174968505,-7942.25004286748
8.04114398269,-10441.5793369022
7.53257224895,-6234.50568097107
8.6091705209,-10681.4358370108
2.81098127929,-11101.4310223959
6.12391323181,-10204.9810763063
5.74124300615,-12719.9200072785
5.78337998114,-11365.0699016421
7.94092838018,-8645.33269243191
4.25074855794,-19741.8807774173
7.87474479169,-11359.2555248541
8.17035221998,-8020.18790188257
3.78635402193,-8401.99934385171
7.56121662117,-9974.55273713978
4.58605767171,-9790.10963059519
7.53469007736,-12481.6193330564
3.3538532604,-10724.0250257652
8.11372553491,-10112.0905045849
8.25971884461,-10844.5123809489
8.46992395662,-12399.7954251702
2.44239607723,-13594.484334818
7.79107671014,-13249.6445565453
3.8026237734,-1286.78199439857
6.81816866077,-10882.6608888326
7.93983554501,-10191.4063612928
5.90066716542,-9880.10530383449
4.24097505616,-12747.2439516119
7.82694032242,-11109.4880444765
7.97423193866,-18824.7757103348
7.53065353415,-11369.9570113056
3.48360487354,-10170.4403919252
2.59124543913,-9282.83424339429
7.56816067702,-7785.41042739651
4.61995615426,-11602.1470422922
4.7232207759,-12991.7378169191
3.0462191235,-13236.3604135348
4.59444872886,-12961.2442250168
3.53221530522,-10765.5706382112
7.3407112855,-12371.9167910688
5.82854870456,-11215.404606413
7.85059550438,-11276.0959032993
6.55909908799,-5004.81947785654
5.10881554966,-11964.1207725091
6.75519037637,-9047.88083704629
5.39870249012,-12470.0266791229
5.01177804601,-14081.3959793104
8.01460347886,-16374.1683305443
2.8850199164,-12009.8140438777
6.69958623941,-10736.3694622456
3.8581081323,-9066.33294365733
6.97821520231,-6459.77384830196
7.63835553638,-12958.5985234411
4.55562281755,-11018.5287234201
4.43118292836,-12180.3113824723
7.63103158493,-11319.8694526351
4.35659234353,-11763.3541381377
4.36807956238,-8318.97042039253
7.63287556228,-11703.8653218501
7.48921362356,-2764.44941900823
7.75690372295,-13103.86420011
7.97587951072,-8271.0684791426
4.37667785511,-9325.22773041034
7.72527119194,-4932.27709517242
7.43125966756,-8021.25497343473
7.55233167333,-14367.6584831788
7.3685707273,-14126.9619993216
4.5480129435,-12723.6794395061
4.9226448779,-7915.65049772156
5.84180654249,-11067.5901159652
7.90353882516,-11164.5026023426
4.54263922047,-9991.04222324882
7.88360492733,-10185.9428186641
5.17131825487,-14862.4484959682
7.76802878666,-13569.1746615571
7.72582779874,-8349.57210445104
2.85002842956,-10014.6575705264
3.63368701207,-13820.1673554668
7.95387916575,-10949.6210530635
7.3494781839,-15432.9045197231
7.34083343169,-11759.2907697369
4.07392225453,-13380.0433212044
6.45544160427,-14302.4814860733
5.96077586773,-14871.8219104448
4.12730933039,-12045.9908391715
4.16900284432,-9966.05878885816
6.84526044043,-11906.8271429008
7.4590834082,-13216.2266070091
8.03420819386,-9142.54194341998
3.75466955186,-8784.54731268441
5.45665386123,-14110.3458129801
3.10714640705,-12126.5345917748
2.72841693116,9976057.12475051
2.60573129963,-7971.12154406879
8.1270760088,-10319.4896729486
7.92052544962,-9950.08941292892
5.92937269011,-9865.78395601693
6.4902767075,-12040.3832908686
7.11104611642,-10148.3750013113
6.47076057872,-11994.9313165574
6.80890784667,-13732.2126836146
8.014047917,-9625.97231392857
4.83584859161,-13425.6262927928
6.02038918102,-11888.5635000021
7.81542840094,-14718.2949982721
6.01461837293,-11459.8323262481
6.55207880538,-12214.8787702858
4.756145801,-9821.12844547929
7.67298329539,-12156.0845657184
3.30359885591,-11754.379857348
5.74016929091,-12292.549251201
7.46413887521,379556.160581533
8.14779403234,-11867.5726852452
7.7645938313,-8594.24227324693
7.82497705874,-8572.41459964182
4.67477492774,-14798.4397733173
5.47987525228,-11551.026649432
7.9607738117,-13449.3920657308
7.95482019032,-11134.0656029529
4.83090294496,-9594.98793118508
7.68213551508,-10037.695573562
7.87297834425,-13781.5248614855
8.14491309287,-7487.83655569599
7.44561603764,-11678.2771459537
7.90463053022,-12016.6827586704
4.3609802956,-7656.06169252079
6.86822807849,-15853.4868714786
7.87460573535,-14984.166168406
4.4303513334,-9989.34996078245
4.82636537547,-12522.2374542488
7.96907609385,-14191.1243873375
4.97994506276,-13061.4476011522
3.32590899732,-3001.9718784081
5.19660656177,-8508.55444665857
3.76439245919,-9665.24824604872
6.34771648935,2866034.32606014
2.77120536231,-10731.8335274778
7.81214107821,-15648.2848094112
7.0527790449,-15864.9610590296
8.01545358518,-7227.79138370945
4.75407738205,14131212.0642079
5.60945833661,-7848.4762075606
7.91927099369,-9918.23865438285
8.07922945075,-9951.76136246384
7.9220613044,-10986.8885899517
5.43174781684,-11371.6705140363
2.83485428675,-13744.5072264077
5.10130009241,-12310.7874579687
8.18022317496,-12224.874503
3.73927905871,-8186.37781706441
8.11431028126,-5831.47919463513
7.91064336709,-8744.68734761495
7.26404667764,-14346.0646861188
5.12406978646,-10665.1519257794
8.35895437571,-10496.2942970352
7.61885216615,-12544.7513200923
4.80955204243,16774.2250702087
3.36700690635,-13836.7726490572
5.86630341448,-16735.3504532313
5.14934375874,-12014.3049360048
3.69613706058,-14407.3526086898
6.23920328888,911082277.885532
8.10933628698,-10874.357634771
7.10764130131,-12125.6150706312
8.34303850226,-11731.3730710851
2.70638928413,-12640.4260114442
7.56646584555,-13436.1428728059
3.31561604807,-12787.5277071827
3.34328701263,-10797.9385148375
7.89407960129,-8016.51253210471
7.9258012097,-12075.2196016949
4.13526580434,-11136.5926229857
5.2860852144,-15100.8228186694
3.60020383782,-12795.0193175614
7.73363280128,-12266.8588270346
3.40575119875,15089678615333.6
7.38829226438,-11417.8985102421
7.44742395419,-13150.2712044659
3.52884356301,-9500.0914657729
3.36957406874,-15193.7421260003
5.49233200504,-20033.173746717
4.23735566595,-11841.3648023311
6.29620183426,-11527.3945994944
6.88052820887,-8669.10005345768
7.75886493775,-13276.4262227632
7.5234508241,-14020.6388348154
4.82961460208,-6911.45897999054
7.90446288616,-12218.7816797226
7.55360721077,-11173.6923228019
4.01634705082,47602491.3118672
4.95322274962,-16312.5515075671
3.25017643172,-15204.1810011007
4.78686086945,-13001.8387219065
8.26125375832,-10453.6398910221
7.68249134036,-8143.43305998593
3.5559104003,-12255.2103182271
7.50180616845,-13851.6555834488
2.4059285665,-12625.8012251049
6.86812851328,-10198.8986744071
4.56010992207,-6479.66556674321
7.04663032344,-10984.1682229564
4.15771560081,8978.09775877078
7.98807756553,-10744.5054845169
7.62502070057,-11388.3901321777
4.51353379192,-10963.659963103
4.71612690969,-14839.509008727
7.92059708538,-10890.9683634199
7.33976485118,-10995.0268372699
3.10691779206,-13513.8507240166
4.28130703278,-12937.2997276225
6.21272873868,-12436.9698714199
7.51438723084,-12658.562624061
4.8544731673,-14465.6396508404
3.75947194662,-14046.8559643735
8.05184643761,-13297.5186638841
4.28320085075,-10681.594753572
8.04978894785,-9856.00598734839
8.0515204498,-5421.10426015158
8.09021616986,-13919.112821631
8.37095638979,-14338.8328885655
7.71697564759,-12352.176989618
6.75256589964,-12143.8200175095
7.47182373278,-12262.5922734929
7.79617352182,-12402.2428364854
6.31988012888,-13175.2300364149
3.07946651428,-11033.3093905938
7.91904629915,-7663.44462696908
7.71956561855,-15517.7147001288
5.45603754798,-12798.2363853515
7.83120507238,-10291.0736927211
7.12319701712,-8401.71363829795
4.19657827001,-11692.7131440536
3.33714374848,-9845.53914422169
5.38471854765,-10115.7236846392
8.14814381733,-8702.24267306657
5.22868326264,-10938.5887409999
3.60512892434,-13776.253579211
7.33710605934,-13970.5535819467
7.99740770903,-10453.0806516524
3.6652679206,-8321.72738766399
4.64896721802,-12699.0330104452
5.775983179,-10041.3802140469
7.49259804344,-11283.5631106423
3.29217419827,-11278.806060672
5.58820770598,-11339.0271556025
6.86319514142,-15996.4780694522
8.1594978659,-10589.6521326855
4.82023172379,-13136.1765204999
4.35181875653,-10463.1024871112
7.76563528303,-9271.72334321317
6.84606489315,-12452.2930542801
7.90057423044,-11267.9904011167
8.26301193312,-8218.1983024849
3.66666888099,-14456.7044847964
4.4072377491,-11624.1475239782
3.49094631531,-12893.652670719
7.53781162564,-9715.65095328197
7.66317397967,-10918.6131570921
3.23172817031,-12072.6933503125
5.37620517252,-10557.086685278
5.95479350218,116699.184246533
7.73500328471,-10165.75075177
5.92754533611,-13478.018463453
5.950818892,-7466.05080439091
3.1708180318,155107.479059129
3.96083341173,-8690.83017970243
7.82809669529,-12260.4662340279
3.73028428207,-8189.93429141399
7.73116374184,-11648.3195598982
6.07881863761,-9498.4696311899
5.91824241866,-14861.4319729593
8.21666873776,-14830.1649040816
2.74592302806,-12953.0011374902
8.23097007859,-6816.3315008217
7.93228942073,-9339.45488019143
4.65967773594,-8865.28001019841
4.44823975468,-13792.6962333459
8.00969661908,-14865.8898239402
5.31530255686,-16329.4143437374
7.74727857411,-10937.526136409
6.04056247441,-13707.0637922058
5.42440929938,-18274.7576824477
7.61793795724,-11257.7026802346
7.06155902649,-15843.1210555262
6.82411459425,94883.0722433209
7.6218384933,-12341.7778646518
8.20532626975,-9638.82680986877
4.3629937018,-11587.7562880317
6.96204256719,-11156.0581242805
3.42916693894,-9390.02784324808
4.48066739392,-7355.24465937873
3.88360284554,97743.3143834955
4.33431267823,-15728.4682693994
4.20859474492,-12397.8236599909
7.60594347053,-12942.6787677121
7.54278429799,-12589.6070545338
7.98961850788,-10989.8158832857
7.02991287357,-13741.4189578235
7.83379765349,-9865.2774973168
3.38020190336,-12915.5932322718
3.37842709421,-12178.9253495633
2.74394744797,-11229.6572068412
7.71654344744,-13687.698098195
7.90861126495,-10187.9128970391
7.64111532503,-13732.1833116281
7.23219138241,-7038.36388597168
5.37452155975,-13878.0242998317
4.47366590077,-10518.1252622529
6.38467107031,-11928.4932797335
7.94766931813,-13417.1895464035
7.73218763062,-5894.72910639036
7.84953526531,-11915.2596551737
4.37088437535,-15454.3412381541
4.29581930615,-14432.1270430732
7.4093940632,-14468.0028974789
7.16994386536,-13592.5844362082
4.86121037821,-10361.697015094
5.09544881205,-11767.5337895065
6.97644887356,-14746.9338247244
7.90107647271,-10641.4132214144
5.77333083556,-13876.4829098902
3.24720912156,-10640.787069624
8.22890829651,-6806.39093235843
5.41124272091,-12272.7387595948
3.54600697365,-12552.8971863917
4.75570773894,-8862.61738389268
7.43642939272,-14195.0898946817
6.00022788038,-11788.2297559049
8.05050981039,-10341.502435498
7.64765102651,-12209.9222604338
4.75724523253,-9688.33775598793
3.45521309961,-8428.06640152298
5.43789629235,-8972.7668047312
5.06755064184,-7290.67953334474
8.26424636368,-13886.1455846448
7.39743578553,-16970.8646406539
7.74262183915,-11699.3526404235
3.56850857605,-12399.1264450699
7.8743929123,-9855.51512832629
4.01474976625,-12037.7217457496
4.62144895927,-12317.8418187604
6.72953102258,-12295.7052435016
4.20984418538,-9678.42273081494
6.71668750663,-11480.5220732646
3.42835351035,-11157.7019253769
7.52907924366,-14971.5792691884
7.8963100057,-13259.393568376
3.10927707938,12427000.1323003
7.88980034836,-12488.2948122418
7.78453709637,-7870.274021456031
7.98840378916,-13535.8355573119
3.60735110508,32246.2475396246
3.74454295896,-8039.51089698828
8.32166047215,-11704.6238868488
8.35083786012,-12781.7824481636
4.83383596103,-9956.50491318292
2.97805867408,-11060.7584656208
3.45603070413,-14507.3401838879
7.82863504927,-15527.9841069844
7.82743325778,-15891.5679184075
6.88888646665,-11811.7783678984
7.76621505946,-11117.9336472209
7.87060481387,-11942.4970320581
8.0259526037,52936.3541026998
7.61543189281,-11410.3157036686
4.25596292904,-14719.3671886495
5.57549951163,127348.880315222
7.70995312819,-13092.6949048715
4.57388241469,-13524.3735003211
7.66488023102,-11606.1608226967
7.90724553757,-9608.43525911291
3.99641174526,-12659.1085020114
5.72584022286,-11708.5426028712
8.14712160845,-9141.59198504167
3.40728818508,-14875.5986298788
5.850458531,-17616.8509696204
5.26100492079,-15100.9210579435
7.53432697931,-10509.1431232536
4.80751523458,-9517.96538768735
7.68428044027,-12773.785235282
7.6837142386,-7985.07228282533
3.38103976803,-9325.04332573317
4.95080288402,-14385.1195374394
3.3729539046,-11235.3737953635
7.66901818967,-10706.3406898819
7.34197800533,-13040.5174266814
4.2416287991,-11118.7563736996
3.11396677784,-10622.4079082439
6.30028165388,-11736.0831285658
5.38976360591,-10672.8353815263
4.04513650646,-8171.66991073215
4.15826970076,-13515.7188988275
6.64787269547,-14269.9490913936
4.37204534031,-9535.9738458019
7.40852498648,-11498.4811263373
5.44029808268,-11596.4679614932
7.82633267292,-12530.7356443985
3.34907341905,-12510.8085095026
4.52595387206,-14921.1047586487
5.644714585,-9470.70735533274
3.76097726738,-12499.2441337759
5.54795346251,-8367.80030413026
8.04913936179,-15260.9565078034
6.82541778789,-10371.6967289129
8.26012990018,88287.4712851032
5.93393123161,151005.611418365
4.98449615805,-11689.9170956093
2.83180101654,-2317.09436581725
8.25490528398,-8672.13673370139
7.868438186,-13034.7359924555
4.71128629749,-17735.4479144365
2.85104152004,-12535.1019382588
7.32024309407,-13364.8495802064
2.8527807809,-5896.68065793406
3.24049198331,-11242.367131475
7.42009709341,-14011.2862141882
8.1728830559,-9090.72357749319
5.55438202962,-10558.417475913
7.95408998161,-10476.1659512229
7.81420292147,-12977.495579384
7.0836367914,-13179.3597699279
7.79244277776,-13545.3544084846
7.7020640755,-10595.6052202092
6.44890476764,-8863.39135354435
8.1828563166,-14136.8891933035
3.1916511683,206450.907541468
8.07303858812,-15133.6588199165
6.15124546043,-11706.9343458817
4.01614644825,-11255.5067268141
3.7906107826,-15045.645045993
7.83787510198,-9021.53103356116
5.90753604268,-10084.6463999571
8.33286128026,-11502.8561013223
5.80177943156,-8062.18333591218
5.05009456062,-8268.72726683445
8.10763276168,-10753.8264777093
4.27995005598,-7379.3961525276
2.79364002892,-10324.5627905088
7.24861148685,-13196.022451768
3.85222438874,-11444.584735014
4.22258801669,-11089.1643553741
4.85935303593,-8624.57873642211
3.28559803771,-10775.3639514666
4.49509161843,-10749.7590851845
3.66976846705,-10244.4820520708
7.79988661785,-11195.6766458599
4.47434105318,-11535.4331952941
4.37088815255,-8372.90986746059
8.01745460247,-11083.2262553056
4.0081362837,63172228.4131842
7.78218150429,-13561.3596892579
7.62950839117,-11718.0506733933
3.72285395084,-10297.7700967885
7.98545941403,-14825.9448297957
6.91117947282,-11831.8832471862
5.07672944394,-11836.696889989
8.51369504249,1951437124.34757
4.18364634271,-9330.20114147935
3.25888484905,-6469.51969747041
7.61600936533,-12559.0487214199
8.43745646164,-12082.2712032236
8.42131505796,-11673.956205979
8.040604104,-9734.8516316825
5.22018117638,-13108.8975499184
5.21522517743,167059.034927633
4.961003254,-13674.7425707374
8.01456757696,-12418.3775340114
4.42715639624,-10188.718183843
7.59003345489,-10162.5807064977
5.4156706646,-11798.5371556982
7.90697058611,938.082507216517
7.75165210087,-11651.7173362183
7.89309123804,-10164.612009512
6.71936134309,-11550.1235759944
7.75919164106,-12292.0542262139
6.06916837349,-15684.8533238899
7.92216432268,-9293.44042775939
7.40548797438,-10617.4314404008
7.13691435329,-14088.1463616248
3.95637753364,-10146.7344604513
7.79009086521,4545138434.46751
8.05568861277,-9083.88846171509
3.26112568556,-11454.6215419505
3.32006892718,-15235.1643738154
3.78105053342,-15841.4982651032
8.22311358297,-10658.474315934
3.73325314137,-14871.9296354791
7.90207219978,-9183.19917968418
6.43827195535,-9750.25848750657
8.29072762272,-12412.205637021
4.46790718158,-7665.8362116794
4.31107114067,-9448.77271054736
7.17605508895,-15446.8097027376
8.40379587128,-13467.4778964981
7.97911449644,-11676.6732047659
5.99710402836,-10193.3849517779
3.83169257617,-10161.863639281
7.85489509465,-14662.7934752314
8.08848361557,-11235.2215272945
7.2493535802,-17080.4236535577
2.79832504511,-11190.8228062384
8.28772293802,-9250.95540718018
4.29515286946,-12096.9300719023
8.15634625075,-2058.29115168407
3.62393575914,-12054.410817911
7.85932485724,-13160.861481382
5.72326490058,-8469.30865504231
8.26379636826,-12574.7994202719
3.95548658436,-10163.5465156045
2.69475244372,-15391.0086979138
8.28630812718,-10101.7967621294
3.97759996423,-11792.4467818255
8.03531846286,-8048.55204173248
4.2309743275,-10418.8558047664
7.15409501,-9125.29123727367
5.56101229546,-10948.073600059
3.22390522403,-13495.1905025344
7.757346199,-10669.2382087975
8.2549107616,-11706.57764878
7.95511232304,-5436.74395707135
7.87068253383,-10613.3376590969
5.03637378964,-8078.86939503703
8.11866245638,-8951.33791381854
5.32386111647,-13614.4839660975
4.92691232418,108388.050505876
7.36758810666,-12996.7597466399
6.58129582002,-14244.2623272431
8.20919269604,-9437.232740798
7.77693991534,-3943.96333227434
3.69566458187,-8174.06282290825
7.92140123153,-16612.4449132123
4.51163318749,-10803.6780147293
7.2284381518,246397.671189521
6.85396100493,-10733.2117285738
7.6273955112,-11072.7751919744
3.67859758294,-8353.06513959012
7.42049059293,-9762.52546778036
7.97772175767,-9664.53828272807
5.17913345804,-14728.6453964948
8.01667442512,-7544.71378114957
7.95341854288,1479115.86523737
4.82437645533,-11546.3959531267
7.49179992202,-15201.1816777519
7.71878036426,185243951.758541
6.7204989885,-9293.64512087491
3.93571636311,-8531.85660137035
4.06511296007,-11085.1016326155
6.31467173168,159228029.832345
4.20984979808,-13241.366375216
6.66564979087,-13532.8606180734
3.39322678222,-9343.11262167872
4.93163776658,-11277.398142608
4.70897844442,-13611.9833993058
4.25255700984,-11526.3623971858
2.93468164883,-14731.6521929531
7.35140108177,-10133.8101693311
5.05197456564,-13870.7332748644
4.34253268373,-10364.9240179471
7.26325193586,-11032.4174411116
4.52527181713,-11187.0685346398
3.01328778445,-13379.8315263992
3.65114727486,-15040.7845573633
6.05739571807,-12698.4387746291
4.69299564462,-14815.0257803204
3.583726732,-12686.8261346902
4.40264416021,-11656.5235106886
8.07417377609,70670.0423099366
3.30653917433,-11992.261426287
7.56590697347,-10733.3349243853
7.95925336979,-10165.6110864003
5.03415181067,-12257.2345822122
4.14276514783,-9009.2958723691
5.91319311354,123992061.969097
7.51233300668,-11339.2880312455
7.06830817965,-12165.5554875306
3.64499948661,-12676.3198652654
8.24346945093,-9253.72040420923
7.2390877824,-12877.7694833891
7.8272609468,-14182.466353559
8.13548561501,-12376.4683705994
7.85523934716,-9136.2207928885
8.38829489717,-10267.5234388118
5.12909389097,-11662.8417367881
4.17672743957,-11235.9774855548
7.26902045359,-15509.5724088218
8.12658780736,-11988.7453560364
3.35327844395,-9363.85123453717
8.07862917021,-11617.5932584596
8.071386418,-8887.05438393376
8.28194778485,-12356.7281144094
3.36121126824,-13027.2695839883
4.20479921056,-8379.69908579576
7.41012107404,-9809.77758043561
4.62133254656,-8831.80339213025
8.40299790494,1373314.79636976
8.06158617508,55846.6737533939
7.6506356105,-10351.8682177985
3.38527289477,-11211.0699451084
7.64406094468,-14536.3847611159
3.35539630206,-10015.3227674692
6.10452102377,-14422.9112803569
6.86873072595,-12163.8585568833
6.92317627943,-11320.0199940281
3.45578817616,-11126.7219424245
8.06851311906,-9898.5414129038
5.29286754826,89646292.5373328
7.91379261681,-14689.5413806409
7.38815748145,-9364.58323863109
2.94989740678,-12615.405570344
8.36646648568,-11672.3435013809
7.73862014529,-12625.9215038845
7.74329904997,-10201.1987783206
7.96813380572,-12214.5403270922
8.5318745184,-8028.84352890115
4.24532908759,-12398.0238736458
5.2338319867,-12467.9819442034
8.47034987521,-8309.3982862302
6.36113371772,-12585.2488725372
8.13740331362,484.881977137416
7.77324853189,-16148.3795614418
4.29211575729,-10143.7600705191
4.87667457142,-9120.13993007346
4.41201697796,-9313.17981958132
5.03345998256,-10310.9035232723
3.84356993543,22967119.2719979
5.74090074839,-15096.7352337362
7.27686361884,-10791.7876207493
8.07158290851,-13332.8315257401
3.081713649,-14772.5262378435
4.5040055041,-10743.6458596851
8.10432539634,-10616.5273078864
7.79180324835,-11875.208066277
4.79369288189,-16914.449055266
5.04927450675,-13915.6572698767
3.83010553784,-7315.25441730376
8.32819049138,-987.29872407041
5.15294574895,-10307.6682933977
7.79479537477,-12883.5516740143
7.6472592975,-10918.4918695881
6.72009199199,-12574.2916586073
7.41709058181,-12960.8386813013
5.80469557625,-10716.0888738931
8.02583912806,-9268.43096595124
6.6838083671,-9547.81467883304
3.95978033718,-13674.374836329
6.50321981585,-11057.3713902882
6.62253994479,-9673.62487385018
8.02372203978,-8387.7663907895
8.49083110909,-12595.9127740567
8.02162570332,-13064.1181792558
4.82370960269,-13102.0998842898
4.75878184031,-9656.60909956835
5.51180348796,-9803.95617483834
7.94879091513,-12672.3415186731
6.87845588433,-10926.677106233
8.29859916677,-10678.2744218453
7.61561942934,-13035.3799840225
8.29138975218,-9364.65192062101
7.01069625494,-13276.3871186559
8.36696191833,-9016.58434735066
6.86369369455,-15957.2950566219
4.45181909486,-8497.51277459992
7.4159208835,-10537.9369185166
4.43547311314,-11486.9333839736
5.06936344686,-12317.3337459596
2.95908515346,-12654.519923398
7.54519262898,-12732.282181328
5.22300349598,-3663.13440078478
6.04810176418,-12428.5096435955
4.87378360802,-10277.8574895899
5.48595489356,111315.144829208
7.67329025497,-6111.34497103611
6.19234106788,-11408.5854643462
7.97191521309,-11534.5087142122
7.65578603349,-11886.4860574398
7.87182080773,-11470.5269257968
3.33078399638,-13303.1047950086
4.22584122928,-13065.4585807271
6.69170401868,-19496.590938288
7.35393124268,-9866.15831613071
5.80181856861,-10687.0417841227
7.94340198029,-7872.52800705019
7.89033068706,-12696.3746064806
6.81485804899,-10530.2639967977
3.58621055505,-8298.75745215805
5.26866841757,-13666.5450496428
7.44083949204,-16337.8712377837
3.61899670136,-17283.3444438701
7.57158233251,-9631.11871620684
8.13271652637,-13032.7022717175
3.46079754561,-10635.2049743179
7.42853086168,-11104.5166558629
4.60656453691,-10825.2020770956
3.35172793896,-8692.06487514169
3.87025108264,-13278.6465181283
8.38501782928,-13996.4688007352
6.16281047996,-12341.761792913
3.70430046657,-10552.7898972753
6.79123930775,-10182.2092176914
7.13302053976,-15857.5674243845
3.49768532026,-10768.6021904162
5.33005368298,-10192.1318809536
7.33426249931,-10269.0294256216
7.76271443547,-10169.3216455651
5.79102305919,-13350.5333172423
7.56993119439,-14298.2097854707
3.39785162308,-13846.9838583059
4.14953782347,-10807.785754342
4.96683458747,-8794.30977697777
4.4357971792,-7180.96810660137
6.65116395567,-10429.8301799808
8.35458737844,103054191.065363
6.86092706654,-10748.1728896853
3.04821932705,-12983.2174104727
7.50335058001,-9938.39872739041
3.56287487595,-10083.54019102
7.48403050752,-13299.6502880178
7.30385808671,-16033.1247031263
4.8470728731,-8670.90125681931
4.88202353934,-12038.934809375
8.17864556122,-11958.0227508936
7.37718453519,-11316.2388816455
8.16869921594,-11416.2286629808
6.86528902389,-13537.7166591035
4.04396180546,-12240.5861422751
4.1940008399,-13325.1195318658
7.47624759045,-10549.5534307142
6.57783103889,-12922.5275420909
6.59800450657,-13379.7698958279
4.4557393416,-10653.1646835186
7.42018867373,-13867.9283271594
3.67866357226,-14555.8827619556
7.59296079159,-14839.7838935906
3.24299795673,-13950.2759930122
3.56237681689,-12430.9394853444
5.2504205108,-13275.3727784694
7.55399009297,-13874.7133238741
3.35536673039,-15913.868580866
4.56522173099,-3217.27102483843
5.50797380455,-11175.9871858694
7.67033897161,201747.18580862
6.13360649918,-9082.5092984812
7.92621680957,-12241.50359526
4.05370819328,105259839.088296
7.85837283659,-13803.4330649893
3.94337203647,-11827.4890774747
3.95774562938,-13985.392365459
7.26322405398,-13276.6879023225
8.30159266637,-14873.9712991292
7.31932604316,-9450.65387826898
3.60736164374,-10140.248063099
4.9494415365,-6224.70553277869
7.71940838364,-13534.0510511704
3.83205591023,260814899.475459
4.26425478881,-14305.8336977684
4.55599543503,-15688.6592763705
3.81032802641,-16798.5949726612
3.14388950123,-9868.42717414306
7.59649530186,-10565.8446428122
7.83882064121,-11730.0022958046
6.43839932533,-8958.49621589853
6.75518717669,-12133.6100500871
7.53646782982,-15062.4111654169
4.86329808079,-11275.2030215608
7.34697763926,-3122.96996155245
3.64685468036,-12951.3068057265
7.69082024146,-11262.3299165808
6.28015229503,-10701.8615394309
5.74410504879,-9746.82846292101
3.30594019682,-9801.1957126313
4.79924402924,-13083.9328372207
5.86073600925,-11385.41127224
4.55965468345,-7332.42471498524
7.81344906766,-12667.7394220302
8.08656598905,-9570.66619262625
8.33190660188,-10354.5362557294
7.90445328076,-13694.3519404615
7.95508845562,-10690.226524851
7.73157777261,-8927.15097316293
7.57217260922,-12482.352800347
4.0932109546,-10306.7907144848
4.70610727847,-7393.06701464088
8.15991518581,-10697.6831027476
8.10669741239,-15754.096891851
8.20758511384,-10971.628015446
7.57235090452,-9803.833123472
7.86244175996,-8069.05061726122
5.19052353969,-10519.2469069471
4.26784392066,-12001.8259103305
4.61905295011,-14209.9254675872
3.60356984358,-12435.4564084932
3.77465354716,-9772.58462607545
7.43028457003,-12650.0939245455
7.6558564446,-10818.3360067419
4.40658624498,-11827.4815815413
5.41870496319,-14104.7996937092
4.42603616082,-13287.0204515941
3.02018760901,-10819.2100687958
7.49809280231,-13049.7567129891
7.45623333154,-10801.6914885931
5.838129564,-14608.1573695469
6.01663828978,-8781.63583940011
7.46198646016,-11604.6875984237
7.62642661268,-14670.3637209961
6.24626234551,-12914.5884434419
7.82900579042,-9980.35897700498
7.93249168312,-13332.0391891879
3.87166404439,-11480.4610376454
6.33074059934,-13031.9307010148
4.3316379899,-11205.6094482449
7.6982416324,-10057.6052366217
4.34351288974,-15696.4425849925
7.54137237757,-12907.2569812132
7.65155954082,-9575.10125757905
3.04269998539,-11585.933648281
8.12088891521,-10210.9517234069
4.19630859867,-8138.48691269576
8.28123536569,-9347.427372198
7.69234544195,-10473.5273084128
8.19793078189,-9578.75585820815
4.48448219246,-14742.0632337678
3.55032541015,-8494.37050539676
8.3420231084,3754046.02967826
8.24514130706,-8624.99856261687
3.58472150121,-9917.25538848214
3.40979949233,-11444.379053266
7.88776582038,-11876.6551878989
8.0615878334,-11590.4489003948
4.27840609431,-12804.452248367
7.95702485514,-15920.3398423725
4.75311392634,-13399.8650461181
2.90113109376,11430.4220187422
6.21214341903,-9354.41848201887
4.41492740023,-9114.99624188984
7.91271881577,-10502.6094754368
4.59921523352,-11587.0878644897
7.4578532463,-11920.0603031057
7.77897659126,-9516.03388040882
5.75593058778,-15491.2625708383
5.06253033865,-13177.1407012175
4.96324082899,-10836.0809378236
5.70206410099,-14881.865844118
4.84730653919,-10190.053460524
7.00004556454,-9477.64959869864
5.47861097922,4566859.00004764
7.78290142732,-19192.3577074724
7.17644583471,-16925.2350285547
5.59418359394,-12492.905721522
7.25063261245,-15676.0084333852
3.81008510086,-10420.4985051344
7.6589417285,-12533.6149876883
4.45293704372,-12501.8290035611
7.63876967602,-11302.7130522276
7.16253065835,-18669.6355236751
3.13502310509,-10458.813464533
3.31441365339,-9247.86809697658
7.37588480076,-13721.7282046719
3.74889153087,-9491.95058016758
7.85515364248,-13475.9259608342
6.90119231229,-14213.8310474214
7.78500157842,-7332.14504075281
4.46276165338,-12746.7186758482
7.08996249756,69414644890.9741
3.55885910762,-14370.1818837981
4.27061582677,-13540.2554889149
6.40690463882,-11595.8513651819
7.3070169203,-7219.87457330997
7.84640477932,-14097.044882662
5.94694046258,-13601.6796349467
3.94651307637,-13608.9041236242
8.4513473242,-13013.2965131049
8.36262485976,-9756.79077272837
7.62723894963,-14082.9916437558
5.78812166699,-6964.65253811873
5.88742685979,-16070.3736037888
3.2631273423,-8718.14277874546
7.31469059775,-10539.2385351627
7.73023056988,-9487.18133254712
5.29056619177,-15194.7598768522
7.78298389186,-15344.3430946619
3.99276940723,-12374.46042273
7.61477634369,-13748.5289252531
3.32767652143,-13045.6247603089
3.74897921579,-15909.2013921917
8.34247971272,-11268.9148863733
3.55750551442,-14424.2508935622
6.3413029361,-13291.5008733197
6.71044450162,-11835.9752618921
7.98468571176,-10263.8624713606
5.04862425517,-9091.39102820004
5.13992994218,-11930.6507473578
4.81017222037,-9020.82685773806
7.88576590863,-15235.0569822088
7.39755753631,-13791.7950830741
6.74415120832,-11085.0717949532
5.13295475231,-9768.0095546126
7.89253408915,-14091.8006623847
4.81258313245,-15847.8322274756
4.22873064768,110038.84303165
3.87034432724,-9440.74511597763
7.66863188122,-15873.64871007
6.40894355783,2046684502.70605
7.54690221847,-12772.4009863664
3.59192486353,-12062.5002523061
8.11088366218,-7282.27945416055
7.10675631946,-13262.1317622672
7.96200735571,-10291.9337090126
7.60112805158,-16825.523373212
3.0219782341,-12255.5940274456
3.50154395641,-9578.35045311039
7.65695370487,-12055.3924443569
4.24878214005,-12456.7280321816
4.91946018845,-15836.3992185331
8.12205977952,-12626.3809284332
3.20513030843,-11558.1501030717
4.33756928201,-8895.93065812997
3.63067839653,2.42988468837976e+18
3.87128453188,-14046.7507771089
3.74417588222,-10404.0679221393
4.27414267234,-2683.68148517107
3.56241416759,-11678.1731263039
7.79419560604,-15470.7779480361
4.92041870523,-10904.5000361651
7.3318546425,-16252.131810646
5.12152560333,-12199.8211289602
4.64843887663,-10608.0071502844
3.83462050606,-9591.89932400654
8.3338413322,-9554.12667696062
3.05572143364,-10888.9695155264
2.62042350675,-12186.522593459
8.3924250237,-10547.6845543814
5.85391669082,-6416.97999894321
5.75429434389,-3019.99551940789
6.56934420934,-12660.0855107986
6.20815113589,-11986.488329407
2.90453920678,-11232.6481517671
4.30485828186,-11437.2191588509
3.67534040626,-12347.5328182708
7.80819487512,-13734.1445213386
4.29850653962,-11530.0307683697
7.45456832169,-9798.75877018838
3.49198585325,-9408.90303552788
6.22045898833,-11589.1084518277
3.75080604873,-14054.231825146
3.70370301944,-13377.5324129859
7.60531046099,-12912.2610995401
5.99512075471,-11027.4770835097
8.03978485759,-13127.6859588907
8.46923834279,-8223.31995456541
7.86755812227,-10486.5249683023
4.56530004928,-9463.82451568059
4.94640146639,-9876.2347093681
4.13561933595,-10241.9750139128
4.68505985712,89152768163.5522
8.0466938793,-10114.9626032679
3.38729187503,-13328.5279147531
3.21007543843,-8744.3173696757
4.32352083354,-7933.51486292951
7.54175722478,-15565.0974990217
6.88319954192,-11394.7277194693
7.06174723721,52897.1535865307
3.55350206816,-15501.9745765767
3.12379820803,-12800.3637888757
7.3786927044,-11677.1298377699
3.67847841477,-7201.60362207169
7.24907654121,-15233.0582584315
7.54368521097,-7689.12150415563
5.19178925107,2385478656.90734
8.03465719914,-10009.178399663
4.78374017258,-12737.4684060473
7.6880362671,-10820.7995396943
4.6587541133,-10893.5300703458
3.55263309106,-13484.9019343111
7.8703175348,-10858.529476022
8.27167311759,-10973.6964353825
7.51723845668,-11098.0882447359
5.13295790794,-13748.1286097094
8.11256164098,-10372.2622933216
5.79917876679,-11896.8852259359
4.65527831223,-9336.77214220058
5.01577082383,-1328.52659337325
7.8874299062,-10552.7671515352
7.77294643038,-9579.80516851824
8.19357610062,-12449.0045366967
4.4028449799,-12566.4416768418
4.7602454344,-14044.8045425951
8.14556762123,-14354.2091325982
7.58212248055,-10563.764718088
7.41236926102,-8389.72374998679
5.35322241848,-10212.6531453863
3.502882751,-12758.0179369493
6.68318988015,-14139.5653244083
5.17790885196,-13377.5763414063
5.70010193527,-14258.0762441572
7.18377454937,-15731.346779041
7.98010657324,-8867.8734286458
5.05758473819,-15412.491024697
7.18912264026,744439832.55879
8.06296648228,-7783.13381344467
8.38712274597,-8927.5222021859
3.85821894872,-10712.7109653595
4.20471976736,-9026.56350824913
7.87060849409,-12272.8126659769
5.20429124023,-11781.4649313636
8.17746953288,-12855.5487509734
7.66817496623,-12269.9113991146
6.51085936968,-11175.5970596873
5.23540418301,-9381.54792018217
5.06939687714,-10762.8076653832
3.10274040887,-11780.8608508137
7.15048001701,-11283.9932974371
8.04407632837,-8088.58039787348
4.41232001576,-7222.68648896629
4.73103859693,2925.38380329091
7.96823004358,-11303.0060457296
4.81312207767,-12785.226551968
3.35581888224,-8462.0288352799
6.74333829993,-12751.6687026249
8.11069801883,-13349.8234931611
7.16910753933,-8460.09366403292
3.12399900285,-10783.9845673329
2.6131408504,-12995.8054907861
3.92362346573,-10695.6287243236
5.1218700659,-11779.013186386
3.30195809871,-10416.6933139126
8.18541168626,-9764.73827936675
8.41060317475,-12965.0934060014
7.46094264125,-12677.607323591
7.80730529972,-14608.8909517162
3.97783818719,-6846.12914245965
4.35658663773,-13975.5697798436
7.6345233697,-14280.5728450195
3.36792583816,-14091.8514221154
7.78610993186,-11139.9268625464
7.48224335001,-10218.190029404
3.80788502164,-10044.1611315369
4.1023273947,-8807.90697945332
6.59259293313,-7997.00849288574
4.55768860912,-7105.76407460317
8.42077826355,-10940.8782856565
4.70916444657,-8606.4408179898
8.03100802998,-11107.1431190399
6.08862746702,-12631.2317866177
4.56269274967,-13980.1950367181
4.38916303591,-13774.7082085212
5.5608256394,-12105.7815484781
6.91190416251,-7705.55316949461
5.64643739559,-10662.9467224184
4.21029221235,-10265.5271458985
5.98807112693,-14734.1663189052
7.64490507845,-10728.1043584125
7.91078730991,-8400.23738460159
4.30289502846,-12160.2636930758
7.90400516593,-14802.33665804
4.65160795873,-14175.1747669787
3.27203338803,-9661.70806522921
3.66097750883,-12488.4221803446
4.5138120897,-7385.68010611654
7.95845906042,-12249.399906874
4.62385635407,-8796.27332192129
6.8834845875,-12454.001038576
3.08924336603,48510572.4298849
4.31904026447,-12820.1299744503
5.66063651671,-12966.242142382
5.74467210167,-14506.4288177737
3.82451519015,-10038.9660184679
7.06514282834,-14136.3066547581
3.66311301797,-11944.1727462768
8.45190765658,-9957.37920961363
6.91766180076,-16723.0666145932
3.74593328321,-10955.2177179697
5.43374965374,-10315.5889933981
7.09681711917,-13311.8888585368
3.52660183617,-11390.0326574284
7.88399916278,-5267.17113079767
3.97563126603,-11565.0348488362
3.75983678792,-16330.742360504
5.09324165739,-12849.8915615384
8.13302027644,-12918.6878598193
6.34831808833,-11006.9640353378
7.6995098847,-9452.65499538625
3.93480723383,-12841.1910020356
2.81641431349,-12164.5674752613
3.89873696289,-11839.9437540899
3.58381104585,-7858.2492724988
4.83090069147,284773801.836306
3.1364977039,-10576.2377200215
6.62161240535,-11201.4866341994
7.60907639068,-13194.231070337
4.2742118,-13193.1824538322
6.51198568569,-14306.3702678322
7.74296908482,-14043.6196212699
7.47714747397,-12957.55554137
7.89510709965,-12596.3137243179
5.82377849023,-3249.38837372648
5.19403459257,-9669.15560940983
5.2312894533,-11393.3759573593
6.81925652428,-8458.76023916341
7.47945114222,-10131.4687804875
4.225983621,-15337.108039999
3.73728810037,-12528.3579545831
5.22579836929,-11403.2281404252
7.50924930491,-12926.6227147244
6.00884521737,-10575.7794461285
4.42960445922,-14102.3957280717
3.86252773205,-14888.0155509622
6.41965156552,-12059.9239753769
7.9054506824,-12091.7408800171
4.35584051096,-18162.9000180694
7.46288177105,-11321.7679519313
3.24777288316,-10468.5976048641
6.34718385102,296943624513157.1
3.35051883687,-10503.9686026357
8.0142884394,-12153.0300456783
2.75772425861,-6914.0433936841
7.60611663432,-10711.4254016102
5.75793829369,-12953.487214101
7.63137776223,-11358.261350239
5.0132932014,-11304.8751627484
6.92682957303,-10351.0003486043
4.3903413547,-15039.6703970989
7.30538733233,-13636.0162392307
7.58978008505,-11385.5742170502
7.81934752089,-8097.50509443104
7.80221439096,-9066.33155764052
3.31536358158,-9413.86234297895
7.32679448037,-10004.6815359656
7.90344772678,-10983.8159714048
8.0593915142,-13331.0006593179
3.6411257683,-15420.3308928008
5.79170292086,-9192.58510041552
4.18674274051,-11231.7678335626
5.72055549103,-13365.6988736791
8.43735375212,65181596.4664657
7.82315118701,-11049.9625423801
5.76917526409,-11234.4282478927
7.74916944381,-14183.2706041794
8.19360664555,-10801.1340537479
2.98056561101,-15605.3998527912
4.21993008296,-11551.3624859107
8.08458214534,1938.32583824125
8.20294569546,-12143.2078393186
5.20734688974,-8973.54208928503
7.48302771758,-9822.35131490174
3.65527266651,-12466.5996972547
2.50985700514,678194841.65064
3.64380397041,-13445.5937475535
7.26186692131,-15013.5629507694
5.1391179522,-9761.9189923517
6.25130117735,-11577.3148687266
7.31807699228,-14306.2557631104
3.92578718163,-9584.09077688584
3.14960706694,-9215.03228551654
4.9361060799,-10431.2339429964
7.40068157743,-14789.6061149866
7.99185017735,49634.3184642452
3.22538432988,-12418.7443490942
5.69194118331,-14220.7775423101
7.65035137329,-11212.4056290926
8.47403944498,-13075.8588813972
5.36521159272,2527195321906.28
3.61441445631,-13539.4217604934
4.03512690331,-1536.21645637428
6.2640742013,-12326.2755621977
2.80765558038,-12746.1813690722
7.50413896602,-11751.5500186302
3.28497574114,-14132.445160662
3.79743298661,-16334.4228205679
6.55314868161,-16459.5303527681
3.93855309191,-13691.3096420729
4.15599924161,-12164.0066043527
7.99456238231,-15357.887452066
4.10638668465,-14490.0497601455
3.67442345055,-9215.75479756401
6.75864888189,-11684.9836342141
4.84872692935,-6768.79737351925
5.14733443463,-6340.03300631758
4.91178291832,-13165.3366022438
5.93292773191,-8482.03329192197
5.36533155322,-11844.5061932138
7.43763616095,-9720.52329180744
4.41727878258,-13063.0171147126
8.24367967019,-12391.7953828872
4.68634907609,63956069313.3793
3.08234846193,-12124.5934260666
2.78322595257,-10126.9438644492
7.44742520888,-12288.6861509871
6.99794053045,-12685.2971348303
8.12876293999,-11872.7926080493
3.85441855337,-11583.9708854337
8.28279631588,21033.3156330648
6.9651969298,-12550.6711884114
4.92155933987,-9200.86566914567
7.80178336126,-9560.75578895104
7.9537612443,-15101.1874167995
6.99141677969,-15135.1383739497
4.3728150085,-14145.5110740084
6.05449163186,-10757.4654169002
3.382109185,-11416.749734666
7.78423817531,-16575.0773133539
7.85712338673,-14318.7301703752
3.77059271208,-13488.9770090754
4.03340420816,-13911.4612264923
8.04122944077,2321167.22804764
8.47527623412,-10785.1138644632
8.10683487677,-12515.343377208
6.11068184565,-9570.18582680866
3.85597177911,-12306.4116554779
6.92931784663,9649.34592841256
3.77537987655,-11330.2021175745
4.82191865773,-11102.5588087881
5.96919625899,-6810.11571873121
7.64143015932,-12169.9739321639
4.45970522342,-13471.1099046716
4.31534005498,-13332.685104225
5.18902989017,-9390.89378330238
7.53371568381,-11797.2990709802
8.11620057976,-8269.53039219068
4.73577307733,-12291.0520937081
7.4180355876,-11585.3828407156
4.47762750735,-19624.8836005999
4.19113136879,-9718.27203761918
8.14971433144,-9371.63411499637
8.27817361896,-10704.717887726
3.28692485897,-9100.31960912804
8.16985941772,-10149.9675890194
7.2614112009,-19063.1781747808
7.61376621265,-11693.1435831269
8.20688116667,-9137.56872045131
7.38193655651,-12095.0212520641
4.06936225444,-9720.92787122578
2.99171607768,-14011.0428883001
7.70231799566,-11919.8862846482
4.91619178561,-11690.336121424
3.53671557486,-13301.5586841044
3.96797009984,-9002.619260055
7.31563426787,-14366.8139615101
7.07317725089,-8788.26310783446
4.20669276324,-6651.85835875608
7.11104383811,-14245.7819231224
7.44289276263,-12488.1836362758
8.011352888,-11474.2021606031
6.8928315173,-16387.7371024677
3.28191634588,-12146.8306145989
7.58786694171,-13002.5389638305
8.51611492233,-10793.1686748672
4.21240025488,-12959.4223118055
7.81845181276,-12371.4569133915
7.47967832755,-12887.8906486022
7.327926465,-13095.9997594248
3.65572099796,-15012.1146813355
4.36200428209,-10487.3263222739
8.16094742681,5775473.57345471
5.62608907562,1099639.75104829
5.87929446216,-11716.4591148649
7.46083266919,11186.5287865267
4.17784643187,-10515.3047694921
6.95931025569,-15367.3090148756
6.73497851498,-18881.9394902643
7.56391227946,-12928.192946646
7.9982221336,-14760.0225691628
7.99086635836,-10586.1731873662
5.07598419745,-11809.1706567085
4.47087284337,-12843.5779818774
3.16687354878,-8723.26472502829
8.37458867113,-9676.18501122687
7.88932928576,-12632.290922736
3.44035108678,78865349175.3474
4.75885487525,-12461.2267723496
5.14685700963,-13490.7534578167
3.84850773642,-8597.1654292625
8.16039995142,-12362.7331818547
8.18905275421,-8197.91484280958
5.27383763259,-14407.9336942226
5.39228685817,-15016.3198588354
8.10132863468,-12656.4477990305
7.30543322974,-1667.94981242315
7.47763630493,-10715.5106304661
7.377179425,-17072.8776201763
3.24979967944,-9621.18186852487
3.88085822619,-10596.63403343
5.11421295885,-10469.6482302472
8.13971950568,-9098.14223361867
8.30940588262,-10104.0331715984
7.86029423177,-10357.5735502172
7.72405502513,-8076.26127049419
3.81588469859,-9505.39587150766
7.72221585797,-13494.5596809808
3.86705864337,-12336.3588264452
3.12413627837,-7273.26950452935
2.94186039383,-13878.4205562613
6.64965794498,-15748.2811308399
7.98873849949,1585.45473699191
6.08791797447,-7585.31878971711
2.13585431309,154448.862355578
6.32372747517,-11814.0648375618
6.44586272994,-7625.52194083714
3.7986586725,-10475.3198833825
3.62506582112,-8719.80947249187
2.58739278902,-13380.3554493915
7.98296223102,-14974.3432239869
2.87630985481,-9021.38209272079
6.71670801017,-11416.7183722944
4.15929241996,717169016.800091
3.91145078058,-11790.5012104977
8.12767445613,-12123.7986327923
4.97294045194,-16494.94805919
7.93820740789,-9462.6828521857
5.33291304757,-11508.7424971185
7.43270634185,-13076.4145287316
7.82758406899,-9952.29015323857
7.66624203837,-9680.61975754134
4.7081192982,-7488.05171557446
6.89946912706,-11794.5667363635
3.68218961009,-2962.21430954202
5.63540422278,-9026.22137613425
3.28364787219,166443.25482333
7.88866060728,-9009.83278137833
8.0096292632,-9447.53920452378
3.26456074187,-11419.295933985
5.81922885697,-7075.79951249709
8.40957033664,-10274.2884446161
8.13319574708,-16314.2871354839
7.77545621774,-15004.7597754669
7.7890369995,-12744.9925414272
7.24080116723,-10047.9938047288
7.87576923857,-11835.4528487731
7.69915516296,-13913.2552113611
4.13570803083,-9593.46677181076
3.17909351286,3.23358187972272e+16
6.04757773351,-11777.7102305675
8.04776562344,-9560.60817021658
3.59393170073,-10765.5235773982
3.60887865335,-12323.2653582814
3.38781105821,-13751.1709731836
4.05885601961,-7087.1970659289
3.62709106006,123372637.148633
6.9319681448,-16894.8278721396
3.31641496765,-10598.5457769872
4.01653285546,-18729.5762794308
4.77322396435,-16467.1833785168
7.43282659648,-14380.3685254311
3.04097340544,-13145.8414993144
8.07194719694,-12942.7844292135
8.53307111522,-10078.7959923798
2.74911603296,-12326.8580442378
4.04909528231,-10733.3511172675
2.96396922452,-10072.757541935
7.05646205328,-8693.0615484527
5.77226142847,-11147.3018690064
5.76259413764,-9146.62012435181
3.34814834743,-9999.66067971547
4.52897608857,-10087.6878498541
8.13140950575,-9705.9956016211
5.62861922744,-8372.83637414501
7.64544496454,-13194.9649957325
7.81192606479,-10306.8718701051
3.72825260288,-10404.9325237922
5.70395597607,-9131.14690197764
8.30148897939,-8727.06012009508
3.00116248047,-10799.1255582099
5.93632773515,-12241.1797658063
6.16303614633,-10435.3643721832
7.80101238628,-10932.459994793
5.09715993177,-10741.9267612628
5.51679897071,-10290.9320904026
8.36488985764,-10038.0913127474
8.00930152019,-15638.808757141
3.96862569491,-9391.66254586239
6.82148367578,-14438.443681433
7.87748944853,-14107.112556317
5.75425765733,-12641.6943076804
7.98366981802,-15070.6318961517
3.86357791837,-10836.2920165693
8.07451856825,-10835.7301296247
3.82243275698,663.873118440693
4.86065187144,-11820.3003285867
3.9184474742,-15592.3664450741
6.88006949124,-11418.471184962
7.11588514785,-12373.1889127771
8.00563491472,-9239.46381668859
4.43639718722,-5707.12660758982
7.51764006467,-13371.0476333101
7.81330494992,-12747.9730874585
4.791115612,-12439.7094213468
3.35740930168,-9967.97915634563
8.11706026313,-13111.8519330045
8.01381567874,-9338.2699701024
4.17291659367,-9562.79170053884
4.00065383684,-13095.9324577259
7.93692488095,-7294.15371753632
4.35606716612,-8862.95313122462
6.44675413662,-9252.48153366077
4.07128682708,-12049.8540938014
2.96483975231,-13833.1612885144
7.4160300753,-7598.89335736188
3.78076878542,-13215.6848006266
7.972230063,-11018.4406516508
3.2735528624,-12417.9202181404
5.86927147133,-13758.5699598078
7.73953546326,-10150.8618981079
7.90920559327,-10499.8667469269
5.81846168362,-10554.44091
4.41895360949,-11759.89803
3.46790169052,254260.9362
7.77639405243,-12921.21534
4.3668795314,-10314.16098
7.90601867791,4119844.639
3.86402553516,-13072.86042
8.15495066996,634114.9124
6.86030237707,1407809.985
6.77151723246,-15991.76345
8.35630259215,-8289.446924
5.96298661491,16039658936.0
3.708799108,-9814.069252
5.18450674344,-13546.56169
4.85485075078,-7978.555822
4.59841390428,-8009.812081
7.31694554791,-7842.864793
7.65049940503,-14758.13316
7.92196858486,-9636.820348
7.96036135814,-12752.80759
4.59057138558,7336529.454
4.12589512079,1737794.344
7.65557913566,-10256.95942
7.73572335791,-10389.6896
7.91685038202,-8065.143443
8.36989439764,483800.362
3.43619094503,-12022.2025
5.81152766968,-8467.192806
8.2357628723,-12503.83099
3.56425856468,-12230.24863
7.27492914738,-9741.757312
7.73988948476,-12910.41931
8.09510033056,-11656.64128
7.43773451657,-16753.02291
4.44091487161,-17389.22632
8.53444305155,-13179.10232
4.28968611013,-10998.3382
7.26670196481,-12086.71213
8.07958682288,-12721.60679
8.25477946868,-11384.54605
7.84158167565,-7139.650156
7.69627729494,-8568.477807
2.83671130915,-14241.7494
7.9034786957,-13525.94616
3.22865326778,-9154.420099
5.13141129967,-10495.74457
7.78709505186,-17199.27683
5.53783782269,-6935.602481
7.81056825752,-9540.082475
3.70303411544,-11328.71762
4.94179605946,-12012.32691
5.46439105068,-8421.252404
3.33803084997,-14905.52299
3.91908046677,-11299.99727
8.18945833703,-14387.05332
4.02929194932,-9480.104947
5.71837630739,-9321.85282
7.4322960516,-13879.37762
7.97792439264,-8324.124337
8.10793399941,7416.721882
5.43158670013,-9494.375974
7.38235924646,-9081.999336
7.66175479443,1087428.97
7.53559680405,-15116.94144
5.08917580581,-12399.46253
8.14757179396,-17374.27819
6.3072169292,-12103.90335
7.12497342736,-14056.02429
4.28088653733,-7513.416039
7.05824008313,-13683.20449
3.05766363527,-15005.66964
3.25389427983,-12598.7335
3.9367898685,-10654.5117
4.57553348384,-10470.00968
4.63423438724,-12075.84138
8.20240102531,-13109.73869
8.20236325713,-11181.51174
8.10605456532,-15985.72874
6.03670920021,-9315.236734
4.62335509565,-10528.63206
7.54742337761,-1367.52032
8.1766769155,-11202.11472
5.23907372463,-13499.61106
3.49545195869,-14922.49467
3.45582329648,-16455.91826
2.81841809131,-8821.042155
7.85513849614,-13071.59993
3.59489931642,-15295.077
7.94274600977,-9311.016358
4.46143788439,-8637.063374
4.43724567169,-11116.43553
7.11807893319,-12892.6453
4.74980147399,-8769.85732
7.41240438505,-11473.07392
7.63772010417,-11181.22956
7.62242869366,-15160.9064
7.673661554,-10781.01945
4.01456119936,-11993.46222
3.03904159815,-11248.01006
7.52058268399,-13914.25554
4.60101175962,-10394.30522
7.96914379549,-9901.651045
4.86175397863,-9239.382699
7.4514870331,-14040.3644
4.86479379081,-11704.29079
3.80576205692,-12133.82613
7.95355755421,-12897.22647
7.95301230504,-2877.094211
7.98531825668,-12166.99655
4.74294798948,-8046.437506
2.95411707903,-12644.32214
6.1131482208,2.38e+17
3.37148364801,-12114.08181
3.19346963839,-9094.117383
4.91815344799,-12375.81381
4.22727665733,-14516.25692
8.13287482697,-11650.48827
3.69079262484,-7460.875629
8.03115788707,-3511.947422
4.24369715492,-4618.814088
7.47717671771,-13251.28725
7.81354247362,365826.2122
6.71433954932,-10091.79347
3.78321298813,-14552.38262
7.58956856404,-16902.84598
8.39187541344,-13672.98176
6.66591362744,-11656.5884
8.18849425057,-10981.44592
8.30469936497,-9451.939546
7.626602026,-17007.24604
7.32599316022,-9576.666701
8.48760222071,-15646.04017
3.57645740859,-9504.46953070513
7.63480670817,-17532.7696767782
7.6766398638,-12613.1267945164
6.66168269719,-11269.5410382218
4.02099203472,-15813.1587446268
8.22630618792,-9940.12661239703
5.68623945839,-2525.35728052568
2.91753747924,-652.608293677316
8.16299896499,-10259.7073627581
8.04753238968,-14122.404026284
6.94391553682,-12694.0835663252
8.26206829031,-11226.2108015604
4.70188093742,-13540.9822209451
7.84992857824,-12743.7898850271
7.58808021594,-13243.8304288528
4.44177128244,-9061.73416187729
4.46589291574,-12903.1811624266
8.090617853,-11463.3968226257
4.35910063977,-13130.6979281559
7.81368740934,-9663.4791344546
4.46284857941,-14953.0000513467
2.78797187907,-11732.9233079463
2.69232756737,-10291.4371764461
7.91244100073,-17559.3264054797
5.98554702295,-13224.1758239892
8.21214511667,-11601.6371055422
7.73214440457,-10722.1166063273
6.46170190233,-12377.75556183
3.32057538563,-13008.2230420668
7.30897687604,-14484.5981147932
7.68390950568,-11852.3103183934
3.91020321429,140353.400354744
7.73138437337,-9449.63392343861
3.47637618969,-13803.5384779423
5.305293269,159996063.146938
7.27084429721,-11662.5019085956
8.34476687995,1227.90112045915
5.01802243598,-11710.4356453648
3.32842821298,551903198.709808
4.70171586374,-14484.8754797077
3.49561437041,-11809.2546362843
8.4254519096,-8525.90833435956
5.40862429828,-12506.9830538008
3.19749468448,-11561.7120795251
6.9058309538,-14494.8001905556
4.67736246781,-10978.2822919166
6.92943298886,-12572.3848314508
5.9717413827,-14003.1078691475
7.89675895979,-18060.4423953199
8.09630770013,-11743.9066258373
4.24431462804,-11303.4332043421
7.9566316123,-17336.9003098427
5.38133200674,-12994.3537279311
6.15307004171,-14576.3720492046
7.82419551574,-9505.53903778034
3.35157295744,-16142.2073907987
7.77498163189,6484334.89458222
7.18669421886,-14285.9938643917
4.62205117337,-14130.3377452767
7.62859551523,-12798.9380458893
7.67486022238,-13825.5737957134
5.51181489268,-9316.18009445026
7.75428994135,5131.19665480607
5.26816705356,-13136.0170022755
5.31129626926,-7549.86702821989
7.85534296081,-12091.0661474786
4.64351155634,450117401.78451
7.71140923511,5800.84167389944
4.14289976339,-12995.3171809925
3.67490209787,-16125.401892721
7.40104468797,-14734.9981436502
8.42493221638,-8519.99007574746
8.16304948769,-11284.0602985522
4.43877386576,-14629.5281646113
7.68393039632,-11509.0514996257
7.60521780236,-12958.7063282755
4.01492241826,-12123.2098829995
7.01697978961,573502.354978601
7.10780065265,-9104.38320729472
4.71176718494,-9066.48981680288
7.88668190491,-8826.66733665205
3.87619262851,-8676.68047375547
7.45992741523,-14149.2876391804
7.76807569988,-10933.9571948228
6.95127060592,-11494.0961367692
7.34064513311,-11620.1837809404
7.60268248656,-14098.0220051545
3.86521163887,-6032.37037915409
4.84711370552,-15852.5269868464
5.06598922423,-8286.57490293196
7.23811533143,-12524.9881673404
7.46530088806,-13007.5120562694
6.76778719114,-14299.1340413299
3.82819389552,-9759.39707873837
4.43942459115,-12380.2214850689
4.16261324576,-10485.3596137996
8.05178375115,-8126.92288407041
8.17015412963,-11230.9839965836
7.58155682011,-12148.1330359827
6.89913506458,250988.150286187
8.06190988907,-14475.636597193
8.0116948016,-12103.9559605175
4.37411550304,-12576.3417219809
8.20846294599,-10593.569876315
8.04257922997,-15753.5823394465
3.42520897256,-14053.1787088459
5.90326570703,-11429.3193026518
6.77334812142,-15509.9582437266
8.33877822746,-8017.80360606781
7.96959521627,-11415.3703666222
3.34046441743,-7929.40781205407
7.08158850164,-12034.122783038
7.84224777813,-1240.21306850334
7.75479514302,-12408.4603983276
3.59684306413,-9061.20205662271
7.19886291265,-16267.7092094036
3.15729155658,-11236.0784789712
8.45156618191,-11539.6114738044
4.37207863366,-8235.03455706208
4.55349278313,-13212.1266126409
6.66093968307,-11803.8936722034
7.83138219048,-9483.57306304832
7.76523969808,-13593.9056686427
4.01482595455,-8102.28791675725
3.72826588957,18888949.9193947
7.69799929655,-12865.2457817503
7.66467107241,-11020.8380398773
6.14424129705,-12564.0969471561
7.42670334463,-7967.3101578204605
5.26853922535,-9272.71196551717
3.81010811597,-16781.152109199
7.01858852006,26083178390618.6
8.22470997047,-9806.13674786846
6.04319320616,-13051.8111020698
8.48494648668,-5885.85523984688
8.14969101739,-12803.7339107741
3.45441890952,-9432.12957006146
4.5635478119,-9292.20234394054
3.08514356972,-10950.0726108296
4.16338247683,-11847.7992611502
4.32991823687,-8037.17290160996
4.43776592978,-13143.0683571589
8.09012011001,-11785.2384169832
6.78649623315,-12883.8029787949
7.55288339535,-10376.9452459155
7.8021063323,-10957.696988197
7.25108513518,2497447906.74663
7.87449817074,-11738.9819783539
7.21824085088,-13220.8561755595
8.25676444933,-10686.7313074803
5.08317448183,-10504.0390440101
7.48400943395,-11700.5458849167
7.7158877735,-12345.7217275142
2.86378696438,-12926.8201222775
3.60993466941,-11414.8306376675
4.5728480011,-7911.26508572481
7.57892892052,3041.74062487038
4.01480904654,-9818.24680491075
5.03227466115,408.740921812016
4.62763332761,-10909.1140749935
4.60083444492,-14587.9891451285
8.01791568779,-9790.1288962712
4.49597286559,-10248.1853926969
5.73186810803,-15982.4324971507
6.2049370776,-8913.34220911301
8.48051430636,-12473.5706628714
7.91886562415,-17509.1359060521
7.3232132844,-12080.91621712
4.21856205078,-12154.2235899017
3.98056509549,-14639.7055660928
7.62751458035,-9656.32352914622
3.33455447438,-6847.91820074048
6.05564097828,-8023.91675326395
4.02156177691,-15393.973344652
7.00819470928,-17469.2077481561
8.02164294302,-16196.813712565
8.33201692083,-10523.0937604979
7.44576514125,-13798.0092563685
3.21564029523,-12142.4811385461
7.18519330104,-13551.3454779363
4.61650719294,-10452.0658137838
8.07364883914,-13301.4364160555
2.77481243492,-10806.9347480689
7.318955543,-14798.0756839003
4.75271601796,-12203.7196921554
3.56304994217,-14374.585498316
7.95414107102,-12779.1908845836
7.87152536416,27839613.7906994
7.32546720535,-9288.36733051581
8.02322773055,-8701.33245303657
6.98367913132,-7682.74438798133
7.63634506625,127735039.598186
3.64470259643,-12055.4282845535
6.45957007111,-7534.75316660484
5.41195216799,-8875.2303002534
6.74408018292,-14714.3604848924
7.65132629969,1616092582880.12
8.01584297409,-16330.787057168
4.49676899416,-13302.0217572913
4.8118199375,1692973431600676.2
8.35785533341,-8819.55656062204
4.27590757942,-7277.19267438331
7.84270671622,-13468.1610143756
8.37633205275,-11311.5500812592
5.37115778871,-12297.8024038505
4.5935912824,-7626.88202040544
3.22418497119,-13882.0519160142
4.94231892296,-8675.13745565759
7.84667566276,-6819.76139053
7.62690102743,-6291.99063019536
3.77846243755,-10425.0571318264
4.32162410388,-10843.0348606666
4.77781682228,-12967.0061998719
7.64619635164,-12141.6288683979
6.80246783807,-9896.57629205461
6.92268032439,-9833.36140733532
7.81059127314,-8055.29959633365
5.75251480259,-12394.8246725509
3.8075662066,-10179.9873144464
4.54063863063,53625.7972812148
8.10806028221,-8722.72697349961
7.57102033226,-10511.1186383686
3.82595197751,-13032.4438463086
7.30812059933,-12176.5233434872
3.33886432547,-13602.9420917416
4.32016280204,-13123.5146260557
7.70260912582,-7136.3374258821505
4.60616963143,-16890.5010077693
4.24277471398,-11240.1186460528
6.51008068127,-11230.0976815617
3.76530460097,-13714.0046676365
7.55271320703,-12435.4083162061
8.18460202844,-13138.3144483544
5.37578426286,-10499.4608443884
4.61208485517,-9234.29931854407
7.9843372902,-9580.33763913016
8.20965567169,-14364.6282053757
5.1092180395,-10098.585649217
7.70522651924,-11041.1489232468
8.07339386928,-12535.7179881783
4.5570525294,-12196.0616449423
6.59482285601,-12883.4041978538
4.14709622288,-12779.1599605262
7.84456958978,-12365.2412995093
4.07031488815,-10534.810370324
8.35648275642,-12718.8309270811
8.37214014748,-8776.08165685479
7.67633017185,-12456.9598832568
4.67136329548,-12107.569990698
5.63943757796,-9228.48255286595
6.68570441367,-11531.1172969307
5.9105255289,6140283.29980999
8.12461908007,-11539.9241421193
3.75249099157,-7802.19788969694
7.2900062783,-7868.86014728319
7.57762262565,-13067.9890140126
8.44983352037,-8972.21395697434
5.27998814428,-11520.784398298
3.56064264834,-7462.01864157815
8.1771222482,-10383.3166716615
6.9309238123,-13713.1058610818
7.21867272608,-14391.2810654277
4.0753109316,-12842.7266345338
4.02729872232,-12485.5069280347
4.10933498349,-9588.91747391099
8.54124476275,-11581.3472617763
3.69285803652,-9610.78455080797
8.04428544924,-13594.1155997233
7.87785975934,-10160.4436658633
4.49080749786,-7343.368476274
7.30414764788,-14113.787220746
4.59686626423,-8207.23597491159
5.8867032617,-10251.9390710326
4.84891625998,-11915.1149652099
3.26046539769,-8008.82394470543
7.83857085749,-14283.453506938
7.73384103353,-10265.9866139466
3.94455794437,-14714.3945979367
3.46174538142,-11167.4327685617
5.46643972255,-4723.20000388067
7.67297305469,-9698.36976213725
7.84002403512,-11027.1608181341
7.01387305143,2162221.85183654
2.95684310513,-13949.3491473349
6.4653541284,-12762.3179202674
7.34122008581,-7863.78902331477
7.98886513685,-11694.819158127
3.57167811896,-9728.92434620502
4.52489085666,-7675.1700358668
5.92217046471,-13274.0978549147
4.80362702319,-9459.99261384785
4.14159261969,-11949.5028439139
8.21892929384,-6778.22885385345
6.29209181669,-13407.8477101528
7.77216158653,-10107.0898257895
5.22684988895,-11359.2045401128
3.0329219474,484898400209.10095
6.44313348231,-13928.4401791986
7.10084497008,-13738.0614258394
8.3693275822,-11472.7711863847
3.74822961836,-10748.5076806997
5.54196790443,-13357.7349136608
8.05614318887,-11808.3809937458
4.3866974307,-12775.8434481131
7.45624614025,-14851.3000133503
4.45244362526,-11556.2868747521
5.66268016433,-15264.8582719457
5.49268377066,-15312.927511049
7.76293527811,-10052.5808989341
7.87723572499,-14894.6440081407
3.46527005436,35990717.4106958
7.72379579782,-13396.5909416311
3.96383287612,-13969.8767228309
7.53071073968,-12657.7538299484
7.95270770875,-15705.0504828193
4.23179360446,-13476.5881183512
5.11136131092,-4072.40623634382
6.53368609656,-11713.6497039861
6.74816980644,-16225.6152535037
4.66668240402,-15863.3260423985
8.21778463739,-11944.5552581824
3.72291624488,-12943.628231696
4.33307031602,-13628.9353586572
7.92897605734,4941829.77825959
6.00957743474,-13217.0578873649
8.06375207879,-8220.69018845485
5.91510044812,-13678.0443570249
5.6511546713,-14837.4859908391
8.16473968481,-10212.6597560961
5.49795974192,997403181.384039
8.00471337816,-11658.7828941392
4.74021974284,-11735.7149051562
3.09821077464,-12643.8649444092
8.36352023067,-14385.2482090445
4.4644695327,-11100.1090752187
6.08974372834,-9835.04596843963
7.14701659591,-11255.8279563919
8.41065791117,-11658.5456316366
3.63350621017,-15603.917900035
5.17053056043,-9926.01094793516
5.3414990971,-9765.3735673716
3.62968401737,-11343.702507923
7.01957120013,-15188.5613231873
7.66939421179,-10565.8799318454
3.99278497844,-12235.18662589
3.54414936566,-13738.3277648685
7.37415043462,3241901999.43861
4.3407539353,1613.7506571726
3.63420533581,-7123.88159708169
8.26934541029,-8517.80061241783
2.9403919628,-10336.9137705285
7.91534087065,-12463.7541640372
5.70976904221,-14034.2216851224
6.30951119127,-8217.78963423035
7.42674075603,-7229.47634481143
4.67990806103,-10744.2297794934
8.01303251484,-11240.2868492187
7.97196964716,-9916.66413762201
7.96312825454,-15428.7619652176
4.76328733855,-10742.9099791177
6.03284638007,-9937.90319498771
8.06209625587,-11657.4251935643
6.90279425094,-11760.368108674
6.90250975656,-12579.1333613198
3.97611287243,475670013.447083
4.70709424417,-9041.42541695168
6.62524927455,-14776.9177718993
5.07897215694,-12990.8503538336
7.63318613331,-12505.2875014589
7.06118231031,-12497.1594056196
7.97209414821,-14136.913309343
4.59353698201,-10528.7428759681
3.85644802165,-12575.5245662238
4.02748726876,-11219.0632405932
8.13612655009,-10617.2268534766
7.58734222358,-9941.48457316454
4.05493397494,-14365.5331950087
3.99909735838,-10308.9512448788
8.14669601444,-11309.6196128733
7.80005712969,-14606.0727969705
7.76897227747,-11346.2114226921
4.29988676228,-9218.88983065422
7.71078847243,-11011.5988676774
4.62136509428,-8186.17032397724
8.21891117723,-9512.68062092231
5.00730593198,-8080.4388922897
5.94375328277,-12127.745292589
3.55229924805,-10981.4051548443
4.96334155441,-9619.63089738057
5.88024065178,-12539.7782909108
4.58141367887,-9004.6640546471
6.92819066559,-13721.511835075
7.69845264305,-12062.0626775
5.7077635454,-12208.9736557446
4.39988523516,-14489.860236339
3.34485679763,-16005.2576847688
7.94002969952,-11571.1621078976
5.55689691008,2779.28010002912
5.29021327099,-7310.47644992758
6.76442700688,-9986.86712843041
8.27983049318,-13679.1819314912
7.10160226768,-13025.8474258553
3.77588335243,-11351.927681971
7.9784478096,-14085.4441906904
7.60163744685,-15409.9923145081
5.28278477954,3688.38196516234
7.39839547998,-10276.9964377348
5.08133527966,-12125.3682297104
8.06699841328,-9561.30491101858
7.05413150543,-15199.2872887527
8.27297421417,-14307.6450078565
4.49667193771,7.62949127078329e+21
8.04352425714,-9761.42106127602
4.06519603663,-14214.6643272771
3.22780038025,-13193.8848708829
4.89178949286,-7898.63065440341
7.81926392342,-14510.0749935638
3.2031895802,-14471.535040234
7.47121622118,-12531.1343104511
7.58636218487,143994.34217398
4.19245979953,-12895.6670757223
5.63158685415,-8356.06806939907
3.90343253383,-11667.8033259901
6.48636543672,-10037.2303389631
4.70854249956,-9256.78887963767
3.51274137989,-9618.56170105541
8.11780192873,-12419.2139657009
3.50838013344,-13626.4750480712
8.30409315,-8203.49602847902
4.29225460886,-13673.7106662127
7.48532198074,-11801.2276862632
3.06857837492,-10507.5588839481
7.42810411526,-15480.1634109347
4.54302093155,-8146.415038861631
4.93923379613,-11722.2859998162
8.03792597551,-14014.7090621341
4.3174871178,-10867.6439817291
7.3085168433,-12146.2185578148
8.40811450877,2837.81573451832
6.62831832877,-11613.1413155839
6.58529454909,-11426.7573405604
8.60292432087,-8132.92235360159
5.46205910925,-11639.4592886618
7.00160193268,-10984.2766640159
7.7515968049,-12473.2970256954
5.02533381715,-14002.8203782305
6.80125506079,-11067.4829987115
7.19872897822,-13105.7050655016
3.48189452975,-14814.5823726108
4.38056949049,-12577.3682532015
7.86224245558,-11582.8120347053
5.44621795048,-13334.7559152726
7.92441724994,-8831.59429390248
5.89127690735,-10439.77334156
8.10568427357,-8280.65257078366
7.74171217122,-15329.818780112
4.39516706556,-11628.6276696391
6.96242852083,-11679.3933958348
4.44957003201,-14642.4120303219
4.14739771894,-405.436631810189
3.79624971278,-10354.009827542
4.15528756298,-12209.6360144351
5.31341395063,-9438.03862040958
8.01134973449,-16434.6020823007
4.68917010988,-8325.44288744425
3.13998064298,-9075.89363209534
3.31151893597,-15620.878146001
7.4581101703,-10271.3045889956
7.6369444847,-15325.2719944061
4.31551101193,-8508.61515314049
7.95361433838,-14182.802532796
4.41947834037,-10764.8649625731
7.36263986846,-12121.1989181878
7.7489852677,-13727.6111394081
8.02372871668,-12158.3812821283
3.61443151721,-9931.37484162375
8.09689971563,-11936.852134059
4.99279033308,225892477.922139
3.35989400353,-9587.3533559694
4.31716749501,-12220.7187492718
7.37054667648,-10844.8620710207
7.75837326871,-10739.810723505
4.13120942116,-12502.6814899802
4.68209769934,-11844.5377495893
7.39219100758,-13900.0889860794
3.75041617428,-10866.4312316739
4.44684304148,-12742.0702205845
7.82320239642,-11547.3948325429
5.60718474465,-6658.55015729969
7.11801692345,-12685.4958137906
3.55365359807,-9496.22150562362
7.88900773085,-13202.1895652524
3.75259890096,-13476.2126859719
5.40409838042,-8339.16626202049
6.82288232588,-11502.4659230051
3.21686944936,-14539.1170761537
7.8989700025,-10665.8529444968
4.04742396434,-14330.0300864867
7.95143134567,-13079.2079277318
5.07525824004,-9605.38891086077
8.23940928411,-12074.5861881898
4.69090744213,-11371.0638430633
8.02704371744,-11223.6571186977
7.41414953681,-11972.834246558
4.01237666018,-14492.0771463442
6.1278052379,-7833.39430558339
7.55373306691,-13810.0824382761
7.17545220639,-15230.9476690835
7.49406997565,-9793.28480425592
7.75766520237,-11227.9836748055
7.8520613367,-9113.16408097609
3.80272377765,128708161.591391
7.2256384924,-11411.6379528422
7.78567075464,-9558.53331652114
7.62456549294,-8706.5785411554
5.86580649565,-9436.72811784776
5.56610302635,-11597.8478746703
2.82897063369,-10176.0641407591
3.48563486465,-9737.63993614767
3.31025085421,-13709.7094891283
4.86362352802,-13949.7870569711
7.08363856515,-11782.3706114242
8.40372804688,-10344.8397382168
8.05459340218,-13871.2582678594
5.02280129594,-13390.6921458188
4.18333038945,-15791.2000492195
7.51235401297,-11119.3159574411
3.95469615267,-12476.3352223771
8.00087596571,-12484.3905616086
4.38342569867,-10427.2428752896
5.23625614726,-12452.8718370768
8.23862530509,-11267.3298968824
3.47414621336,-10219.0864584594
3.00897191435,-8701.21724683534
5.21991466463,-9881.81989750901
8.43256460625,-9822.26215524332
7.79173991593,-15205.2312709598
5.41817239293,-9188.7316905781
3.9142867232,-13532.1021387432
8.1348266464,-12443.0880599661
5.13783972606,-12533.2873583565
8.12551351798,-11033.6823408517
3.22705622583,-12333.8244134487
7.80375747601,-16424.1421870074
7.52437868743,4626.33357774998
5.53383731043,-12669.1564792718
8.08376718468,-9248.97867840397
8.37497605911,-11720.6240950834
3.72687601039,-11285.3669089066
8.13943366928,-9369.35037263372
8.75939720878,-10087.244578875
3.41745926965,-8381.60441511839
7.91322962935,-12629.2548962307
7.22123992049,-8758.48838626483
7.42442900977,-13863.9707686222
3.48410887857,-12374.963470622
5.14978604931,-11031.8146190101
4.76067495971,-10964.1236798835
4.84957263105,-11483.743455126
7.33491664089,-8896.57246728714
8.16103595039,-11556.4574331626
7.99652475667,-12676.9130398028
4.25412599243,-13488.80807837
3.8973599556,51183455.6143463
4.04577213176,-9825.52266697439
3.95173673742,-9909.19974462611
4.70541489949,-13672.7002775088
5.57043860305,-6619.882793719
6.72200653086,-18827.9636622262
3.76140089792,-7810.45170540526
5.3317766714,-11198.7446956122
4.46665381557,-8287.54871922951
5.00833980667,-9741.60457147147
8.37840667026,-10936.2903221896
3.15439657094,-11937.890176472
3.86637212297,32072.370144057
4.18673247512,-13154.2281650799
8.023150166,-10049.3527315596
6.4656794239,1430583.61984415
7.87129510463,-11200.2103937106
7.0023671459,-12348.7844970795
7.79423733385,-9341.93400655779
7.56362625418,-9768.4038899295
5.5945052127,-13364.2425826964
8.21619516504,-12655.9283892188
4.35212753456,-1309.92155196815
5.46924937971,-14554.0513013932
7.49120831917,-13002.0684765968
5.40239243336,-3364.84454438154
5.2236344859,5397.94482974111
7.96498746787,-9593.74030397779
4.62592833443,-13736.646757432
8.18276938048,-11239.7887363747
3.66454755013,-13264.6581590485
7.98150448844,-10210.308490364
4.26616675088,-10316.4586376943
7.6136643461,-16424.2715658043
8.37476379913,-10507.2913315864
7.0507799219,-12299.2911519924
8.32825434585,-7935.9154198583
2.35856017169,-10781.6042562282
8.02499574694,6543.08114791215
6.03042527762,-9266.91653144309
3.64648229915,268945893.871044
7.88830891943,-9480.49587555677
7.89825308983,-13274.969963286
5.68872280644,-12737.9592157621
3.35558967233,-9977.66788322975
8.24166446358,-9617.53846711544
4.14599113567,1443681.62414376
4.81815842513,-15639.0795448298
4.38369166452,-10296.7268138977
3.72370486223,-13426.8910324037
4.2714933453,-8877.10361241622
7.24231246361,-10718.5556924163
8.36414447781,-11922.3260592577
7.40200828138,-8713.9794624006
3.52319003165,-11361.4730778561
8.04020037038,-9500.9512883398
4.38064036929,-12073.7713065137
7.28820534086,-12361.1870242229
4.88120639686,-10374.7587773186
5.21692690135,-11281.387026162
7.85909652484,-12842.9880764699
8.14966068655,-9857.33696914916
5.988078364,-12748.7870312675
3.74347242642,-9230.87518882871
3.75919311207,17738667.6641113
8.28803239402,-11062.3045430765
4.65619083841,-8568.43298348559
4.10918157408,-15243.8306754091
5.77209497227,-10154.8965446066
7.41727366292,-14634.4194531435
5.49822305587,-12755.2886845118
7.8585106752,-8875.38496712567
7.3489471513,-15988.1316419429
7.49112240231,-11545.5484793266
5.88414184587,-10045.8234406574
7.41656303245,-10843.3474381579
6.22979520024,-14610.2852793056
7.84089433062,-9445.94866012871
4.31919664768,-9920.1343473536
4.23267097974,-9415.47713729543
8.01188009845,830825.746470413
8.12853353626,-13532.1894373491
5.26943762144,-6016.16082986788
2.91858900383,-10338.5025419396
5.2415125262,-12441.4253912105
5.12561829735,-8756.14760368605
7.64859463265,-11160.5498542477
4.4271397407,-11749.3930935798
3.49065645886,-12697.7512321897
7.76139499167,-7998.22460361836
8.37301784623,-6847.15360542471
7.79949406889,-10929.5144586139
3.46369370917,-7381.40793588465
8.03862087276,-10881.8296871439
7.72014810341,-14804.5192972385
4.59864411841,-10035.0465310958
7.51535542038,-11163.0495343048
5.04313240428,-12526.9792695278
7.57930619806,-10392.976110141
7.37328361408,-7676.54410730331
4.00369051403,-7206.45765186038
8.02607543124,-10922.3264949982
3.84041494856,-1693.91374765368
4.06221544229,-10130.2757886786
4.27116009496,-17403.1157458708
4.66943842822,-12497.69912377
7.87159841017,-8417.60774532043
8.20883109631,-13141.3980049376
3.30238222923,-14188.4037446778
7.76921695569,-15180.3280797981
5.70867030585,-14804.1911367996
2.98747664785,-9445.64014803309
3.82754334189,-13958.7341113555
7.94309030425,-8359.95065581083
3.12492771585,-7981.44162518474
7.1054599835,-11892.5227259468
3.9960904517,-10641.1625253891
7.74520117426,64533.4367977082
3.44245916836,-10112.0656598934
7.728666861,-11091.2994092652
6.58787284805,-13226.8240658345
8.10932868002,-10675.5673632371
5.15162906156,-9002.81126569106
7.86045601343,-11084.9186829783
8.0934188448,-8828.23141531982
5.15627416226,-15658.7661567425
5.24474460918,-13382.1648181284
4.67850189345,-4529.06598726106
2.87330061115,-9999.6641037967
5.50697409598,-13156.2737830684
7.16647423363,-18060.4097886698
5.07370569428,-13561.2722870206
3.81131750706,-13759.3024426763
3.53391686045,-8874.08189314906
5.86913799137,-6321.53898217499
8.1356432575,-10140.5307578655
4.72865753428,-8725.38017781174
7.33263471705,-16076.557542444
8.16468926378,-7565.85278916098
7.62006847356,-9967.87200837534
3.9600450366,-9864.77084939067
4.58714502919,-8962.1114874823
8.11232724127,-11163.4389984857
3.95306519125,-1681.12525848115
6.88442886953,-14963.9499517372
4.00016706143,-11143.5123743144
8.56184461827,3528659843004616.0
6.53707002478,-12368.1124822412
3.522000116,-11495.9766571513
8.40956058911,-5044.07291561794
3.46285983484,-11615.8647122228
3.79884423632,2015813699898.55
3.53766847952,-9367.60719546477
7.8960250183,-6955.50470269922
5.14211138486,-14411.3542486372
7.83764662293,-10725.6913935767
3.40881223447,-12316.3017170532
4.49397489596,-6698.29117090263
8.04752951728,-14152.1593216967
7.19928467732,-11000.752064635
3.78555636721,-12362.4023693235
8.08516849412,-10160.0245508445
8.25926549931,-9292.95794795575
7.92386814951,-12778.2132349777
3.34085438008,-12392.2308968368
7.71436397989,-10430.0152099028
4.65690870581,-12756.4308345321
7.63754302435,-11112.527777423
5.90811631834,-11025.1286979849
7.78680010633,-12784.0278141875
8.12001477596,-10055.2172814485
6.59260920183,-11615.6795029032
8.00525337969,-7630.13449572683
8.33843824427,-8755.27520046097
7.3619559341,-9860.11781850661
4.29886119054,-9424.33041379759
7.80506847725,-15044.0347652475
8.21793531912,-11818.8556812647
7.48452762034,-11631.1364120867
4.35055413803,-12860.698441555
2.61313343804,-13055.3079561612
7.45086982227,-6505.75627107744
5.47687853819,-11843.6391187413
3.55226149757,-11095.6825988883
6.62708462545,-12087.2331578294
3.26231825367,-11804.0969565712
7.76061545896,-10922.3918386376
7.71137969099,-15586.0816972643
6.07146936197,-10639.6930438797
7.76010124488,-12308.2968519964
2.09866662077,-8924.97813805003
7.8045302115,3457299252250.76
7.99432066616,-12127.5562122421
7.98555411579,-7764.91583349687
2.46763150054,-15207.5671802749
7.73451334909,-9469.37218167552
2.84876299649,-9569.81266438318
7.10213592091,-13963.7501207674
8.1721323307,-11377.4922449996
4.67903992988,-11349.8873928993
4.92775839363,-9382.32029598565
8.02177898244,-13696.1438025643
7.30646555147,-11985.256489079
4.05475865919,5605206181.2031
7.27740070896,-8765.42030131053
4.86111402608,-10792.0909466396
4.9491375075,-5434.16429942244
7.82086825117,-12895.5009268727
7.84374752757,-15263.6816643922
3.93904574746,-11103.0070908711
5.08294030941,-10942.7513078009
7.68918456176,-12808.5757740039
7.25145000453,-10654.5576639929
3.22949228818,-16467.6845765131
4.22189944606,-11284.1461014313
7.68563477678,-14248.7807846563
7.57266058676,-11716.1444633553
3.36446836538,-8433.76215876622
7.21847265455,-13213.6033222548
3.45070352347,-16652.586414602
4.9203869074,-12555.4885450083
4.97129997807,-11696.20164011
7.97483961055,-10004.3142621271
4.62392867448,-11882.8601566916
8.23750002874,-12275.7854659779
6.63216047208,-11843.7909277212
4.43802329182,-8587.63917639327
8.31349766504,28075119501.5618
4.42228394518,-12396.51616057
7.73108634353,-14343.519497171
3.74619493931,-9677.44188871916
4.60897230946,-12748.3731130455
8.01777676855,-14370.661794965
8.13062431455,-10375.9241697738
7.86281069821,-12700.6981469501
4.4082016524,-11983.2682950465
8.1652753904,-12623.369553041
5.28240002186,-13526.0896924247
4.84719301281,136486546089.236
5.13909632788,-15070.87423602
3.44263875923,-9126.73572151566
8.04976522111,-7462.6415545808
7.85025951609,-10479.3774569201
7.78168163987,-6684.79720836739
4.58570919527,-12610.2698896017
8.2840678195,-11388.4029828084
7.80010503223,-11525.2027867544
7.76556390803,-10145.3878248042
5.14705768821,-11479.4940088929
8.45520435625,-9431.36017722782
5.53077474259,-6743.63760962364
4.45835271629,2470.18367664409
7.47498291092,-15257.096779526
6.05668922775,-8768.38047814346
7.68841029588,-14708.6928468011
7.64579785431,-9956.69759654099
5.36681414914,-14537.7097519597
7.26226852462,-10976.4825107923
7.39153973508,-18425.1781779392
6.24213146314,-14977.3019193092
8.16834228336,-9577.94800668374
3.90021900117,-12584.9249622356
7.47214044799,-9834.32378758555
6.33051280386,-9640.35615285751
3.59506598456,-14224.8980826647
7.6500452398,-11460.6243845075
7.97232089581,-11182.4103907051
7.32344558102,-12720.0618238844
4.00862471406,-9309.57188514761
7.0785908495,-12860.4129535444
6.50807354087,-11308.6529021691
7.74491019,420635716.090923
6.93644137253,-11740.5341164927
2.58075671888,-13722.8117882371
5.99543984431,55641.1625858267
4.92681332802,-11682.269767903
5.20416591878,-11880.8571216394
4.25533990784,-8201.1335043756
7.90025825235,-10324.1446301895
6.27030680523,-12494.8350334476
4.3183323789,-12150.560439585
7.69755317201,-12098.1241808211
6.72087106106,-11958.7788469824
5.06276706415,-14771.2384804119
5.18202906881,-8077.61476390146
4.75292526619,-8869.06145089152
8.37386211437,-9028.25772187858
6.50813070655,-14460.1296606599
3.02874917083,-10620.4125794827
6.43668166961,-13266.8529859241
4.55507975565,-17123.4760381181
8.32288819123,-13130.9718195625
7.16324868549,845961.242144052
5.64339945666,-14510.0371991845
4.96494914816,-14851.5670368683
4.79781782907,-8642.39338118719
4.63267473729,-11171.4633694593
8.15784098427,-14521.1688768861
2.61358281704,-14976.3151606025
7.98888564796,-12029.4002481124
7.90696515868,15489712.5952495
8.39858430299,-9570.80363391281
8.14280304895,-10217.3773186929
5.17360566978,-11771.806992622
7.61989798723,-11977.8818463225
2.42065566225,-13215.1891501172
3.73052878642,-9754.61409866583
6.4266576382,-13625.7152808272
5.81439549838,-11005.214027137
8.49786849678,-6381.96615502159
6.97217045388,-18018.8885429874
8.31254519006,-13775.6906540217
7.87502131645,-15463.5387009826
4.24310652445,-13371.0521462406
8.05485038519,-7440.27521905321
3.9794615309,-10008.6473752928
3.42669997629,-13189.2654245584
7.58436251171,-13184.4455118976
7.66274337542,-13156.7723010552
4.16358409797,-18188.9497266509
7.08316867181,-14469.2537157085
6.71166997999,36791.984470699
6.47202137548,-11518.1391234207
6.96221406354,-11272.1737511726
5.40801250449,-9314.2188140515
3.9337293175,-15653.1900709504
6.28564501502,-10752.4815777093
7.99806852523,-9795.56935767178
4.04863730159,-12792.3096533396
6.97494793723,-11625.8404656725
8.00231550409,-9311.92212194996
2.82906343141,-11904.3991653391
5.13129152818,-11458.7510045422
8.23088676923,-10782.6360276535
7.08682016203,-9337.26964661414
5.06210109192,-10173.630601162
4.20392471369,-11519.8790389479
4.97670145667,-12846.8730232164
7.38287966048,-14663.3469702767
5.30597007558,-14181.5219046294
8.02516288308,-13796.3951581769
7.97475992257,-11577.7031592879
3.50332953573,-18380.4767959904
7.11140387345,-12962.8961294797
8.04011908273,-16373.8218059119
2.93690035141,-10562.2685959875
7.82583823593,4168.97693080067
7.78073616788,-9980.24311621725
8.37878719532,-13870.0756805282
4.25754722479,-1862.83328036812
5.21565824878,-8257.74771668542
7.76842697447,-9496.2173943981
3.99050961774,-16154.3802332392
6.82157397233,-12498.7273167536
7.79126991874,-9181.98255715776
7.57075565344,-6765.12910634993
7.98798023155,-11711.3129108006
8.21641545249,-9547.54985020076
7.96951517601,-12424.6300295766
5.37627404418,-10558.412193236
7.46003436814,-11351.4535489177
8.35595758096,-9992.82688816767
7.22339067002,-11940.5705253499
7.87619361847,-10424.0194852625
6.27185797116,-11984.9998886535
4.34120031514,-11859.4772305796
7.58151526229,-13732.0345160663
3.43859143711,-12497.342904515
7.45721123704,-12458.2851403677
3.54600744216,-11231.4449341382
6.45011545405,-11914.4703671341
6.13724172211,-11323.9070959703
5.9402051396,-11086.1501960382
7.86127654557,-16161.040527631
7.0075133983,-12551.1737221307
8.29574079498,1064.61380885588
7.43759216576,-10157.9215839956
4.98353959042,-10240.5242570823
3.85026363615,-14949.6643875097
8.31299387307,-10081.3793830751
3.78134581682,-12064.3797939475
3.54256784715,62191453.07886
4.1541552873,-16140.5686065132
3.52485674032,-12994.3893336935
7.58013435548,30796.4816293792
8.18215843225,-14052.1505748735
2.82177118188,-9517.40966435043
5.11158322008,-9202.52384647994
5.89074964452,-10808.2414611568
3.77489123608,-12520.0278716634
7.89618003782,-10855.6223198443
8.1266132721,-10498.7680098852
7.76497180761,-9431.04280939616
6.66832460489,-9281.38074245727
8.31644211255,84987413.2360945
5.03604307724,-10511.0220585759
4.23871003482,-15059.8749368369
8.23221285644,-9393.21696746199
7.38869126522,-10403.1262534744
7.10656419156,-13610.7496151292
8.27903164045,-8248.40232090354
5.04099329512,1812996527.02925
7.44538811777,-12446.2582237651
2.79939565175,-13117.6027173385
5.42568154567,-15614.6865029798
6.99550622568,-15722.1358931588
5.51587735007,-8076.80637257469
7.88863669185,-8393.47813489665
7.86092138375,-13968.1623883369
8.22092243598,-12614.3533765564
3.17486885181,-14065.4644166926
3.25328677365,-8515.33629049014
7.6058016067,-14155.1561298356
8.18448680754,-12296.3701800931
7.8611529194,-7638.43450138204
8.09463536876,117615.003019317
3.12245460295,-14407.2962259256
6.50780992786,-14931.7487000234
8.22909462394,-8219.67616682439
7.86038538371,-13877.7793115193
7.11038159867,-17066.9577523876
5.31501956622,-14372.3301450431
8.36548354952,-8194.5796861505
3.88852781631,-11742.6327233641
2.54388790116,-14990.311837818
8.44369463566,-10670.2831604107
4.06594871548,-10719.9689829635
4.24521778705,-10474.9581265617
5.21208687874,-8361.71413450294
7.50047062018,-10490.0950663572
4.33354974903,-17370.8374685527
4.59496391871,-15491.3121518959
8.07911943975,-14747.7712437881
3.22934663493,-11885.5033266481
3.84927802812,-12805.7114511065
3.49542256092,4974.39590913265
7.65550231078,-10653.713632244
6.66966162319,-11507.434158159
3.04941568954,-14009.5080944478
7.37871294848,-10752.9252337413
6.60095613637,-11164.5445905928
7.57470358923,-9801.68457063299
3.98179006863,-7143.05364781881
8.08873124532,6317304.99338448
5.52506488086,-8217.77629521803
5.93778534881,-8051.72099743572
8.29001590427,-10955.4506226485
3.58954890394,-11689.4002883558
6.33754605576,-11270.0649872041
8.30100763554,-11345.611835562
8.02015691313,-10014.2284764038
7.70823394771,-15141.4987154589
7.89299428129,-10706.4136391426
7.68503479707,-12790.0612928315
7.99065046078,-10359.6298397255
6.62357044193,-6964.12823143388
5.69864671769,-10286.9637517641
6.94405169724,-14882.2404198115
7.44327651817,-12786.3839968997
4.65761591426,-14358.4432839031
3.83523722805,-12715.7775150536
5.43868459282,-11829.0899657396
7.38559889196,-16939.9529971921
7.48637000051,-14131.3032298233
3.97950437555,-10495.1931957753
4.5504676141,-9042.66518376968
8.14355984491,-11839.7597602742
3.81415580408,-8943.66889353319
3.49266177359,-14083.8442382231
6.95436302761,-11178.908054246
8.15349769892,21433355.0118411
6.09481669257,-10426.3707922759
4.57315409825,-10928.3913131572
3.13067448173,-11493.293944418
3.92221118082,-13505.92996
5.89069543567,-6807.25008
5.73775913499,-12985.56429
7.9241292067,-15132.84914
8.1971100169,-13342.34008
5.06554913701,4344.986436
7.45865867675,-9195.435153
7.32507142125,-12085.1829
7.46186202909,-13138.29196
4.72930607832,-10967.88481
6.03266671763,-7064.408636
8.51777771085,-7852.385924
5.75207506551,-12706.714
3.63962005022,-8541.127962
3.37211556248,-13525.11296
3.49884394015,-13281.47815
4.06534458639,-9139.912372
7.72934234784,-11187.88214
3.76140260349,-8599.077415
7.3952022734,-11259.24366
7.85056800077,-12858.32389
4.17434604257,-8419.328944
8.0729415323,-11006.75754
8.06160967363,-11860.6039
8.1979651775,-10678.41717
8.16176178932,-13821.47526
7.54491630824,-13231.88806
7.18251854864,-12332.01682
4.34871001512,-10294.90742
7.52383262537,-13595.39414
7.49709221243,-14160.56292
4.39442754278,-16206.43327
3.52877241022,-9081.814922
6.30319838125,-10867.4831
8.24652079758,-13765.42353
7.29346279204,-10958.76883
3.26362170653,-13815.20873
8.0337076915,-14633.14671
7.93820349945,-17079.78778
3.36589755989,-11971.07035
7.2605435294,-13096.82285
3.39869656691,-9048.083485
7.65628587659,-10842.31041
8.47717474682,-13502.4246
5.25680305156,-10978.36385
7.58838656136,-15523.161
4.0097455839,-9091.750257
7.33450331345,-11580.8086
7.19322162789,-16324.7274
8.26455807866,-10402.52282
3.75873919389,-11314.24528
3.77569440975,-14173.77328
7.856887507,-11107.16485
8.38596632767,-9206.447191
4.45631956774,83651141.82
4.38898474932,-13877.33363
7.63355165513,-14317.51016
7.5738685163,4136195583.0
7.93255404156,-9216.256675
6.7366523479,-13462.43543
3.22249663438,-9162.321633
3.81461608158,-633.669568
4.37416319631,-11070.4108
7.95452446214,-11201.51309
5.35274864769,-12885.32949
7.63403541773,-10628.39429
7.61574261921,-19115.84769
3.24123427271,-12894.53485
4.66850069893,-12456.21807
7.33722272506,-10904.63919
5.38612701547,-14436.01761
4.61070650584,-11718.58233
4.66751608237,-14263.55073
7.71633192141,-7839.788805
3.11024985271,-9884.511737
5.24273899865,-11187.36957
6.17249467092,-9019.515039
3.82371915102,-14798.57572
6.36583473891,-10575.99697
7.83692481034,-13500.20718
4.89460985245,-9226.6879
5.1721149277,-13782.30906
7.73322743709,-9837.48727
3.61685063677,-13438.62303
7.73464483999,-14476.73957
6.88397923144,-10865.64821
7.98680466991,-15546.97125
3.46643957223,-15751.28597
5.50698123137,-11501.8638222212
7.87501589728,-11637.8419587104
8.30921333079,-11682.6165154644
5.06282607647,-13181.23985585
5.73303354896,-9835.14731800336
5.05042378911,-12115.4303010976
8.1638020064,-12867.9788670021
4.87239529642,-12642.5289766098
4.87357841579,-10718.6897529214
6.70752745499,-10339.4614326641
3.69868004529,-10257.0973688621
5.78394116241,-10250.0174412852
2.8041488117,-12394.067992512
7.64842678085,-3469.11067701354
3.6962693213,-10961.3482587425
6.56801023726,-11367.8548505121
8.12284615731,-11899.6903298085
7.75509840121,-12045.7461244921
6.43377100166,-11399.7981858823
7.80261649322,-13358.1766105935
4.04328014696,-14678.4560293103
4.67411148033,42714727813.7373
6.47810854267,-17023.9205150417
4.1873547802,-7899.97843381293
5.20002955915,1397322.45097041
8.30011316933,-14160.7492382551
3.34328460501,-12281.4169027189
8.03926353161,-12363.5673840993
3.44965124901,-10381.1445027455
5.13314055871,-12120.7178049987
6.32306854049,-11507.3897447952
7.28396920712,-14939.0326305054
7.73185909583,-5224.46834208136
7.30113229253,-16989.4083113579
4.80002382906,-7389.726002257661
3.33743838784,-10782.2589450538
5.97085227942,-10594.6272639826
3.88959857743,-11769.1819295241
3.10251963601,-8780.95407400729
7.32428147247,-13610.3658264127
3.60758531707,-10619.8475844339
4.72839599488,-9443.56306527768
7.6099501875,-12249.9789525001
5.36505713208,-12882.8472885369
4.80796934562,-11231.4640661506
5.28487832875,-9867.84230383825
7.88058191153,-9602.90358739956
3.31600919289,-12759.2128803428
7.2287872965,-12702.3301374802
4.13185586749,-10486.8642527988
3.35799835618,-9763.51140670059
3.47789498759,-8930.66636726701
5.71187416663,-7915.47430999724
6.02083795272,56482.3309774982
8.03046795374,-13962.680420957
4.84387691279,-14137.8538016393
5.41279553353,-8655.31972206953
7.57522556314,-15167.1489644485
5.81133647636,-10470.1183759202
6.2584072506,-8591.00152874885
5.70964904674,-11987.0384505063
4.17676560128,-11002.3328839182
6.83066662096,-9580.51522901814
3.6072662217,-8583.03913384052
3.67208815299,-14094.7678413977
3.89001931091,-13068.795843949
3.42869532249,-15423.1914754405
4.88834254928,-13144.4334632036
7.97784691932,-16261.6456601204
5.4978565021,-12591.3745970215
7.77722348579,-7200.14267503152
7.97939090751,-12012.9157604437
3.83584290672,-11094.4040666466
5.75476826219,-11743.3440749511
8.50311941495,-11056.6646089949
3.31877959025,-13640.3619779596
5.60919738705,-11472.5931864955
4.75917702408,-6929.08306025579
5.68924054475,5747828.4587675
5.12017720397,-13864.3013852322
8.18272438631,-10319.7651210217
6.43162167087,-11111.025604216
8.08877180237,-8705.51713803274
4.11613938832,-8905.80959857525
8.49369757173,35185.0352301419
4.41790700455,-8895.77780670048
7.43617028973,-12421.2714677925
5.00887572564,-14055.077454525
7.76957788387,-9046.7639602188
4.8279538361,-13438.1793544546
4.19343241163,-10554.3837101811
3.88592682582,-11090.0049393196
5.60786956438,-11553.0811206028
4.97702230372,16800230.2330047
6.89783104054,-11803.7070272656
2.95351773834,-10684.1941254555
2.40340028471,-13129.7005711245
3.15781884677,647396.515196307
4.93250744525,1179386922.85069
6.50697292763,-12329.8463909859
6.64370548976,-12685.4108542715
8.09629826224,-9611.71867348484
5.26439212548,-12536.5117702099
7.77205370397,-12075.2680723202
3.55809636528,-15256.6089639706
7.06628508009,-7887.77297282835
7.09550389719,-12162.7199304312
5.70305213932,-7902.22700429802
7.33429621311,-13661.2037204093
3.94070206086,-12340.7495195285
7.81957545869,-8192.64138644637
8.00498413646,1491.89590753609
7.59843832397,-14599.4442443963
8.19221689044,-13509.7537703839
7.72376374717,-8973.83823346253
6.79695409872,-10957.4085978516
7.728531261,-10149.7087222909
4.20223159093,-10745.0779572092
7.70849847358,-10467.8973417548
2.8125932726,-13713.006307353
4.6088426864,-11545.5284417594
8.05850367595,-10247.7482621245
4.99774567774,-9134.3327496735
4.40858100839,-8267.98878828136
5.60264008802,-7521.44703705005
7.39048073851,-10990.9438888651
4.90967548311,-11826.5378459103
4.50075130682,-12446.0510160245
7.96880204314,-9571.94717081376
4.82071707552,-7560.01779538144
7.39196685768,-12941.5838516646
7.71623798431,-11680.3646769471
7.07363320827,21061.0772564088
7.90026783042,-12638.4116018838
6.51904271103,-17204.9760058974
5.38796618992,-8644.71439118733
7.43009896532,-12098.6817290545
8.1380906509,-13497.3452599758
2.90516809409,114145.134870777
7.14528035477,9329.05962655576
4.95665650863,-12056.4917637988
5.26751299985,-12358.4781550219
6.1703751591,-6321.67842501154
4.25509441183,-9009.10780179888
7.47086383509,-12037.7371535998
5.54844878356,-10649.6822192047
7.27225116161,-10648.7008968347
4.08517130087,-11168.9287402589
5.65645974532,-10716.5409272606
7.71105584486,-12681.4039736342
4.28622879413,-11328.4259371493
7.71057051183,-8425.54989620766
5.52966082941,-12455.5705757084
4.81881102362,-11021.4456057991
7.84769645871,-12019.8576620937
4.20599828886,-10313.9775881373
3.47080736488,-10099.9187570037
5.04609993051,-13923.8344926073
4.30281848227,-9775.34460640874
4.39275530314,-2300.96223230704
3.42392336302,-9826.28845090928
3.57979179974,-9651.41892627787
8.40133732236,-9530.44341399863
5.73000160319,-7139.4570299455
7.68097668761,-13485.6815218286
8.39730834883,-15544.543565762
5.19649595517,-14665.4974838472
7.31229773419,-12198.2471191779
8.02863429163,-10825.2865611079
5.55601761797,-10472.4848546257
4.90575497183,-12267.9109499291
3.76399373628,-12129.5432783858
8.1735847672,-12660.8996816945
3.31127853021,-11881.4869021436
3.17925635756,-13269.6646567427
7.27585138179,-14354.5766480821
5.0639951021,-13302.570722466
4.59501964678,-12747.4769800789
4.52775958749,-13056.4291834018
7.47957547654,-12978.4731866909
4.43812631562,-13989.5702122624
4.53764981868,-12579.133305461
7.29102023155,-17057.7355244667
4.61156036833,-10930.7655610811
5.20832008396,-11888.8937163143
7.83474540835,-10783.3457001883
7.5675593578,-13033.1653775121
7.84736836211,-13788.6329281918
7.71772450631,-12743.9811453021
7.77463579012,-12543.5238278398
5.74914182418,392162.37179014704
5.60038380143,-7284.668088766791
7.34223478392,-11469.8147783838
7.10365942763,2152023.03666242
8.07670786826,-8517.53423796657
7.810403725,-8887.30074892387
8.18240617561,-10730.8553923825
7.81810105731,-14297.1637733915
6.05314389988,-9093.49148349456
3.84320002818,-13647.9941512439
3.0520581775,-11779.4395475232
6.62846877266,-11895.6696878219
3.25315421221,-12328.0129759912
4.58748388171,-9659.84197910402
8.15363551336,-10132.664220869
3.51863025249,519.084161848134
7.87449406253,-11679.4589446712
7.549134968,-12317.2721000017
7.96916021747,-13627.0344626951
3.06441356469,-14774.952126076
7.98295009969,-13303.9714162008
8.03315953496,-12434.8367492978
7.67583264222,-10678.5761180764
3.31684209652,-14649.3479332513
6.63888114901,-18016.4626526904
7.99809362596,-12609.8010707066
8.05990175965,-16950.1640221663
4.87320918156,20301.6158860488
5.53956264937,-13658.5090144219
7.52927230163,-10385.4254085643
7.96432838527,-9640.39568371546
4.64921989513,-12319.6667201775
4.51605231874,-10138.1447783684
4.90325069372,-10257.4853248027
7.56795996643,-13536.8232506986
6.04928832997,-13267.4613088518
3.07826850853,-10737.9701120399
2.90975007963,-13266.8963068995
7.52710212198,-12510.2647258556
4.71974087986,-11913.2598504576
7.96515443198,-10731.7732699938
5.11214983089,-12766.3088379829
5.83753699105,-13880.2632276915
5.62014594892,153484.972270765
5.2708697383,-15404.859052105
7.09063499969,-13128.821663607
7.63381914105,-2537.57902292755
7.70865443223,-10576.2633745408
7.52645524567,-15386.2606746529
7.28564969388,-13889.9529163822
7.61088717884,-9758.27431872235
3.84510834683,-11159.33579548
3.71527622207,-9584.11253202042
5.80293634944,-11689.3791210134
7.29207707726,-13022.7511262419
5.63887285758,-10758.5854897003
3.69462249354,-10166.269303004
2.7047087351,-11903.9390436178
5.8721315969,-13595.9289673553
7.99526612996,-10364.3449346059
7.9544634985,-13414.8427498385
7.53411399327,-15145.6723069112
7.87134904266,-15709.8786879269
8.1861398696,-13948.5195329796
7.36165079902,-16236.8303582996
3.84933384191,-11415.5264208431
5.74608434154,-13146.8533549943
3.85975313755,-12175.5097228133
7.92320478068,-14007.208194739
7.97903400619,-10666.628950687
7.82264503212,-12733.0405259288
5.21877753582,-11722.6168509494
7.95035082705,-9416.95211079565
4.78522931423,-10095.2997370706
8.289972626,-12076.3745319757
7.80847280428,-12841.9931486856
3.51405054824,-12469.1299280386
3.59481160001,-7828.6562400476
7.86882850281,-11199.1495321889
3.51401487957,-8049.64023741118
6.47233658724,-10067.5593989959
7.49133378104,-12923.5770570761
5.37656212112,-13987.0490515369
4.76463105468,-9929.55758527661
4.04287679889,-13842.170363495
8.46503992146,4526615.41503128
3.13711073732,-15602.6921070776
7.5324191633,-12385.844952772
7.87500161157,-12468.1536660036
3.46797202393,-12188.1086329235
7.65256615194,-12051.2283969608
5.16647143484,-13418.0043536566
4.24938837392,-14384.8064136923
5.24401197408,-12839.8842311787
8.07937938964,-12112.1600936101
7.40956992574,-15703.2731935288
3.41141852994,-12481.5779549695
7.53152864931,-10014.4827882481
8.14866692568,-12117.8180730162
7.57307659455,-12755.3134916403
7.07912932629,-9872.50491568303
8.10933581861,-8299.42175524054
7.95230638189,-10895.8641898346
5.52993260856,35565280.9868261
7.85017937911,-11541.0986504067
8.61797321992,-17115.214868655
7.80690095414,-15588.9182372194
3.94423395716,-12170.9799160526
5.7223668414,-16108.691799486
7.32764869713,-9467.91467055098
8.32865606865,-9873.57490817307
4.78918285239,-10434.5060983663
8.03839858901,-9443.09405118184
4.74676774748,-11135.0959199767
6.40594501091,-11093.6948514131
3.90703793635,-13593.0715340195
5.57135275956,-12800.0353846291
7.8592662106,-7615.75678988804
8.00165548821,-7107.87201477033
7.98128400591,-13686.80055434
7.129999986,-13512.1855995011
5.67177038681,-9649.53731855108
6.6237486221,-11475.8781731943
6.31020106209,579014294961.915
7.56301651641,-14846.939432393
4.43989178698,-13485.715538285
8.21572029885,2443.75144767889
5.63798109483,-14534.4461603852
4.85618971511,-10833.0850240537
4.34078432563,-16122.3716601408
7.3900666149,-10369.7111801532
3.33907152658,-12667.3620087805
8.09299445623,-13401.4327745199
3.22356443795,-10887.9934318663
4.05708270702,-10184.5231910519
5.21522682004,-8827.62662637481
7.45822015266,-9468.01995403583
5.09682434345,4537025.0922726
4.93787386107,-11587.4525139022
4.6330146199,3029809712.58622
8.28924506662,-10862.1337262372
3.91077758497,-13801.5040012209
6.12122168831,-11311.5426447305
7.72041879411,-11248.6479568585
7.61402339173,-12218.4886031052
7.55726705157,-12353.133092311
4.89230762045,1118.75366858987
4.07386783163,-11745.9483451528
6.66747499074,-9732.87554516886
4.76410502378,-1051.55539643376
3.32889403611,-12321.0055284423
2.7555648109,56917839.5969845
7.79897243779,-16606.810657705
3.75238354327,-11502.9289940061
6.95725212305,-13408.8185602193
2.52958767312,-10940.382485483
5.62476900291,-8126.92565042665
6.67320790534,-8701.61664661164
5.0008680863,-13984.0111596465
4.99663635781,-11996.0091132632
4.48570458609,-10870.9732554039
5.23673196477,68.9748779371676
7.20132503027,-14356.4866379364
6.50719177959,-13979.6050755568
6.37863954642,-4976.19832979178
7.60913565059,-13860.7673834404
5.66049371927,-12164.6057392784
7.4863029953,-13707.0053271831
5.73549490789,-10287.8171354589
2.90604841726,1.07991062527234e+21
7.04871981042,-18234.1308593162
7.44531324926,-10298.9878200347
3.28154387774,-11573.3058035042
7.96721486697,-11767.1143895627
4.17099892589,-9276.32100649167
3.44635722462,-9858.35220544391
7.59754160122,-10053.2807573828
8.34577032447,-11247.8425241378
4.23412451654,-10859.7473462283
3.47819252844,-12561.8886001893
6.59815230067,-13689.5151609017
3.66734538417,-12139.8189361231
4.51771354308,-14002.1117241722
3.94778841596,-14022.0930574007
7.08948198223,-9879.15749487424
3.95007321543,-12998.9762072634
7.29885394671,-12692.3650141092
7.40323914494,-12209.3237213998
6.91553362708,-10218.4974575623
7.62699054319,-16261.9559299568
7.69271642728,6284.03293825422
5.54795550033,-11339.997230248
5.06672131744,-11720.2697509018
4.34319230485,-10800.7920095424
3.97777307676,-8912.96114176916
5.1302481365,-16434.5566550024
7.49754483147,-9923.8403411071
6.94556770074,-7149.90451570819
4.53535064192,-8846.70700510667
4.62926902019,-12798.0613841417
3.1916010289,-10342.9491506922
7.77512936831,-13052.0159837852
3.06402058583,-12937.3657886011
5.62056948035,-8867.41423998521
7.53338835876,-7800.83749155878
7.79943895645,-11018.4946904904
6.77587320386,-10500.6225064862
5.54539411453,-9599.91693204926
3.90115992565,-7355.00633656969
8.54906430685,17364087.1824513
7.53845711652,-12595.9191661488
4.63512619489,-18263.3976622207
4.34089892433,-11376.282664456
8.10669880465,-8231.04901048177
3.78615761692,5966898523.70706
7.64419053635,-11285.5856972919
7.98461042029,-15079.5891666315
7.4526336395,-14313.5201331544
4.93798583218,-11156.2909777482
7.42178552806,-9334.26613860665
3.4948338344,-6441.94335965366
7.94743498658,-10941.6777385298
4.58644388846,-17470.2295552633
8.10427905304,-14216.7734584676
3.26496007384,-10690.0811065756
6.111300688,-11004.0385620311
4.06715166195,-4640.5956023265
5.52888674058,-11507.882659126
5.52751490982,-13873.530029049
8.38987668489,-11869.0137435827
7.71324717375,-13453.8397950061
8.23984864307,-9804.27075734424
4.54927083645,-14614.1644215034
4.69396618779,-11464.0957144898
3.97504844524,-15308.2550978849
7.65663824919,-11913.6543494824
4.74663343241,-9551.56509455508
4.99284735963,-11549.6526467293
6.30366494585,-9141.79677991939
3.50530080519,250755508.205011
3.79847134345,-12813.2129519804
7.57533582185,-13880.6447812664
7.73454457608,-9689.36019466676
7.49805311141,-11012.409438263
7.63136852381,-13579.0639393505
3.82449099833,-8689.62865195334
5.54384604591,-14889.4746445103
3.11668888179,4313007.33742454
6.76295958826,-12846.6026189017
3.75555539456,-12710.9381465022
3.78641535826,1700146345.48265
7.92767457235,-12060.7086387841
6.38218198794,-7471.1736144094
3.95895569355,-10668.3976771324
2.89107672506,-10894.5191591706
7.70426990345,-14115.9179939933
4.65642670909,-9762.71385591819
5.07558848829,-8798.74569415031
4.07605074155,-13211.2867731594
7.8740349305,-9031.24615003027
8.56803457887,-10354.3060533408
8.03555965637,-11035.3089725315
3.57674798846,-12725.5856542411
2.97914144128,-12068.8430010951
6.02642365094,-10063.888943208
3.60767110738,-11108.2263984818
8.41311781051,-11994.7693619707
6.76844673019,2794387.36151496
3.44785609404,-7111.87019687789
5.92440939629,-13065.079575552
5.485247507,-12176.5572824203
5.36354262268,-13457.1318045543
5.07437775155,124676756.454531
5.70883873447,-12603.9810863091
6.71030268438,-10420.6100239743
7.89132526473,-10399.4253179939
8.07162828991,-13547.0599191907
5.14078144551,-9372.07928042043
5.56768289624,-12740.9277294152
7.97455707274,-14302.2152423001
7.22552100057,7386.79949616062
7.29158970109,-16423.718863334
7.45881482475,-9732.32880327165
4.84076910533,85516850.3214454
3.79257263163,-11245.6388097943
8.16107981137,-10904.7412120923
4.91486268009,-12192.250990211
6.72894439862,-16033.7056268198
3.49320429768,-9011.77332545153
4.83699411485,-11514.620741037
7.87133661241,-10251.5896256565
2.15480951763,-12012.133624376
4.94065144998,-11969.3965916109
4.18775873201,748030894.174935
6.96976587034,-15848.8178548083
5.69941796488,1428831.44418841
4.42193541428,-10102.3975252832
7.58631212559,-6136.64217618662
6.15450920766,-9473.91257151946
7.82890398703,-13308.0956041882
7.92231755151,-16334.3734867326
3.16487230442,-15021.8459687536
7.70771541643,-13030.1149959666
7.77435101648,-12999.3611217472
7.16837991818,-17675.0207368041
4.31639779102,-9652.50436674759
4.79140547041,-16277.7968101164
7.61300074862,-12883.4083654176
8.06192428119,-12405.1091022941
6.50230344011,-5542.52508099419
4.54226033298,-15618.5036067716
3.1999568306,-10875.0688401353
4.02966047958,-12220.806223803
7.05385475617,-12478.1892000711
4.98254020172,-10791.885784089
7.07241931055,-9987.36938164858
3.46267045369,-8494.584272485
8.02132947955,-11438.6913432359
4.91383231764,-7333.75883999481
7.2869592957,135466.622677317
6.67247345282,-12986.2482364207
7.16841138862,-12443.9415856049
7.63216862449,-8669.08258497057
6.58714256398,783275839.130457
8.28023453173,-10428.2023530734
4.74145607901,-9749.36300675669
7.85293084047,-12704.3852071986
4.97750549048,-16228.20040993
5.15397888151,-11527.7806282687
3.16927288504,-10389.512956995
7.89390759734,-9346.88194629052
7.34646204616,-17863.2666214677
3.22085261034,-11486.9289836789
5.63752287199,-10509.829217024
6.53568939036,-17618.1954926574
8.49122275845,-10160.7068137167
7.71205659818,-14139.9626386627
4.61356159431,-12463.2510293764
3.64896554267,-15977.1937384142
7.45933867593,-13700.3985507915
3.95849392428,463434655618684.7
7.77142704679,-11582.2937516185
3.4700846047,-11030.0869206115
8.16062653001,-11794.1930185574
3.54875329463,-12608.5346364338
5.86916272411,-12215.9071548448
2.58284966957,-14262.7881123831
6.76822653105,-12747.1367377998
6.44634825357,-12140.6868883059
5.83272495524,-10734.8818410828
7.769663301,-2016.02054300079
4.76338446534,-11288.3282361263
7.40155156076,-11007.8796082027
3.57521615247,-9975.21235252686
7.90514487705,-10266.4088780418
5.2848915931,-359.662604078299
3.28907276873,11057601.7677798
5.74921212004,-4182.39645053763
4.27196756157,-11357.5077053901
6.57396324561,-15813.0173151154
6.59621259074,-13289.7927186769
5.70372596955,-6128.48519495591
6.31035118218,-11984.0479537103
3.37874271748,-12062.4636453882
5.90229114158,-9397.14444756368
4.51600079515,-11621.3049901743
8.30137302433,-10552.2353547395
4.39479640957,-11393.8838167738
6.83722554124,-13349.3702263704
7.89852688116,-11448.3740337772
8.40552853092,-11839.8208151527
5.08299249987,-14228.8371405455
4.86279108802,-11118.003835778
6.99422427957,-12365.0668610336
4.09444069062,-17132.9535364956
4.69176094119,-12324.6134091703
7.86716100895,-15201.4148604979
4.19034747386,-17035.2398845722
4.2167103046,-11662.4583295949
5.10838778595,-12433.8654656113
7.61303435006,-10450.1079442231
5.82732313477,-10348.1727870833
5.16531156266,-13065.0173936088
5.35271721146,4898132.15766662
4.37136900595,-11879.2014744042
7.6098999925,-10294.0334523709
5.85430064898,-11980.0776269266
8.17866190485,-9944.2677189943
5.11109649772,-14264.0088006642
8.52894476545,-7026.24733399351
5.20284850165,-10529.7496325006
7.06429959684,-12787.4888982478
3.94498480196,-9314.7046369848
3.92407075419,-14466.0065907795
4.96656287945,-10435.9928196442
7.18505878794,-9109.32335617008
2.89373380894,-10259.1073040629
7.38176007421,-13288.3158455962
8.11109922228,-14426.9302392094
7.62012016925,-11601.1662819822
3.49812240614,-13333.7049770822
7.61466972626,-8965.0580536574
3.53040293582,-6028.83782968738
6.15085290183,-13522.0088816653
5.59243851186,-12626.4718963806
4.98379120201,-12162.8322726002
4.61750935644,-11298.7693864016
7.60050200331,-8579.42043431489
6.00524046185,-10266.2772652726
3.7742424212,-14937.9104290073
3.31447341817,-13944.1500300053
4.2678392233,-18024.4062890882
7.92850931222,-13200.9864147594
7.24650653333,-14382.4143055676
4.6835644636,-11823.411881319
8.28657651063,-10580.2103721256
3.79448467374,2755.42208375654
4.46908798322,-10038.952843122
8.46260041552,-10496.4624264311
3.14761639384,-8856.26160483766
7.87259099465,7365.15723482083
7.85533467718,-10279.0058386277
2.79394880965,-6712.77618594597
4.87928051525,-11429.5910972974
8.02158874951,-8236.49103473432
5.49476038493,-14232.274586442
8.27583482273,-12739.63197109
7.08845840039,-14544.9805128241
6.41223461137,-10931.3352764926
3.22020178782,-8715.34123737017
5.99238694567,-13119.8919193481
7.69565455783,-9921.14556241533
2.75294813828,-11767.2093024431
3.34542451994,-11472.1315356607
6.23706925132,-10448.3831780871
3.12627281783,-14712.2968728397
4.36365807389,-11949.0383952564
7.96563723689,-10699.5179294302
5.03459044621,-11176.0030163931
6.5253292221,-13023.2778599283
7.92312002271,-13220.1807534204
6.84866485907,-12092.0723571946
6.76116370478,-8823.7053484194
3.30818972906,-8853.56055229236
3.92564958267,-12579.750549998
7.28168034422,-13838.3557897264
3.32686609151,-9569.11566687697
4.68635642707,-13370.756903224
8.03836690294,-4415.29084406766
4.85854905266,-15123.3864275063
8.13413158499,-14402.1664254997
3.40647705075,-10868.6162187453
4.64649123116,-11563.8341490364
3.33906126236,-12632.5988394013
6.53779438381,-15143.2268568495
8.68483792372,-11678.0519356212
6.02402340923,-12426.2200179443
4.04496781966,-11442.5466690941
7.28352458338,-5867.85880416837
8.11083777495,-9923.69650839972
7.89352563438,-12303.6709397399
7.38990092529,-14788.5309037612
5.95939072648,-6974.98906045406
7.81872936482,-11002.9887743612
7.82024952585,-14872.395531309
5.44926853264,-10906.3229086034
7.79821481674,15233033500.132
5.25448189756,-16207.6938046472
8.38627473963,1433156218.2735
7.32130472583,5132380663239880.0
4.4328291123,-9002.52844303159
7.90899688305,-12567.337211053
8.16356901805,-9021.83904843119
5.84874275084,-13678.2900546061
4.37961032771,-9441.72098003156
4.12704470416,-12670.1813110434
3.86017218856,-7249.34236373082
5.4506814365,-7177.4481621496
5.81894463893,-7904.53564058591
4.74921813397,-12954.3381587372
4.07284803348,-8855.88072171671
3.49966947146,-14493.9378034881
7.78952372464,-14843.8500603363
8.33865724481,-9658.8902891789
7.73963927172,-12293.6630433335
8.48442917222,-9079.3540825264
7.75172043352,184264463784.228
4.98435888945,-10470.4710740541
6.43767302509,-10188.9218973604
4.49182014177,-9970.03704736385
4.30897076299,-10038.65479554
4.68398013419,-10548.7216930555
3.51800341453,-12378.482685548
5.31197092093,-12216.3944197098
7.4034792663,-11448.3510038391
7.97806307749,-10950.167795875
7.08091789187,-13114.6717793538
6.75853773463,-9900.52738074311
3.71240594554,-11723.9167224141
7.55048698897,-14034.9500469563
4.94366991532,-9369.42154859155
3.32415245156,-7907.24605928366
7.40861935737,1311.779531124
7.6972014713,-10290.8435906015
3.57085389054,-12058.8999541104
4.06978645461,-9509.0205104035
8.05495640047,-10556.4200610057
4.45452814132,-11708.2696641606
7.09408235251,-12894.3868290223
5.45234998235,-5034.56026080447
3.23122814687,-13572.5946160169
5.47001938177,-7356.53258685354
7.97950360537,-9702.33995182938
4.77418266386,-12487.1837524439
3.61884205237,-11368.701741257
4.60651522165,-14883.3914194916
7.89094723534,-11502.4587480238
7.90337009971,-11792.8106129767
7.80488330971,-11667.6249199739
3.82236042615,-9210.38592936523
7.80190377745,-13064.5246244575
5.00188093754,-11261.9317947487
8.08310044581,-10174.7701640173
8.35011785911,-10419.5275826342
3.27370170478,-13810.0471738187
7.4516167511,-11256.8754641667
3.0378674151,3272.0439572625
7.96744951581,-12582.1530245481
6.10392032656,-12069.9328843072
7.77743810027,-9650.38968781076
3.28458085773,-12780.9523984868
4.56871251049,-9962.04373635493
4.64133511766,-6954.98705461143
5.84557478466,-13675.3682065865
8.14613178204,-13321.8191112943
5.21393277331,-4068.7267314281103
7.9352859549,-11280.2844818694
7.04238559658,-10642.8365053324
4.67224164088,90918.2921286214
3.67326403496,-16806.2712697354
3.94210645461,-12014.7635634927
7.15065656449,-11520.6368746528
4.19837555816,-12337.1723657165
6.42297015304,-6813.3152838376
3.684346767,-12052.6015366169
6.9649690757,-14154.7612900356
8.48866965552,-9260.24891750983
7.30189606724,-15211.6540412842
8.13866799202,-8701.69795293747
7.91412885604,-12292.7442200006
3.22961250923,-9538.79699560725
4.1597859355,-9978.29649225499
7.7451874865,-14270.1907298447
5.56933756443,-10220.4647454779
4.73856846888,-8173.81889184659
4.61698095334,-11153.0116159227
6.83625278485,-10485.6960533948
7.81898315303,-10995.3436806267
7.69191774325,-9656.35501918018
3.67424682521,-11045.1312649375
8.16449096408,-11446.4847806492
4.91991071391,-9824.59424819135
5.24606919153,-11448.3467907348
3.95187230211,-10845.4257279791
6.54761605163,-14274.7061663234
8.11749804747,-11746.0709493267
7.65709118718,-13129.5319963263
8.0597303154,-13767.5991718032
5.62502873446,-11259.1490358115
3.8053705987,-9512.08379608273
7.75270434508,-13317.3768144109
3.44139205237,-12530.9445757398
7.84963463868,-12077.6066431555
6.46880381357,-9256.97695086286
5.42977688652,-15282.5121386441
5.14312762832,-9278.53033563164
7.83616374177,-14667.0754351407
7.68712865958,-12110.0876318238
5.32457543002,-9860.29627110783
6.37338454621,834.076990139978
2.96530755641,756485072564.658
7.83539820225,-8435.77114899712
3.16519393214,-12977.6784679505
7.89783901897,-10417.6758695707
8.48993731676,-11090.2220060475
8.31288762672,-10741.9077723107
7.30402939772,-12648.1604978013
7.73690265576,-10818.8709151547
8.13671403618,-10615.7616666705
8.01900118784,-13747.8127781403
3.37279451792,-9801.14431675222
3.36266206588,-14117.7255741419
5.95477742773,-12157.201461445
8.08812628267,-3048.49061494932
8.12461112256,-9707.19043295109
7.76581312498,-15239.1684840301
4.57473322436,-12274.2772546336
7.23143076607,-13889.9765479764
5.49091234386,-12749.5117886679
3.7829053573,-9544.00105722432
4.91977338194,-11085.4448769782
7.17469499516,-10919.6303317176
7.73868979499,-11345.4895759591
7.42626739808,-12610.2253037489
7.76817253049,-7262.90913696656
7.87164891763,-10483.6117285434
4.61409945808,-10539.7324461395
8.02371538565,-8475.38966272462
4.64485125759,-12016.4271298758
4.4304259213,7471695.19062465
3.84009325323,-11184.7652246505
8.18242431311,-9626.7545699759
4.12445421544,-9852.96386837167
6.83331805965,-9639.58983014966
4.68770140029,2966.67447060378
6.72016267633,-12492.4164070627
4.08839067896,-10330.9014103213
5.52088833988,-10838.9817796405
4.07206708715,-18210.9521986636
4.80112193954,-9882.7593702019
6.66547399287,-7874.05481612939
7.83578823173,-12499.1712410022
8.01788740298,-10272.9514833216
6.65945539392,-10238.8278529396
7.40276398248,-15116.3419133857
6.9922194015,-11029.7121520884
6.03008755321,-10307.8225846433
8.60395026191,-6738.5030020616
4.31292042283,12152391.9785969
7.4685062608,-8146.84356619701
5.73549795812,-8186.90238388663
7.30562442675,13223381192.0283
8.25092146735,-10726.5982847506
8.31119593794,-16976.0391628909
5.98220673059,495966.88593280094
7.28276147711,-13529.733027235
3.76266411834,-11861.6699259157
6.7960271139,-13063.7392777702
7.36581523459,-12718.6714431111
7.80196500352,-13884.4036397047
5.93523604935,-13092.9383846063
4.75204460072,-15107.8536035994
3.2044304302,-14245.0758877107
6.93998791013,-12749.0592078016
7.198707593,-11797.5687955195
7.96654233848,-8628.03066785129
4.12487454981,-10377.5416734041
8.03407785313,-12862.1757567466
7.21356505312,-12158.064554976
7.41279005896,23316886.8612444
6.1398840105,26629836.2790941
7.66464480069,-13733.5116942528
7.87872506064,109125339.283272
8.32026582655,-17119.7689112098
7.94890277925,-10421.3421108025
6.78331094483,-10331.7942389885
7.96426503543,-11527.3436838186
8.13349728274,-14887.4606654992
7.328025065,-20023.036690373
5.14862600151,-11940.3440605956
4.73338070145,-13073.629279092
6.42728859413,-11774.5757668739
5.12534491813,-9409.60832311538
4.58874778308,-13043.3282399139
3.82069235296,-9075.786471784
4.5109692389,-10394.2244208622
4.29146435344,-9885.65568753281
7.45442747453,-9566.746989712
4.93350169494,-13705.8822647652
6.97660999489,-11124.5100395003
7.84083275352,-13315.9032514465
5.29149991416,-11818.8062129775
7.80917591901,-13905.3161410084
7.14511752515,-12876.2476868329
3.60631539383,-9938.30045478314
4.82684409517,-13747.6355476462
7.83897955462,-13753.2774625535
5.91069332749,-10083.0903624295
5.4762289726,-14104.0173043831
7.01086115396,-13033.1899784415
7.97172070616,-9303.25985874906
4.47448963275,-13246.5269237073
4.1112551579,-12978.1117662496
5.08917400698,-10376.2652986275
8.17218153717,-5331.03580932242
5.26147028485,-10824.1093630876
8.0320074341,-15060.9633737792
4.49394224007,-12771.2773670645
8.05725633139,-11644.3489184643
2.69937122049,-13132.4388810512
7.84324451358,-13996.3191049804
2.95769858899,-13315.5351098176
8.24493853666,4784637.26033485
4.72789173462,-13345.8040326809
7.53235556837,-8838.31356092829
7.87587067178,-11409.4679268847
7.66302714782,-10292.830139037
7.96021156926,-11615.9564389114
8.50711102178,8142.58428669266
3.6830095449,128219.346659982
7.56513254867,-9883.06361959296
4.60143762174,-11326.2198517725
7.51965483216,-7395.71652137685
7.50738847459,-10950.1198059222
6.70111242449,-13154.1806838167
7.81892974085,-12330.9193105292
5.51717067979,-10959.1067501774
4.33417000565,-12147.5547442006
7.7578870255,-6231.53834414503
8.64104813825,-13151.8914607675
5.06092262861,-14702.5559970185
3.38051344365,-9392.02532601271
5.18099593576,-12965.047925868
3.75720496848,-12399.0502486499
7.05668882596,-11180.6236209611
8.24023004994,-14595.3261322194
7.01565955346,-12781.483137527
7.62224626453,-11894.9537713705
7.10847144486,-15467.1554531968
7.08441284769,-12914.0863763196
7.36959989055,-9125.09543773363
5.86622211426,-10902.0953544688
3.43062556947,-9401.65413227735
7.41556065699,-11025.4720362313
3.23990176675,-9397.45685835869
8.07502805164,41514.3519037243
4.27273592521,-7764.98944976187
5.17092088867,2545778910.38953
3.00503197875,-13944.8722859565
3.12358839257,-11619.9466679277
8.01223702395,-9048.88716174627
3.78974586779,-7917.67072501616
8.05826989559,-11394.8613045368
7.69699273305,-11643.6838189253
8.0777017666,-9594.88236496305
4.24974719109,-10386.8539146915
3.56609938525,-14855.6826787618
3.2804756394,-9313.63899310785
4.29124291009,-8666.99704207428
4.98553755741,-13082.5210683219
8.35012102152,-14822.2242757119
8.01657809942,-10023.9166031952
8.12439969456,-11589.0683380191
5.14996168185,-13270.8103319097
3.44429338156,-14335.5191701937
8.38322145974,-10280.1316460669
7.35570489763,-13968.4242258651
7.54773578488,-14837.6196557151
7.98625796249,-11822.6953411842
2.98147304631,-8884.88916018886
4.32499494589,-14453.2369126685
5.34087926269,-8314.67940193106
8.07198679604,-14780.3709871028
7.77307009536,-12127.3248340729
8.12489593665,-11565.5765490786
7.93126606389,-13098.3000716022
8.06185198032,-12178.8455284454
7.92055205367,23716.3084753449
5.12631989802,-12013.2930251623
7.53804804439,-11652.0073319801
4.31331228331,-12185.4043091246
5.88386019829,-10146.0114103297
6.09877187377,-10148.4551969015
8.1221961187,-12923.8994713431
7.71009463819,-13706.39042799
6.60384263545,-9526.66242262289
8.39035166612,-10653.4455155254
8.09584950237,-10486.9537395443
3.63409994657,-9833.53016226945
2.82277659831,-9960.82011267945
7.82979746236,-14101.7337406665
7.87241824194,-10711.3785399418
4.65925759997,-9761.25826538546
3.5772242066,-12980.8982579543
5.23024836987,-11363.0882328915
2.59589680734,-12656.1381866714
5.93633938459,-12219.2871389821
8.05713573264,-9870.59926038478
2.98386937888,-13583.9951940873
4.48199465854,-9084.32632880362
5.09004105538,-13043.1139471274
3.41035691746,-8381.89222153999
6.46748516607,-9865.3986475465
5.50580799684,-11176.0928275447
4.06325813474,-7970.64164285203
8.01337417025,-9701.15086590843
3.06554864234,-13626.1179740833
3.76997217517,-15403.2415268906
6.84433450652,-9030.98662812922
7.85462150005,-11326.4684855839
7.34925319223,-11731.8023334772
5.12558354454,-13835.9052894918
5.80671312272,-10794.153492611
3.87607421045,-16474.3259474574
7.96953933614,-10201.2162082629
7.39052669958,-9687.35929666151
8.17298430658,-10599.794929087
7.20958021194,-11646.1567959733
3.66254282473,4013357.9501358494
3.09589389357,8181.81063340116
2.87097326063,-11973.024640168
4.67794527876,-11907.3152524351
3.73458688441,-11796.0394949967
6.61463084071,-15749.8420014892
5.10423481066,-7838.37352526474
8.26299605176,-12551.7785580735
7.86365249363,87148.5428633442
7.83140934172,-13719.7509493181
4.4507180228,-8721.62100640473
7.14412667029,-13924.7938485488
3.65931358741,-17271.1103797564
5.57305478403,-10395.4155148416
8.07493800477,-10032.8556927008
7.87741859654,-9280.28716621548
8.03782789082,-11533.0914447977
8.24516783945,-15101.8253944406
8.18927004535,-10039.0573362622
4.36537129268,-9498.90401585452
7.81097159379,-10038.5501383064
3.92233743572,-16250.823616165
7.81523105184,-12582.668291281
3.86928099372,-11002.8515048258
8.16665918857,-10548.0913291575
8.17809025267,-12194.3718221794
4.7739358582,-10369.3489059604
7.46872130889,-9028.42388190332
4.1962373088,-10894.5509539334
4.61962429539,-11074.6944417439
7.96741303872,479600463.24206
4.01501499426,-10562.6400277052
6.48839056512,-11439.4843869768
7.87579258453,-9261.79499498969
3.92889726648,-11128.0059726762
4.32611694489,-11747.5247647907
6.82083865634,-15508.7080403591
3.00118024389,-13811.4796174167
4.96252680204,-10059.7676624939
7.82927686219,-13685.2277561185
5.59492387036,-12985.2495062851
7.72066706048,-14314.8221387254
6.63025049145,-10844.5449725462
3.87084070437,-10987.2491403434
8.07080217666,-10326.351561645
7.9959705608,-11721.3685086856
7.80269322666,-12699.3512717572
5.86638491982,-8051.08869878298
3.71907139088,-12135.0051095331
3.56013880773,-16651.2684763442
3.96662833708,-13305.6788477597
7.60548131098,-14609.2063805906
8.21093480191,-15430.4617692973
4.19783273749,2539514.46346965
2.8673372534,-13759.8525687473
8.08805991396,-8360.00066182983
4.78728582779,-7678.78113961069
3.92534025299,-12242.174518673
6.12622076115,-13702.1480424564
3.60767082696,-7955.13015697608
7.01268768015,-15615.9630951897
8.01173298471,-11964.312867696
7.41536169301,-6546.48059039747
7.5846083856,-11890.3660900125
2.79751726606,-13902.160058355
7.69448613798,-12803.8343158916
5.92213226611,-12924.2568082242
8.39673453395,-10411.3420792638
3.48545993201,-14247.9755819603
7.8729425879,-11026.2089652742
3.46327259838,-13379.3775177767
3.0816445616,-12947.8592397742
5.90903772966,-11006.2251774668
7.78553016388,-15096.2960809272
3.70637632831,181228.093509068
5.43902447594,-11946.3304405028
5.12298575573,-11446.5495885003
7.88709061077,-10185.2895518318
7.84956100838,-9054.95339099994
7.47820056372,-11949.3083420554
7.81702744807,-9202.93481450071
5.57157406188,-8622.4142062465
6.38159444364,243598137.283231
4.28722269066,-11779.7143089114
7.79336836445,-11605.2379943657
5.60222216436,-12120.8405122424
6.99868174749,-10724.4164334384
6.46089404848,-11805.9681944201
4.38134674356,-12334.8380417275
7.85198905384,-13213.681344876
4.89504336122,-9234.11746136252
7.7634262273,-14490.8292764805
8.21260743081,-12816.4865961533
7.82850712271,-13651.2438006787
4.74707540041,-21303.9547068698
2.83511598501,-14693.5167355892
3.97502945913,-13036.6276889264
7.39962879738,-11099.040008089
4.6253125326,-9749.52346803143
4.43469230445,-15292.8391470547
7.71009104174,-11728.0304514987
8.38834617241,-12494.8259541289
7.96283700947,-11565.3578770906
7.69230667748,-11487.1550422098
7.12665745209,-15736.7113612889
7.4730121062,-10745.0228688464
8.1379010895,-10577.142362652
7.79140349768,-9562.87486402872
4.3286093468,-11297.8555375653
8.04125849753,-12584.875191159
7.69965670494,-8954.36888401912
3.46601303668,-11634.5826100027
7.18642807164,-12793.0354553565
3.73300440686,-9579.1692220899
6.32738165801,-10518.4181634378
3.2208094458,-13819.9841304018
7.138929882,-9787.3147100895
3.7516037288,-12098.5128665959
7.085469406,-13139.7380192323
6.02640335806,-12114.8051418378
4.30939305955,-10584.7569635556
8.02469617673,-8970.20269558612
7.02742311078,-10107.4977779043
7.69958086276,-14686.9437399757
3.81634833857,-8256.28231287408
7.7159308942,-10006.0182328972
5.84101002808,-6620.76713467483
8.14758926594,-16148.7625059242
3.97995271686,-9376.52210806672
3.96046355576,-12258.5724796337
8.46716923513,-12270.7952640167
4.14282439391,-10317.102915231
7.58664703574,-15608.3002181306
4.13767099939,-13010.5518746215
4.83640690568,-10478.1558115439
4.09709659201,-13469.98741879
4.09558981591,-8602.35790885547
4.58960095104,-12836.4421338278
8.13111212449,-12694.0653297907
7.981047577,-14197.6270838718
5.00732888657,-10981.6314437926
4.12725260109,-10450.8943086961
7.94838828864,-9842.39667358113
7.38009937043,-9850.84478649913
5.0182452403,-11822.583859826
6.42681628989,-12125.392805303
7.9892499158,-15027.1435596737
7.82903440477,-14621.1418211879
8.56900560126,-16396.9883714597
4.96857739288,-12398.1312029036
6.21428441069,-11949.3229742739
7.60211994519,-9301.13064342925
4.0708219354,-339.317248645442
8.3118193823,-7654.1432100101
7.45576188161,-13607.8577628296
8.02892823724,-7641.77103552093
5.5321488473,-16568.4230040957
7.53150778276,-10091.6516634634
8.01550614935,-10862.2233646143
7.09701777269,-12666.1656609954
3.66794756629,-13102.8868803329
6.2543469017,-14022.2714765114
5.65606572818,-9269.12718529594
7.72764536945,-11777.3741210406
3.82533757384,-12343.84864601
7.80239265357,-11532.2614690208
7.86355774733,-10085.8361283415
5.42812003435,-14113.9708333985
4.96890756297,42163.1016075471
7.3486451347,-8759.62957721733
5.82596012318,-15893.1791346709
6.55095952189,-12357.1873916546
5.7061946529,-8201.9630740281
2.91254202744,-9842.42896884531
8.16995434021,-10036.668580388
5.74583605802,-6311.85540634952
7.65824033149,-8275.56628557393
7.54525580852,-11308.2307680167
7.8313248729,-13077.1561549658
7.92042145906,-9611.21534474423
8.24065216792,-13427.7917290052
6.77677442717,128651889.418705
4.92921160057,-10479.1270150331
7.54940946286,-11569.7788456487
8.17625575637,543.092484504359
6.75252223388,-9076.7154751193
8.08062954007,-11462.5034556789
3.99761264053,-9564.0962280148
7.729800853,-15585.5258141289
4.11920707858,-11697.8070276524
7.6298918216,-14259.4244832174
7.79834295068,-13527.2771819053
7.00724332848,-16047.7942092461
7.48504476435,-8977.12036219743
4.21961440749,-8934.80058397856
6.55879953564,-5968.23390962995
7.58565582472,-12288.6307180052
4.89806707034,-11964.3261944531
4.45358173738,-14211.2949987554
7.78129589262,-10374.2264736246
7.7880651817,-10871.7530371034
3.09536237833,-9838.80293397736
2.78990559621,-8794.34834891566
8.29267387858,193429.576672772
4.15852055396,-9612.870620991
3.58682595138,-9371.29799315472
7.6016642565,-10709.2708683327
6.80001349529,-11976.7278145378
4.42883851039,-7388.74171692997
3.40452289701,-11330.9423830976
4.23078139167,-10207.6710697719
4.65847810537,-7686.62554477343
8.0762010705,-12503.6676743579
3.89837136977,-11781.9488953023
5.61840749224,-12165.7088346331
4.68018642442,-14064.1091926152
5.82889614391,-4954.609812247
4.52760405544,-11463.8628393915
4.68030845719,-9935.64391788938
3.95234937268,-12043.0330406367
7.27675542347,-16660.107933941
3.3891719426,-9740.43816950014
7.37662945834,-8218.68142619394
7.94455791805,-13072.3433310717
6.62791145832,-14454.4817182881
4.81145701227,951766.864283054
7.28471593117,-10479.053448091
7.03108858065,-16683.9247855464
8.13612033361,-10354.7386106904
5.83640571661,-14153.7104871404
3.90055684633,-11297.0310902361
3.19656208968,-12696.8992300466
4.86594705757,-9439.25748143918
7.7460320137,-10277.4167397374
4.25727185684,-8985.68832251869
7.67830932559,-12671.6291667238
7.75746041678,-8405.6421177864
8.22317398878,-13181.6790350345
7.86367514001,-12436.582992492
7.71549400401,-11835.2885843684
3.70882106122,-7444.42318879106
7.62080313605,-15581.7302314508
7.86943857112,-11693.3963838989
7.04594509468,-12889.559747307
5.30922453849,-9609.12928307118
8.45014303518,-11012.5187828947
4.70305750084,-12028.624188919
4.11076142424,-9464.39658694658
3.66164322703,-11390.265720733
6.11755950645,-11691.3776456445
5.89998344618,-10285.0299356182
4.80823165648,-13264.4842804013
3.98864911086,-15750.2385359903
5.29672787176,-9394.65636264234
5.1003292166,-14597.0750486925
8.17635244428,-9766.84182626277
5.96889107301,-8367.72517653964
8.07198309955,-13092.642745579
7.4899567296,-9630.74175857406
6.4093266444,9702.33730297378
3.81899254514,-11610.1583194476
4.62611544171,-10805.0333085902
7.07538534281,-12915.5444100304
8.04689414445,-14827.3826090166
3.97521295964,-12731.0855907756
8.01400006033,-12783.9398102255
7.64526763444,-12193.256515287
7.93365763405,-14124.6089022747
6.43575475936,-12307.2818159656
7.47149127114,-11420.6672592789
7.81391654226,-13334.5098287509
4.70022552824,-8576.76039278853
5.60359209269,-13861.2024471133
6.03361911377,-8814.67624520656
7.57490807232,890011.869879317
7.56497747679,-9992.35042376306
8.34085913756,-15985.9154085157
4.12604229045,-12829.2985819596
7.62665759578,-17843.5514022084
7.8723948691,-11396.2840327068
8.24731612912,-10009.5031638595
7.64660500414,-11714.934899994
8.06966984224,-8683.62197343063
6.7567040579,-6766.55846556458
3.86549963269,-12808.0932475247
7.95001088201,-14967.5690443698
6.88810171967,-17327.642901541
3.53340232068,-11733.8583558024
7.92320814022,12299.224625774
4.31012948123,-13310.1692799665
3.08900619779,-8570.89376671045
5.85594386887,-11627.6951513449
7.85383461098,-10075.3154798665
3.61629488531,-11010.3926904522
3.58433332164,-11012.3579656798
7.82786267428,-13118.2056243673
7.70278734534,-13802.2282306903
8.57988291936,-12101.1654927477
3.97356745257,-13340.4314723778
7.06743119824,-5206.25084386299
2.95748624528,-12711.3674115967
7.74581144935,-12816.5114568421
7.84276564762,-10550.2204245732
3.65153595562,-9663.54582356051
8.11348237491,-13360.1176426635
7.99678817311,-12374.5761287973
7.72635634513,-11539.0628292371
4.74839616267,-11671.6135611582
3.53307810843,-4888.42114407189
7.8698878017,-12772.738135236
4.49545541193,-11609.1077355101
2.97860585267,84863.1141439189
4.02240889446,-17492.009955309
5.3978009286,-12789.4871916243
4.13837345956,-11942.0609738896
4.99649874098,-11268.5515308903
2.99171627907,-10419.0519854321
3.52524749042,-14809.5002493051
8.31276900006,-8905.19621787456
6.44992641142,-13478.2947065097
5.12807032924,-10472.1365955777
4.70478875855,-15114.4361135492
4.25868674691,-10855.3224062561
7.95706391315,-13051.4945462183
8.42310784833,-12793.2953939037
4.69577640497,-9526.16849929454
5.36057601905,-13491.1557921266
8.2063568476,-12498.6278903851
5.34639475929,-7889.12130345026
8.08880070725,-12817.6549483633
4.0010943925,48439386377.0838
7.74716086891,-12218.5939568196
7.92324247397,-11481.1006222439
3.05621578795,-13746.5832864249
3.12024754483,-14715.5621570632
4.14151042303,-10374.8885172431
7.79361723598,-11772.787344694
5.35089560722,-8469.92531226006
7.88628960386,-14071.1014859118
5.2777100598,-9610.19471284626
5.4525593353,-11302.5731186616
8.28224342855,-10888.4525178899
6.6986454879,-7267.68167579248
7.5156940598,-9260.66667996633
5.95795240219,-8755.68310856587
7.06075379661,-12172.7039599062
7.68043337371,-13404.9397952719
7.67704876081,-15490.203513473
7.31086097759,-13886.3055127317
3.64099194569,-11936.4958460748
8.09828186175,-8073.42509543631
3.91360351774,-9277.66412776465
4.91908019085,-13099.8502717212
4.25006955472,-10208.4708613322
5.89837138062,-8049.36764354521
5.99171591481,-12477.144708796
3.69533701901,-12541.2847156561
7.67144402665,-8598.81628996415
5.19052033007,-12615.5379205933
7.39536655754,175524620519.268
6.98053928336,-14255.4895296423
6.68153651741,-13485.6329603806
8.09317460986,-10755.9461308626
7.45926595857,-16080.5170276793
8.10112348263,-9265.01804929436
3.91731565078,-16526.4304420005
7.5494315544,-14151.1087786421
8.06002699169,-13554.9836444288
6.24002039399,-11520.1261239185
3.6637907149,-13005.9869867367
7.45842470207,10993887.199513
5.83336794172,-15509.2903104962
7.59478985333,-11635.4173487696
5.37010146204,-12567.8580739881
4.46387508786,20944143.4117821
6.11437032407,-10934.6250512708
3.51370914817,-12387.3143229833
6.55867731152,-11401.3020988884
3.34130536111,-14867.1522593115
4.41832482934,-9706.59273938057
4.5057129781,56520478.6791556
4.0627019401,-11968.3835607592
3.70901353469,-12114.4761140508
3.5850502619,-4180.91653912024
3.76760669843,-11497.9430315174
7.70075963751,-2081.57886630322
5.6875754277,-12988.935584964
7.91785208245,-9410.01562154161
7.57766424321,-10885.9195739904
3.45039986104,-11586.247562406
8.30157517902,186153781.292793
3.34571399215,-15456.6268476821
7.6269455606,-10795.7416941438
7.84780339409,-17626.3187770016
8.27995330999,-10860.0569003328
5.05614858114,-14158.0452295772
6.94568336137,-12625.4929842315
4.7206660079,-11970.0055583676
7.99069921542,-11032.1364063992
4.14553056173,-16691.3760744368
7.57339076315,-13201.1112339099
4.36807672172,-12131.4280098686
6.83897551496,-12162.6952167605
4.3589515961,-6353.51375281663
4.06586564029,-13483.6281537472
4.92387755153,-17619.4706459851
2.82727883997,-12262.7030476483
8.213419081,-11810.2149928872
7.84850323093,-14809.9643986112
7.88222857446,-10140.8798407683
7.33709083646,-10105.6057735784
7.69716539875,-10398.4051997557
4.04465955174,-12680.1732923803
4.80081298823,-14252.4970672918
7.13994465558,-15793.5470126391
7.92829076905,-16976.2309891903
2.80059448442,-11840.2560917686
5.5860507821,-11765.1519103112
7.88523705388,-15564.368316131
8.26166566521,-6961.67675935927
7.4732219747,-8582.6664407225
3.11172159164,-11844.7191484269
2.78366619168,-15646.9400254807
2.61202137879,-10971.7964298101
8.13108515534,-10065.9389417476
7.19918966397,-16851.9712408337
7.73629501625,-14642.9119677801
8.04931904764,-14847.3573256306
2.87827041428,-13120.1601562061
6.34541688034,-11283.1851236567
4.08034356558,-11242.9691656095
5.25096910076,-16181.0482096694
3.42749020634,-12329.9810772527
7.77465417359,-11265.7044978299
5.74668706293,-11363.587488841
6.07983073702,-6136.08508664647
7.74360931629,-9060.47254497642
2.5647680451,-9329.08687870066
5.10981021579,-13714.4715066424
4.47832216707,-10299.6589500812
8.15487869314,-8715.88704826965
5.02587928336,-8456.01861967815
4.61609107045,-13560.4248093752
8.0386688111,-8079.20932715244
7.75167007745,-10242.0933913383
7.91974143463,-9676.41472423778
5.35706357043,-7186.499934906071
3.84831885906,-12272.1291625335
5.01144815252,-8748.07876263094
5.34210453988,-13969.1621940808
7.66538980884,-9290.32428924298
8.53043362911,109590153.364629
3.46954732256,-14648.0869806198
8.10553521357,-5446.72469856232
2.94264040948,-9141.88834144831
4.28965196931,-16247.0998322925
5.45671708591,-10413.6387540308
8.10479988291,-15084.7511298137
5.17253914997,-13951.3698392135
5.30396551904,-11730.5772177158
4.10541661551,-13662.5103200853
7.12758455674,-18719.2021883794
6.78623745521,-9308.35036546339
4.68739319661,-13652.8571049262
4.65196246613,-8475.99252304091
4.00323819191,-13004.3694739726
4.85157268269,-13026.5032020889
8.042113038,-10205.6756555715
7.64177121081,-8319.26194929612
5.0869009557,-14502.6389831282
8.1051632383,-8819.4186820179
6.30194099764,-7988.53208905961
7.01366783104,-11309.6595759041
5.56158498483,-13633.0566245531
3.87193872967,-2270.35995573718
5.0293629242,-15570.7973508142
5.52260712843,-11231.2114444489
5.08991949764,-9529.69807671949
6.76341784196,-12480.1192121836
8.0922610727,-17204.4841648689
8.07001406799,-12066.7280565886
7.28173036691,-13819.1022746769
6.95713408962,-11633.7948611408
8.51389913681,-12042.7645237815
2.95554340921,-14000.2302163029
7.85883223237,-12502.3459078091
8.03955805775,-14288.3273979322
7.85448749249,-14931.5968882866
8.07345779908,-13519.5430634737
3.34161630201,-12672.7997180127
7.6305407106,12488494882.5589
7.74460247151,-13824.9313061268
3.94904969519,-13435.0400175757
4.54226230278,-13670.3940450523
7.19907133292,-12282.4679765286
3.35129158298,3178302.65467857
4.61494901951,-10349.2395855079
8.32596616397,-12708.2970359975
5.26376111671,2.7881768583727e+17
4.93668871418,-13941.9159713838
6.3489278495,7885492383.17885
4.60724072039,-12455.5489206974
5.46245972442,-14845.5740068034
6.65102023389,-11394.7846031758
3.45473879562,-11615.0358960595
7.63818161892,-8477.0968620573
4.74237891331,-9415.28826561641
3.53960214889,-9221.0965851573
8.26358474251,-12561.5966506752
4.23632796695,-17539.2383401825
7.8993596641,-11383.663035535
7.47225707824,-10902.5936572575
3.2287410966,-14469.6944907283
6.05725780985,-9088.12881190554
8.53164177622,-8224.15511426648
4.34629977715,-15472.535512138
3.94611799104,-7476.07951406813
6.70922836867,-12985.8550560235
5.10400975008,-8501.82548660249
7.70859317169,-10825.369687877
7.8312983724,-11389.3636471957
4.79918507833,-14284.5108056241
5.62006158815,-9277.99651781577
5.4890837664,-11564.4529753386
4.75828876283,-13715.1760299053
7.81349234322,-10131.3037070737
7.91811261538,-9003.98298525216
7.45566740138,-12534.283332328
3.19108901651,-10094.3359371479
3.17995722649,-6534.45637111576
4.27234576499,-10016.2168581036
4.79624636659,-14393.1402304973
4.72345186806,-14204.5110038465
4.70708284962,-2058.65991097912
6.46435373585,-8318.70065405351
3.14553968496,103853755.927154
7.85009307479,-10831.3823052949
6.69283521054,-892.578684715589
4.9896084079,-12008.6947944443
3.06179960482,-10150.5162961803
6.14324997278,-10760.5846828147
7.88004127515,-12767.7344037139
6.27552646165,58813896.5130822
7.85888356886,-15157.9088092603
4.12728250878,-14415.4507535598
4.82108413478,-9745.28789109258
8.07241995933,-10135.4059839674
2.08836201935,-10433.7761220638
7.42552974477,-13037.1213207168
8.06402244438,-10164.846788687
5.77734034545,-11245.1950622182
4.40322411144,-12139.7470256609
5.4302595856,-8183.13385886184
8.0595873427,-12328.8069820547
8.08138203777,-11405.9468533423
7.73192728074,-12316.0135933549
7.61172152561,-13962.8562131051
5.24046452423,83790.2772881506
7.89366509927,-8041.66217826524
7.28655994755,-18992.926276872
7.99825320854,5471.40155503991
4.87014683448,-10827.1677441351
5.24672250308,-8628.83330280897
7.87331854942,-13316.3706400258
4.82091281763,-12609.7390553895
6.4600383113,-10842.6627077025
3.17830243363,-12907.8158766733
4.93018768797,-9829.43429758134
4.11506525547,-9888.90946882949
7.39818618017,-12456.2774846741
6.93060013763,-10588.914876031
3.25656801136,-9000.49635719457
3.56856194621,-13869.3829530087
3.89002494831,-14209.6814998751
4.33250122673,-8068.81035892405
5.36076199098,-10025.9390493579
4.18770101842,-7269.81194278912
5.3952050254,1085311765.01567
4.35516465139,-13056.9752323114
8.24266044906,-12204.0945481923
7.22447758873,-8708.5663786251
6.26257543445,-13346.5046906686
4.59385629988,-11597.738749694
4.05473827783,-11884.1836906365
3.3697285544,-9471.48986308534
4.87889719508,-10642.3935109672
4.52816940339,-9571.628943016
8.01412889956,-9766.9230723325
4.858723478,2435919.52084672
7.35477435551,-11852.4492002549
3.95855007773,-11460.7292550068
4.68040578157,-10203.0674687359
8.44074297907,34390676.7158447
5.91343411737,-10413.0084127471
7.59863770172,-11388.8648533408
7.55148946373,-8489.51541725736
3.5864230326,-13910.693534604
7.59366376731,-16707.3044191562
6.64558878616,-15486.6006352996
4.03276414793,-13971.102158811
4.52680971568,-10491.5963558998
7.83917229094,-12787.2851235841
7.74260897865,-8871.74104293323
5.07356877975,-17340.7162148974
8.27752520406,-11921.0472994454
4.10614616174,-16433.9638335235
8.33529195982,-12818.9700680286
7.91254661951,-10770.0170984377
7.35001817129,-12915.7365429492
8.04613314365,-15094.7139706095
7.52490345795,-16979.0012970214
5.97286205583,-14848.477447023
5.32838952032,-10876.2925984715
8.38209301693,-7598.25810354936
7.34223390767,-9396.59377097728
5.79939676805,-10081.3541536191
6.64393732415,-12613.7995929521
3.88221990036,-8628.36982333983
5.43566326857,-10440.9307054008
4.86369783904,-9881.0495971191
7.9431525224,-15391.7213991035
7.97173673636,-14885.4008978872
4.11458757733,-14149.7549720031
7.07988903913,-16183.117590886
4.01205536821,-11275.5769078998
7.42161890226,-13881.9933536056
6.74258595919,-13991.8953966763
8.12319911038,-16236.8184419237
8.07023668567,-7813.81879681685
5.20397746759,-7493.54392243573
8.40318945314,-10300.6957397759
8.1381268627,-9851.02763989494
6.13586456821,-10089.0188674477
8.32998780089,-4947.70161787002
4.90314125825,-12544.7418213745
4.75696683173,-12975.3506086951
8.28844136659,1.90529092538026e+16
6.07494142227,-12813.0559028242
7.47725477553,-10559.6638894677
5.76747152007,-11613.5397908954
7.30914163748,-17439.6699426303
6.9710234776,-12942.9771994726
6.20627558541,-11268.201031177
8.34224154376,-13778.8693326639
5.21850715006,-10923.8913847013
8.07282010847,-15946.9127999755
8.55136939023,-10302.2117549493
3.99663911535,-12641.0537070512
7.79798143017,-13237.5033228348
7.6395132094,-17073.7232562454
6.43333930075,-12421.3153116133
7.86627906994,-14007.2396804981
4.21037735681,-13316.2487401978
7.97725391077,-13355.2686837815
6.33152442251,-10988.919095644
7.44646668972,-14466.6453377125
4.89668141322,-16427.2833684782
7.43402231711,-9926.4534372421
4.66137520714,-11512.8097241888
8.23550509791,-11250.227450844
7.42423749048,-13067.4352251787
5.32789723283,-8859.30513834931
4.93438665816,-1552.40238894097
7.13818397247,-13313.8647727963
3.76112627158,-10696.0392822677
5.37342133118,-11799.6696400785
2.68965607001,-15152.2617083185
8.06363265541,-8853.33419311429
7.74954749277,-8965.319021
7.29169198746,-16429.75291
7.8957090545,-14352.86891
4.07445299745,-11182.77647
3.94749267415,343230202921.0
7.76272737036,-12875.91323
7.29690134571,-10865.63431
4.28459019575,-10337.73886
5.84499687378,-12988.99243
7.12274891043,-12230.91426
7.99754629283,-13202.77734
8.23902751476,-10950.83177
7.67634075992,-14195.16985
8.39437748106,-7784.11438
3.58927831988,-14083.69559
5.92377456373,-12746.53095
7.22218673622,-14047.41919
7.95886566687,5832.52984
7.2438353855,3789897890.0
2.8477062335,-12745.47409
5.50596061459,-8020.422542
3.92014164381,-13349.79522
3.73924456821,-9676.249603
7.77836967426,-13515.29699
5.11154566969,-9559.639451
8.30209717733,-9892.346921
3.87439555845,-8543.012802
4.8973372528,-10548.94023
3.61154138708,-8117.561148
2.80483981052,-7440.216134
7.79915437571,-10477.67971
5.95180581153,-10923.37464
8.03662080895,-10589.58236
6.97644151642,-8291.840813
7.41948365327,-8857.347399
7.8680077426,-13492.8577
5.5985644153,-11111.28658
3.82542945361,-11119.98216
8.26311494125,-9237.338389
5.02666942732,1000100385.0
5.62106138478,-11289.01891
3.2452209753,-17222.7459
4.1547951568,7556771.991
3.65028908329,-14999.26953
4.18743269932,-9708.354543
7.86611035594,-11348.88344
7.40309210479,-12874.15492
4.88196906633,-10282.45695
3.965548524,-11475.40402
5.75900021593,-10621.91643
7.52419715672,-9103.962085
7.8608505097,-9707.198678
5.62804666324,-10298.31641
3.45127681664,-12044.81658
4.59199977003,-12671.12132
7.88554741561,-9259.516536
4.74700967872,-9849.482166
4.4245112426,-12733.08146
7.79480044151,-4475.028339
7.45692808364,-13563.56946
8.09295931894,-15735.94752
7.55498744254,-11707.2157
4.0031243601,-12422.57159
4.79244413592,-12934.29148
4.7994233662,-14044.25583
4.72356973461,-10777.06271
5.66106844661,-9987.12926
7.63088916617,-11381.75892
5.48573071553,-11842.8024
2.98259222412,-14355.49175
4.18068385455,-9509.683109
7.99872737386,-13498.61683
3.19771269887,-10056.66058
4.16550244084,-14798.60962
8.24634012149,-14308.54591
7.77546212097,-12368.15492
7.93415870953,-10760.49935
7.94155661927,-12368.20269
4.94545390496,-10129.18439
8.32191115053,-11301.19235
4.72397061792,-11240.81538
7.63397458345,-10625.95923
7.79801078791,-9144.980074
4.5411554814,-12293.56806
2.62135813855,-11240.80719
6.06754352146,-10320.59386
7.54249044526,-10229.70078
4.05227843107,-11163.6736
4.49665943625,-10275.79842
7.88173993627,-12458.44489
8.25248217821,-9584.963286
5.59621505351,-17410.18435
8.25153829368,-13307.13639
4.29763757159,-15512.40695
3.65375246332,1693.573447
7.27539462095,-12564.94904
3.98105823258,-11794.43703
8.22512092906,-9222.115479
8.12877123018,-14409.50914
5.27529760247,-13727.78072
6.3944452248,-10717.75894
5.17919655576,-12651.51926
3.78992277631,-9601.516994
7.51674130166,645512013.5
5.68506693306,-10940.76748
5.48237594088,-10310.98
4.54984439049,-15017.63173
8.15540697505,-10888.55584
7.81046393504,-10332.30139
5.03482197965,-9475.409324
3.45532773661,-12533.81647
7.94424359221,-8479.41399
6.27527137618,-13272.63983
7.87440876133,-9533.208367
8.57633973376,-10692.54412
5.66342878454,-12124.28481
5.64449970899,-11306.98557
5.35108951531,1016713.161
3.90593998021,-10593.06565
7.78157803667,-14957.15081
7.81279344075,-12345.72647
5.6305303536,-10711.88355
4.76094862894,-9571.301415
7.39000691926,-13099.09628
8.01341007907,-12880.36554
7.79051738137,-12724.83216
5.00943772437,-6355.593316
5.72884336024,-8600.188396
7.52440456442,-14131.12613
5.75959542542,-11493.46389
7.435408904,-9822.884931
3.91899905988,-13583.47628
5.01688190735,-10340.63235
8.32078474922,-13188.27433
7.88858835505,-10986.22771
7.49253374296,-11544.83518
3.27520890337,-13003.1034
7.80420207323,-11401.99569
2.56356507628,-10113.16437
7.84153583893,-11325.76593
4.70778741479,-13046.60504
3.13569238515,-15409.62461
4.25150855259,-12952.66703
5.89755958784,-11781.99817
4.92379010979,-12547.70212
7.83982071404,-9547.031352
7.92505842895,-12698.68327
5.12704180496,-11100.39411
3.71884154246,-11703.88572
6.702602353,-12400.67581
3.29130846875,-10749.11169
6.38813533072,-13360.25942
7.56726137026,-9581.844171
2.84041581037,-15791.3295
6.31646332837,-15686.30798
7.69502577045,-11245.49546
8.0932859273,-13092.89806
7.17792571257,-10968.60307
4.0820726334,-13862.07495
5.72761135444,-10879.78518
7.60259980805,-17896.0455
3.80008058131,-13697.1805
8.25095979037,-15099.23696
6.66440708768,-12296.36064
7.76745214672,-13530.91449
7.73114132004,-12209.58865
7.04663149504,1.29e+18
7.83093104083,-13013.14029
8.07026206511,-9467.714341
7.67562617037,38320.05488
8.57447076586,-9686.7988
5.94437911085,-10774.55537
4.47111064999,-7560.262021
3.75744530074,-11258.23807
8.02538380845,-10566.94228
7.9207555943,-9735.686647
5.86969631132,-12999.99804
6.37509797853,-13600.41659
4.49992845396,-10140.17008
8.13887567041,-12305.23817
3.6802505658,-11717.86108
7.51564675041,-10852.34469
5.64073098709,-16807.18365
7.85575274095,-10968.80502
8.39334769512,-12810.57716
7.75508330612,-11147.71812
7.66816957568,-178.4113642
7.62337783208,-15884.53926
7.71689826452,-9406.897269
3.39278741251,-10334.6483
6.81743692842,-11422.75748
6.0197321858,1442960.877
4.1019655025,-16515.78644
8.18885472847,-13123.30489
7.951960361,-12636.72911
7.80395248856,-4996.630938
8.12038529871,-11611.55418
8.06680214816,-8755.255027
2.69756311667,-12973.41133
4.53081592595,-12110.15525
5.54776926476,-9844.0544
7.14398446002,-12953.11551
4.71505273685,-9922.73175
7.98327098104,-11135.4458
7.44268946024,-13887.76295
3.89019656835,-2643.05243
3.86906866612,-13668.96537
5.43992668491,-14558.70267
3.08396433357,-11093.71948
4.51597662475,-14528.75404
8.10319553943,-10514.28128
5.3689354975,-8538.022525
6.22735268858,-12128.33281
3.43477733398,-11528.82795
7.88419404522,-7863.928317
5.07017190713,-12871.86043
8.18431653009,-15390.1813
8.33093762903,-15448.70525
4.62493455787,-14693.73434
7.77878365102,-10222.87958
4.17020805536,-15188.87782
3.04059977712,29938062.83
4.20942556638,-9672.513529
5.56971634348,218932634.6
7.96315469839,-12588.54268
8.20330733784,-7358.081413
3.21049975325,-11725.11332
8.1253100532,10373017.88
6.22386399475,-13253.96718
7.85033043955,-12454.2711
7.82476461743,-11796.04123
2.96472813088,-12739.41493
7.80339041761,-11028.03795
4.53038156791,-12983.83331
8.05921275961,-13466.27615
5.73845534215,-8403.000787
4.13301023802,-12668.2108
7.97609243126,-14434.19386
7.63173400542,-11219.97311
4.28428641742,-8083.665821
7.26877544848,-14766.21185
5.77300478532,-16096.02811
5.97601675752,-10441.85845
7.3972597146,-14222.20042
7.74075146094,-16916.5617
8.05525515333,-11131.61634
7.37805516271,-13510.09081
6.04955948229,-10535.02943
2.74939636293,-11968.62882
4.85332984415,-11854.88691
5.10576792546,-10563.89511
7.77975811684,15177.2093
7.52418281662,-13971.04881
8.19138415887,-11093.54293
6.82125749872,-16099.74722
4.59442155359,-6400.307817
5.86721006513,-11440.1095
5.53834638675,640966.759
5.96685313056,-9112.261494
3.10256505038,-9336.170106
7.16674152329,-10903.4407
2.82379843709,-12308.77599
8.32628263802,-9710.196656
5.79578415607,-12801.38505
7.99531694171,-9764.517549
8.19656844597,-9021.791201
7.73898305287,-11704.30651
8.1625778,-13559.83368
7.86666102622,-12689.61048
7.96485004111,-10652.05643
3.24674712452,-11628.46869
4.64492524733,-14746.5819
7.69432519421,-10144.34631
7.50160350114,-11045.83621
3.94992529008,-9577.736292
7.16393824416,-11749.5671
3.11799159911,-13059.9463
4.62615567345,-13414.66057
8.06520512766,-10654.26737
3.173826103,431816.3772
7.83385317392,-10473.36134
3.3934639568,-9026.106357
7.79777804776,-10638.83685
8.03037459267,-12987.39037
7.98837312578,-11844.16902
8.19955721718,-12654.23725
8.61860880775,-11961.80475
8.18670980309,-10251.15321
3.51761528267,-10628.08062
4.84485951479,-11617.94523
8.19815589304,-15695.96646
7.28711325654,9399.074007
4.16361803188,-10519.67642
8.01002051007,-9377.50317
8.34139086183,-16604.49234
7.6155202984,-9148.883656
6.7236126773,-12924.29982
7.65661696215,-9216.239817
3.46822988178,-10458.61205
8.16531239795,-15610.1992056678
3.75788505617,-13831.4223226432
4.41181579637,-8807.79604396957
4.18137048484,-11622.6724730287
8.61929489906,-8613.82206254127
7.96789769474,5485962.49802654
4.82718375136,-17458.7351899645
7.07470819105,-11471.0139358994
4.74532206242,-14898.3949672092
5.82040445324,2892114094.17924
7.62238175817,-11846.9150907224
3.83225486854,-13626.5123830464
7.61274228938,-13644.7759174865
7.21714153969,-12065.0089419272
6.27494491112,-14878.7018824759
4.71748450858,-12481.3201209812
6.24645901367,-15440.7218178838
7.73346944763,-12520.5481020106
3.02428431762,-14818.9021229575
5.53548746078,-12790.5112820361
7.71542188825,-17236.7443137918
8.00295041348,-11385.7315530114
8.09853358408,-9534.52264427922
8.2606752654,-11746.6383880217
3.06320878277,-38.1059758104821
4.57878064768,-9935.89391325136
3.68918962871,-14008.8001578463
2.88369224895,-13729.0870346311
5.19679053806,-11780.3211346569
3.52584431707,-10308.8445031497
6.19239920862,132767086239.266
6.78031483968,-15402.8719443857
8.10330322159,19624599.0108402
4.38926397538,-9734.11675798661
4.60308755207,-9529.15342599137
8.03110522164,-12160.9872300456
7.93715438847,-9776.84038089439
8.04628823062,-9856.46580685385
5.54429429946,-11981.1787871405
4.70309734258,-9742.95125762515
6.50971466463,-11797.4888750952
7.75851820662,-13147.4008754088
3.71425569043,-11512.289193325
8.39081931363,-9942.30190348773
5.55703256699,-12166.6566471186
6.37971327743,1970096010592.37
8.17517966947,-7739.7857231371
5.87751169271,-10853.4524235574
4.99385914407,2035.49906202791
8.13714766913,-9677.57717311982
7.78645710527,-15543.8031477374
3.40283261667,-14044.9965931004
8.32246359679,-10355.3373618596
3.00703171028,-9314.48204878842
8.15620660592,-9987.55433105534
2.59832343378,-13166.7042533028
3.5271360272,-11411.4471403141
6.61357798437,-13749.603415514
8.11437709761,-12175.7487813352
5.97051476736,-12857.8740287335
7.67765371953,-14657.2028489968
7.66087348659,-10808.5156290677
4.00777986883,-10631.1799949159
4.2957720514,-10744.9967205304
5.92642072268,-11916.9393984937
3.77813355355,-2607.10425305794
6.17050135561,-10791.953301864
3.62136091104,-11783.4392817561
4.22395005283,-14905.1799604502
7.66744577683,-13491.8916301904
7.07463612879,-10741.2800717723
5.21524695739,-9927.10122218113
3.23246371655,-14634.47937399
4.89744887823,1718861107.59702
7.21078790102,-14442.4796314127
6.79929432765,-12535.4316306861
6.16267086864,-13256.6569675008
7.80732416035,-10707.0768114482
4.87262449512,-15673.0702717518
8.01432529084,-15996.4601582525
5.03387563965,-15024.5057380297
6.87534636629,-8810.60951152573
6.88054528743,-14310.6362433022
4.09616201292,-13630.4592005583
8.08648106808,-13224.7256609366
5.51325200791,-6445.06473743022
5.07039635357,-11851.4360649078
5.44697406459,-11017.3615579009
3.55475505274,-12339.1580217395
6.88686501684,-13113.746121404
7.3929669847,-10699.1444314108
7.12001897428,-16686.7316829366
6.10643162012,-9353.26333739248
3.53313693095,-11976.4890536578
4.77372096285,-11912.117747599
4.20932256093,4054.1626847904495
7.47887324632,-14315.3805867986
4.36382012856,-11839.7169748089
5.30968897593,-11497.8283900217
7.27704000425,-14817.4447903559
7.43778736383,-9002.54858490473
3.71808706506,-14131.5318628864
4.93487511958,-11237.2480603839
4.55405449373,-9409.40321867075
8.37271461954,-11100.3437010054
7.6626521119,-10111.1287702278
7.74911331996,-16944.6024219948
4.05661198287,-11149.7449849251
3.12908951726,-13046.5043951006
4.17835902816,1785623.80987081
4.0850289471,-7914.12656033907
8.21174409784,-9209.49175486078
8.05941709798,-11075.3325526747
7.3728924405,-11167.5861633805
3.27999612297,-14063.7451252847
6.28485554566,-7992.50532274591
7.77452208008,-7637.12797739753
4.43714714669,-10474.6132800608
6.15191894787,-9834.70209090961
3.77734116312,-10604.1260186263
6.64642038511,-9465.73190697024
8.09850412694,-11007.5205493671
7.13981432517,-17136.9173335923
4.04884658376,-16187.6933932104
7.82349300757,-11808.922695486
3.85707490968,-9046.52283713874
8.00289527629,-12074.5507673729
7.54695130645,-12952.9496779259
8.23960582406,-10288.1701189716
7.12815785282,-13366.032831098
7.23662473976,-12552.8393745882
4.19348521406,3103768.60321085
8.54798021315,-11337.5554682267
6.31850105456,-10230.7176465983
5.42097933493,-10951.3753537897
5.81282485033,-9493.72891261384
7.97024030868,-11053.8989499983
7.30815893395,-14876.0563674453
7.74140472696,-13830.2078476598
5.25154652441,86002.4118245849
3.39109958454,-13638.9529495027
4.3859585359,-11979.9252276431
3.80933730723,16883764990114.3
8.32434759887,-7777.57776611417
5.28218956104,-12229.4681146893
7.96488128631,-14378.1195766479
8.22136992063,-9878.69042806448
5.24016407213,-10160.9815825653
7.72061484574,-11486.5306574265
4.97500101912,-9504.68059273713
7.96763722689,-10755.8422257838
4.42826480302,2019137.11288062
5.48588823222,-10437.0547699059
7.6800213288,-12885.26237528
8.56095843888,-11280.7192339092
5.81594043825,-10393.4478499575
7.76854464701,-11726.9923193273
7.86082409961,-13853.5071554843
8.22885691554,-9866.10935317816
7.54097394423,-10709.6231992459
6.35322060597,-9632.19899864927
4.35828927038,-10010.589488693
5.47803717623,3898092878963.9297
4.97408452061,-15038.9452558628
7.27338544949,-11198.7300012257
5.1088676312,-1052.98443561039
7.89170841076,-16602.1666460725
3.25238744743,-9840.03587175574
3.17718681738,-13477.8541969185
6.48938135574,-9119.76283795038
4.5432655039,-8404.09412012533
6.93192917464,-12810.0743252173
3.76730726517,-8753.83898616981
7.88625744487,-8533.0408232723
4.84070637725,12527055039.8292
6.90464373522,-198.035751121404
3.29677642574,-8683.34661930718
8.11961735331,-11465.9851314332
5.58458754924,-738.479334999745
2.92603147106,556880657.528035
3.71765948012,-13806.23748392
4.96053670098,29453.1824380049
7.46767575714,-16138.4604592859
7.50776115831,-12937.4426946342
7.68893441441,-14315.6987526273
7.74498237509,-12179.1479799419
7.60603223659,-12584.4656034798
7.46680964922,-15443.6485959303
7.57630746207,-9835.31310691664
4.77437285676,35816893.5747442
7.73828798332,-10505.5500337257
4.28991381029,-12083.2942972537
3.01363225583,-10031.212706275
5.03683366217,-10288.0631525526
7.78496789097,-12292.4258901156
7.16662288219,-9987.31393765031
4.96497613163,-11929.8540940231
3.02405108315,-8844.25292728601
8.31621625804,-12629.4443978178
7.72362834228,-12423.9137664776
8.02135489459,-12031.3744446914
7.98895119381,-12033.5585616247
5.20513837655,-8626.03277041245
7.63023694466,-12131.462142016
4.43493677848,-10099.9415424767
7.2000485137,-10612.6662028265
6.23255678975,-15404.7619570928
7.51262306633,-9428.70430621651
5.90481380549,-14820.2500657835
3.10449077585,-7684.31514111813
4.54380037008,-9636.79912232567
8.09036049288,-9725.49931616337
7.42177868941,-13988.6326505477
7.56438515274,-12387.9560302513
4.98163526611,-8449.98261409153
4.62101217269,-12846.7844789216
5.70041896629,-14170.6159798717
7.80387599634,-9524.40899784276
4.65186180381,-11959.7360488671
7.61368109188,7747.13362976411
4.59507023021,-11521.8975493969
7.9419825376,-9953.24648556978
5.46483427033,-8593.35197244965
4.03992758344,-14173.9984602818
5.35243129211,-12871.4601767607
7.61589004051,-12686.8847569741
4.18869272292,8830.48236124674
7.55213772131,-8723.80923588734
4.21656927671,-14003.4215154597
5.12625661732,-15194.6420197524
7.91446874493,131871969.070866
7.72926667446,-12691.4750046635
4.34709376022,-9217.8540528823
5.68385347665,-12792.2648842524
3.36166709274,-11345.5457847238
4.2090360986,-11992.4650407115
6.59684924772,-10670.7410529226
3.56995788713,-9168.50822554574
8.45203920187,-8348.74697920028
5.39102469182,-12194.838814242
3.79855156094,-12806.0836580567
5.3749992736,-10243.4490844189
8.25844738211,-13058.8732088843
7.652426275,-9806.85605734887
8.08586414776,-15480.1167798931
5.92270447573,-11205.9521350285
8.01221425197,-8356.61604864539
4.65637486305,108900.713627295
5.56633492696,-13401.4989010178
3.98289399889,-10805.9223129518
3.76770695866,-5482.08552799339
3.57109434798,-12936.3809653134
6.94431468731,-15171.9276989934
7.43057489703,-10777.8434595702
5.27907805553,-15122.4552675768
7.06631160418,-13592.8795362946
7.03518299549,-11215.5711291848
7.29227071537,-12023.9859678768
4.95687174228,85066018002.5162
3.69899125229,-9570.2561439847
4.5332254905,-10650.7274300972
4.23947485,-12847.8777010857
5.1498178891,-9912.62547519137
5.46958160058,2578575839.845
6.44380849556,-9930.96889104609
7.43753112436,-9314.72484474296
3.57481632392,-10953.1303757878
5.56162752899,-15808.0236211994
3.92234692642,-13607.3762739447
7.433534652,-13739.7401962498
5.15562320425,-9302.06734305183
2.7149061419,-11266.3722936516
7.25824626202,-11828.338269358
6.41958840335,503065651797.46704
8.10276937513,-9966.03068468006
7.41066628463,8430.59676456133
8.62778059808,-12029.4820350203
7.50556951165,-12342.152245656
4.28444094494,-10992.8964662985
7.66028426595,-8213.49074463197
4.63635565249,-9634.79879129715
7.88143022166,-17190.8160887497
7.50965727905,-12286.9427365438
7.55264863993,-9949.78147389275
7.27171639708,-10949.9007900932
2.77644264271,-9427.84241914431
8.26247729037,-15155.1947701811
4.19446375518,-11145.7202005435
7.63844348047,-12954.2561347811
6.75448667833,-7492.30929035707
4.71224044183,-7136.20882145834
5.93075518261,-16114.9165040721
7.86789415078,-13692.8378659723
4.20653363284,-10665.1524356018
5.02793660626,-13151.2117002448
4.65905340838,-11362.4735009127
5.53577814212,-12220.0650161666
3.86599935995,-12135.1540427846
6.95577038907,-5862.09279807893
7.78545637171,-11349.7447806386
6.06506461806,5771849.65496693
3.37715233134,-10201.576830862
5.70563008313,-9481.37956937675
3.83243848548,-11550.2278054579
3.50349495976,-9797.06041243752
7.82062858659,-13218.9819759724
2.80380685876,-8871.02854919772
6.59930977037,-7550.504615954419
4.66505868558,-9826.28017348885
3.58123412074,-12503.924839055
4.55012019818,-10307.816470259
7.63225919025,-14710.2312466325
3.86887660158,-9277.62242746856
7.47056592615,-12644.1027226
4.01999752637,-14026.9485181506
4.04178002924,-18674.564162109
2.88013986158,-12109.837803374
7.06305432972,-15412.274457402
6.05000292786,-13684.1476061819
7.81174742179,-12338.4210833458
5.84354682984,-11214.7555548586
8.240936185,-13700.673802459
6.76733313949,-12290.036217254
3.23511423056,-10061.3600261551
6.60654240667,-9201.15815593573
3.74655725032,-14207.4166582895
5.54773517047,-12538.507658644
7.86850527251,-11971.4119827552
7.95553901811,-12050.2765495702
3.4282264123,-11889.0811613942
8.19786554399,-11945.2646125518
6.80722391988,-14657.6545671108
7.29061583076,-10654.4983464127
7.96000321527,-14450.1416874047
8.10453082892,-13034.6880664035
5.2230033221,-11554.8778738836
4.25916749411,-10428.7795373963
4.80759479428,-9709.54821141692
4.83901512538,-7723.19782167052
3.30625325527,-12862.6883460217
6.97300564813,-12580.6737666884
5.88437427944,-13819.890713451
5.63473867249,-8505.27631757934
8.02830882421,-11319.9135387705
4.01715272631,-11350.406103973
8.18394189742,-12185.0924943144
7.65705789788,-9178.25943432788
7.59016601335,-13709.9695577729
4.88428021955,-10502.4000775268
6.44637350207,-17834.1220358004
7.76928157674,-9731.77706205709
3.86695285079,-11121.4015804016
4.50133268392,-10056.5317919089
7.81228271587,-11675.3117693437
7.38141296741,-16010.7863617457
4.90915354044,-12475.4939251184
7.9899900956,374698532.783204
7.39131862582,-15200.1370858031
7.93768725496,-11314.4536739321
5.51006385191,-16792.9886965857
7.84101387628,-12478.8503511579
7.91250516605,-10960.224545412
7.05878843198,-4771.45826864824
5.22459799452,-9677.83311162945
7.25609690544,-10855.0076510909
3.23901319471,1405865.16396883
3.44403566313,-12374.8823383979
7.01977516165,-13549.5662482184
8.00391016903,-16887.9990398915
5.44572953201,-12733.1928283706
7.36693599434,-16174.183050548
7.87508328092,-9354.23239670766
7.68271487178,-13017.9664094995
3.95499660784,-12502.2758619817
7.59836454548,833534.564040022
3.98932509383,-17252.5233155893
7.48473235423,-9005.2134520254
7.0104963548,-12844.1941597664
3.32667284448,-10677.5042702967
5.15372052456,-5637.41819755236
7.2579883168,-10549.1791274887
7.83696979111,-10615.7736457288
3.94564728154,-12288.1372288104
3.27196565955,-14926.5098192912
7.94631145693,-14490.0474961543
5.60174244746,-12864.3867598624
4.26520296541,-10598.4707620825
7.4664818247,-11384.0225820352
5.8567773383,-10230.412792058
5.38610153643,-10001.0844026372
6.66612508806,-10818.134681364
5.81584164002,-10484.6156206439
6.97531297356,-11128.521505356
6.44637446113,-8815.40023159549
6.31626321805,-12427.5430948272
3.2638520445,-10729.7890489808
8.33686508,-10477.4686545679
5.09453158315,-9262.24740075271
6.95627802728,-9198.67850726501
8.51839762139,-5241.84133123993
7.43898877579,-8515.53133602143
3.65162890204,-13579.4463680803
5.4054240754,-11927.812189066
7.75582325834,-11950.4833932642
7.062778007,-20777.2340557911
4.05963339856,-12873.8713694215
3.99289090435,-9057.79590295364
6.02718884589,97434376.4304468
4.25405616621,-12037.039084037
7.46006223105,-14899.7041771437
4.81714870776,-8006.94617912533
7.28405935116,-11493.3200742646
7.95919262383,2122241198926336.0
8.09491724178,-14659.5717143252
4.18780107758,-13311.2527518842
6.28930082553,547897875.996932
8.16443079137,-12956.3682195064
4.82019301093,-12356.3256802011
4.12304330083,-13940.6642308023
7.91607756715,-3959.64368308506
7.37671824309,-11277.6730302966
8.03369284251,-13428.6622673304
7.88262920284,-812.138018878752
7.76387489091,-10220.8955231779
8.371587681,-8535.66063089317
7.70729383735,-11713.8300408468
4.40373533903,-12199.5505783692
8.51229628332,-12747.048971497
5.0784997093,-9276.28025459241
7.60717368222,-711.854707530611
7.6819818783,-12992.9847156131
3.9657651501,-12093.3670075921
7.59950465477,-13365.6990846296
3.3186453336,-11740.8815297916
7.47335255438,-10313.9562952736
2.84426197715,-11515.3782859274
7.74363598594,-12761.1890580881
7.71601916689,-17368.3050142976
8.130870351,-11677.3541056441
5.08505651893,-8692.8472968655
6.45275189193,-11407.6134952798
3.39851921211,-11026.5811620317
7.53241396468,-14637.8998249668
5.12850190196,-10463.5285719535
3.10406629379,-10393.4059483856
2.95519209744,-9902.24468725058
7.63322796513,-14668.8499254525
7.12821678935,-13178.9199498739
5.44367988752,-10506.158448526
7.79648231276,-9505.41015744378
3.93423515448,-11311.6759591069
7.49365406533,-16396.0951430347
6.40104980232,-11400.9170614287
5.25688277636,-11225.9949812158
7.51945897182,-15680.7168047008
5.79416609567,-13030.1399087568
3.83749164039,39648583.404238
4.99379749449,-7682.62641377223
4.37363564395,-12143.0916101592
5.70733864681,-11429.1722356683
5.03279738656,-9683.07380182887
8.15726639507,-11725.4955754135
7.53828428203,-13906.8656514039
3.18081148249,-9515.50909789426
5.60273485426,-12183.1952830441
4.13805090059,-9749.11575361052
3.38683218317,-14847.0420940402
3.42584723458,-10852.9540781177
4.76252494169,-17178.3883342543
3.16896815517,-13352.3310519354
7.70808636326,-8940.96032138389
3.52371357625,-13550.4518823753
3.50472493472,4977050.1925986
7.98333906118,-12810.6171897629
6.74694671015,-15721.9938479447
4.79007141306,-11666.3788963731
3.44642775852,-11243.3964771317
4.95778466747,-14856.124426604
3.01111803984,-8887.47460917718
7.09161008095,-11877.4401029564
4.0519812386,-8828.03558578448
4.14059522362,-8917.44540337505
7.77834395983,-10096.7454547601
3.97750554443,-11568.5060967518
8.20440193851,-14771.8348463339
4.51610023244,-13607.4060885805
7.08551075603,-10894.6918639209
3.78712032559,-11081.7690577085
5.71141430111,1066313.49990718
7.82798381742,-10059.6028339517
6.50553654005,12600679015.4567
6.38887137576,-14155.4670886174
7.50378095384,-16043.7386748019
3.58545368105,-9294.14809717685
4.50505371637,-7730.03225915718
7.80429690834,-7972.31916347273
3.27749213783,-9702.57619070844
7.23717546474,-15881.0348852119
7.75206259326,-12794.1929967506
7.88330477353,-17049.1431593931
7.79174452613,-8342.26947031921
2.65798381917,-13954.5970503614
7.89688858257,-9143.25988307399
3.07018776103,3048.01319912992
7.49737985394,-10963.2822347885
4.52517339286,4445.03730130163
7.47527420703,-10495.4660774859
3.79625334559,3768188005225876.0
7.17101730346,-12466.1386674702
5.77989480877,-11490.2934957064
2.98896368395,-8731.84400868311
8.10957737862,-7862.85384120366
3.86926472165,-11888.5231471249
4.08329553925,-11014.4174984424
8.23796196632,-9399.95267168623
7.76489653045,-12271.4031558321
7.78007293486,-9876.26083959466
5.46174610046,-9153.87791779426
3.79674754377,-11408.4023732049
3.55418045775,-15236.5887719768
7.90952790499,-11635.921254291
3.19234581414,-10491.8519946998
8.37061275288,2638034677.11235
4.2533541644,-7371.19960813188
3.75584626473,-13871.9182863048
7.41942785998,-13260.6576283514
4.70356505435,103176127.534446
8.05075444549,-11673.0474896103
7.50297218444,-14163.1290707796
5.1477762746,-8836.88898697791
6.86829278251,-8914.13990962194
2.93542440899,-12931.8394310987
3.93684967015,-15823.200728458
4.24757562781,-10008.4444459757
7.40590703348,-12355.8061208669
7.2926762309,2463822003.06344
7.92599874977,-11961.2999310684
7.29289317538,3040176322.73071
3.40841992488,-12956.1592924593
7.55167429813,-12464.4648186581
7.54929394986,-13217.6289181601
3.39644122273,-11786.5102898675
3.2005659254,27313691926.3504
3.81213647146,-10774.7335947111
8.11430387696,-11239.1672169254
5.04910718924,-13596.61260228
4.66574923633,-10860.3742879792
8.05996860733,-12975.2461125813
5.61624818922,-10912.3224492874
7.28971855436,-13299.6583629526
4.33519959745,-13021.3474503211
3.78783987429,-12212.4284953734
5.26426363245,-12808.9570523321
7.05116500382,-13572.3885737355
7.78434083744,-11209.9221993675
7.69148598162,-10489.4988896133
3.69864520533,-11419.9546506021
3.9440244641,-2574.65708111667
8.25610227012,-10529.9824316715
